episode_id,blue_cube_count,red_cube_count,successful,completed,failed,scenario_mode,seed,progress_stage,num_blue_total,num_preplaced,num_remaining,preplaced_blue_cube_names,recovery_planned,recovery_augmented,recovery_completed,solver_recovery_attempts,solver_recovery_total_attempts,failure_reason,failed_state,slot_index,frames,duration_s,path_length_m,displacement_m,x_min_m,x_max_m,x_span_m,y_min_m,y_max_m,y_span_m,z_min_m,z_max_m,z_span_m
episode_000001,2,2,True,True,False,blue_tray,90007,0,2,0,2,,False,False,False,0,0,,,2,469,31.2,1.8099542752557622,0.3953444746539869,0.3965299129486084,0.5596063137054443,0.16307640075683594,-0.1311657428741455,0.1681276559829712,0.2992933988571167,0.03206232935190201,0.4532385468482971,0.4211762174963951
episode_000003,2,2,True,True,False,blue_tray,90009,1,2,1,1,blue_cube_0,False,False,False,0,0,,,2,223,14.799999999999999,0.713728607260794,0.11538590531783811,0.45602166652679443,0.5633949041366577,0.10737323760986328,-0.14550256729125977,0.011786222457885742,0.1572887897491455,0.03338555246591568,0.23049181699752808,0.1971062645316124
episode_000004,2,2,True,True,False,blue_tray,90010,0,2,0,2,,True,True,True,0,0,,,2,623,41.46666666666667,2.4186200268769005,0.39012560809955876,0.4441068172454834,0.6908607482910156,0.24675393104553223,-0.2501802444458008,0.23634552955627441,0.4865257740020752,0.03309863060712814,0.38905271887779236,0.3559540882706642
episode_000005,1,2,True,True,False,blue_tray,90011,0,1,0,1,,False,False,False,0,0,,,1,242,16.066666666666666,0.8298976897270953,0.3546608140070607,0.5012917518615723,0.6326239109039307,0.1313321590423584,-0.12735247611999512,0.19558310508728027,0.3229355812072754,0.03320542722940445,0.26786738634109497,0.23466195911169052
episode_000007,2,2,True,True,False,blue_tray,90013,1,2,1,1,blue_cube_0,False,False,False,0,0,,,2,257,17.066666666666666,0.9608428198636622,0.12111428270823908,0.45099830627441406,0.5617939233779907,0.11079561710357666,-0.14825105667114258,0.14673316478729248,0.29498422145843506,0.03350327908992767,0.23741474747657776,0.20391146838665009
episode_000008,1,2,True,True,False,blue_tray,90014,0,1,0,1,,False,False,False,1,1,,,1,450,29.933333333333334,1.6676598279029236,0.20609639416251987,0.47975683212280273,0.6832276582717896,0.20347082614898682,-0.07066750526428223,0.23122644424438477,0.301893949508667,0.030588366091251373,0.3823053538799286,0.3517169877886772
episode_000009,2,2,True,True,False,blue_tray,90015,0,2,0,2,,False,False,False,0,0,,,2,495,32.93333333333333,1.7957965010167793,0.19663663697820152,0.4247865676879883,0.5673587322235107,0.14257216453552246,-0.13009428977966309,0.19531691074371338,0.32541120052337646,0.03327523171901703,0.28644123673439026,0.25316600501537323
episode_000010,1,2,True,True,False,blue_tray,90016,0,1,0,1,,False,False,False,0,0,,,1,242,16.066666666666666,0.9938921573656491,0.25813091026134966,0.4496910572052002,0.5649898052215576,0.11529874801635742,-0.0644075870513916,0.2488100528717041,0.3132176399230957,0.03328028321266174,0.39019665122032166,0.3569163680076599
episode_000011,2,2,False,False,True,blue_tray,90017,0,2,0,2,,False,False,False,1,1,solver_recovery_exhausted,approach,0,432,28.733333333333334,1.5667630616657378,0.4737225023640501,0.4147810935974121,0.6095519065856934,0.19477081298828125,-0.00747990608215332,0.24844789505004883,0.25592780113220215,0.1047176644206047,0.5106785297393799,0.4059608653187752
episode_000012,1,2,True,True,False,blue_tray,90018,0,1,0,1,,False,False,False,0,0,,,1,302,20.066666666666666,1.2339554883827506,0.3429145871264634,0.4006842374801636,0.5076144933700562,0.10693025588989258,-0.25713956356048584,0.23532700538635254,0.4924665689468384,0.03317122161388397,0.41560453176498413,0.38243331015110016
episode_000013,1,2,True,True,False,blue_tray,90019,0,1,0,1,,False,False,False,0,0,,,1,223,14.799999999999999,0.8732436741527183,0.4324788784357348,0.4732787609100342,0.624096155166626,0.1508173942565918,-0.12693166732788086,0.24267733097076416,0.369608998298645,0.03297080844640732,0.3793662190437317,0.34639541059732437
episode_000014,2,2,True,True,False,blue_tray,90020,0,2,0,2,,False,False,False,0,0,,,2,604,40.2,2.2509811766446024,0.5931378333929855,0.37997913360595703,0.6127591133117676,0.23277997970581055,-0.2700357437133789,0.2450394630432129,0.5150752067565918,0.03283672034740448,0.4499220848083496,0.41708536446094513
episode_000016,1,2,True,True,False,blue_tray,90022,0,1,0,1,,True,True,True,0,0,,,1,295,19.6,1.1077885422544986,0.33396075483852805,0.4493446350097656,0.5303994417190552,0.08105480670928955,-0.01753687858581543,0.2618875503540039,0.27942442893981934,0.032386310398578644,0.5184587836265564,0.48607247322797775
episode_000019,1,2,True,True,False,blue_tray,90025,0,1,0,1,,False,False,False,0,0,,,1,270,17.933333333333334,1.066470155075594,0.29670968992190994,0.4958244562149048,0.6040749549865723,0.10825049877166748,-0.14577484130859375,0.12754929065704346,0.2733241319656372,0.03318162262439728,0.48153895139694214,0.44835732877254486
episode_000020,1,2,True,True,False,blue_tray,90026,0,1,0,1,,False,False,False,0,0,,,1,280,18.6,1.0185958784028424,0.46438236032831365,0.4158555269241333,0.5886991024017334,0.1728435754776001,-0.1688830852508545,0.23426604270935059,0.4031491279602051,0.03308168053627014,0.3997378349304199,0.3666561543941498
episode_000021,2,2,True,True,False,blue_tray,90027,0,2,0,2,,False,False,False,0,0,,,2,515,34.266666666666666,1.8848787220951058,0.25858525976065055,0.42946290969848633,0.6402819156646729,0.21081900596618652,-0.1386115550994873,0.1872159242630005,0.3258274793624878,0.03258994221687317,0.41449788212776184,0.38190793991088867
episode_000022,1,2,True,True,False,blue_tray,90028,0,1,0,1,,False,False,False,0,0,,,1,276,18.333333333333332,1.017136907777784,0.33861735190288217,0.5094976425170898,0.6808102130889893,0.17131257057189941,-0.0192338228225708,0.2460625171661377,0.2652963399887085,0.032644711434841156,0.4630938768386841,0.4304491654038429
episode_000023,1,2,True,True,False,blue_tray,90029,0,1,0,1,,False,False,False,0,0,,,1,282,18.733333333333334,1.192854325920202,0.48801391147238554,0.4145829677581787,0.5944113731384277,0.17982840538024902,-0.15471267700195312,0.28138697147369385,0.436099648475647,0.03297113627195358,0.47568291425704956,0.442711777985096
episode_000024,1,2,False,False,True,blue_tray,90030,0,1,0,1,,False,False,False,1,1,solver_recovery_exhausted,move_above_slot,0,436,29.0,1.8865559513099732,0.1829293899947527,0.46549296379089355,0.6264023780822754,0.16090941429138184,-0.22884714603424072,0.2161710262298584,0.4450181722640991,0.03282932937145233,0.37306511402130127,0.34023578464984894
episode_000027,1,2,True,True,False,blue_tray,90033,0,1,0,1,,False,False,False,0,0,,,1,223,14.799999999999999,0.9585412136896065,0.49544409880618695,0.36419451236724854,0.6070866584777832,0.24289214611053467,-0.14984536170959473,0.3051438331604004,0.4549891948699951,0.032483406364917755,0.3217726945877075,0.28928928822278976
episode_000028,1,2,True,True,False,blue_tray,90034,0,1,0,1,,False,False,False,0,0,,,1,288,19.133333333333333,1.2120883442434955,0.17426476521530262,0.40806639194488525,0.6286760568618774,0.2206096649169922,-0.163763165473938,0.23482728004455566,0.39859044551849365,0.033311136066913605,0.3076947331428528,0.2743835970759392
episode_000029,2,2,True,True,False,blue_tray,90035,0,2,0,2,,False,False,False,0,0,,,2,467,31.066666666666666,1.8776022301671613,0.35697779586796974,0.3812522888183594,0.6473572254180908,0.26610493659973145,-0.13457131385803223,0.29006683826446533,0.42463815212249756,0.03221319615840912,0.3016577363014221,0.269444540143013
episode_000031,2,2,True,True,False,blue_tray,90037,1,2,1,1,blue_cube_1,False,False,False,0,0,,,2,240,15.933333333333334,0.7301781824613243,0.11667041053001251,0.46098363399505615,0.5992323160171509,0.13824868202209473,-0.15307116508483887,-0.0006151199340820312,0.15245604515075684,0.03337911516427994,0.2440166473388672,0.21063753217458725
episode_000033,2,2,True,True,False,blue_tray,90039,0,2,0,2,,True,True,True,0,1,,,2,973,64.8,2.6739358646832887,0.4047472652128689,0.43427586555480957,0.6626675128936768,0.2283916473388672,-0.1296226978302002,0.26118600368499756,0.39080870151519775,0.0334983691573143,0.3843387961387634,0.3508404269814491
episode_000034,1,2,False,False,True,blue_tray,90040,0,1,0,1,,True,True,True,0,0,state_timeout,retreat,0,577,38.4,1.8046865459768549,0.3420571035744283,0.36852526664733887,0.6785163879394531,0.30999112129211426,-0.13597428798675537,0.24460816383361816,0.38058245182037354,0.03214409202337265,0.36325979232788086,0.3311157003045082
episode_000037,1,2,True,True,False,blue_tray,90043,0,1,0,1,,False,False,False,0,0,,,1,412,27.4,1.3553716444016788,0.33201581645156925,0.4024214744567871,0.5466647148132324,0.1442432403564453,-0.2237696647644043,0.24901843070983887,0.47278809547424316,0.02080933004617691,0.48945352435112,0.4686441943049431
episode_000038,2,2,True,True,False,blue_tray,90044,0,2,0,2,,False,False,False,0,0,,,2,647,43.06666666666666,2.5378528486634857,0.6184975453915799,0.3753085136413574,0.6138103008270264,0.23850178718566895,-0.30032598972320557,0.24437308311462402,0.5446990728378296,0.03312930464744568,0.4819144010543823,0.44878509640693665
episode_000039,1,2,True,True,False,blue_tray,90045,0,1,0,1,,False,False,False,0,0,,,1,234,15.533333333333333,1.076153073391505,0.2523885157456806,0.3801121711730957,0.5751744508743286,0.1950622797012329,-0.14890193939208984,0.23623204231262207,0.3851339817047119,0.03096134215593338,0.33384597301483154,0.30288463085889816
episode_000040,1,2,True,True,False,blue_tray,90046,0,1,0,1,,False,False,False,0,0,,,1,328,21.8,1.281890503489846,0.40213712385274336,0.41135871410369873,0.5508395433425903,0.1394808292388916,-0.21661615371704102,0.23337507247924805,0.44999122619628906,0.03365778177976608,0.5192296504974365,0.48557186871767044
episode_000041,2,2,True,True,False,blue_tray,90047,0,2,0,2,,False,False,False,0,0,,,2,528,35.13333333333333,1.8223450419561757,0.38491264154096544,0.4407804012298584,0.583524227142334,0.14274382591247559,-0.1314852237701416,0.12696874141693115,0.25845396518707275,0.03268183022737503,0.49084603786468506,0.45816420763731003
episode_000042,2,2,True,True,False,blue_tray,90048,1,2,1,1,blue_cube_0,False,False,False,0,0,,,2,243,16.133333333333333,0.9071126337236454,0.15596325423625554,0.446150541305542,0.5839080810546875,0.1377575397491455,0.007313251495361328,0.24505209922790527,0.23773884773254395,0.032375581562519073,0.28821390867233276,0.2558383271098137
episode_000043,1,2,True,True,False,blue_tray,90049,0,1,0,1,,False,False,False,0,0,,,1,265,17.6,1.0013590422757555,0.31437773687870335,0.42327332496643066,0.5834683179855347,0.160194993019104,-0.14848709106445312,0.0659416913986206,0.21442878246307373,0.032031625509262085,0.48487600684165955,0.45284438133239746
episode_000044,1,2,True,True,False,blue_tray,90050,0,1,0,1,,True,True,True,0,0,,,1,267,17.733333333333334,1.00872786827348,0.5194202239143766,0.5080161094665527,0.6647080183029175,0.15669190883636475,-0.22063815593719482,0.23114371299743652,0.45178186893463135,0.03292883187532425,0.3910929262638092,0.35816409438848495
episode_000047,1,2,True,True,False,blue_tray,90053,0,1,0,1,,False,False,False,0,0,,,1,303,20.133333333333333,1.0636867366922804,0.5630854687121426,0.4007730484008789,0.5217950344085693,0.12102198600769043,-0.14516091346740723,0.3115673065185547,0.4567282199859619,0.03333045542240143,0.5001457929611206,0.4668153375387192
episode_000049,1,2,True,True,False,blue_tray,90055,0,1,0,1,,False,False,False,1,1,,,1,612,40.733333333333334,2.032301409359073,0.2779329131277619,0.44083642959594727,0.5699276924133301,0.1290912628173828,-0.12795495986938477,0.27683472633361816,0.40478968620300293,0.032998666167259216,0.3836938142776489,0.3506951481103897
episode_000053,2,2,True,True,False,blue_tray,90059,0,2,0,2,,False,False,False,0,0,,,2,462,30.733333333333334,1.876981591421368,0.40289574723853194,0.44724059104919434,0.6773512363433838,0.23011064529418945,-0.13056373596191406,0.2785060405731201,0.4090697765350342,0.03292613476514816,0.49517494440078735,0.4622488096356392
episode_000054,1,2,True,True,False,blue_tray,90060,0,1,0,1,,False,False,False,0,0,,,1,308,20.466666666666665,1.402613374730091,0.2421340354750168,0.5038161277770996,0.5443344116210938,0.04051828384399414,-0.23739123344421387,0.25628137588500977,0.49367260932922363,0.033234767615795135,0.4287320673465729,0.39549729973077774
episode_000055,2,2,True,True,False,blue_tray,90061,0,2,0,2,,False,False,False,0,0,,,2,569,37.86666666666667,1.9653596822758872,0.3693128371036573,0.4561699628829956,0.5774679183959961,0.12129795551300049,-0.14903783798217773,0.18650007247924805,0.3355379104614258,0.03300461918115616,0.5278273224830627,0.4948227033019066
episode_000056,2,2,False,False,True,blue_tray,90062,0,2,0,2,,True,False,False,1,1,solver_recovery_exhausted,move_above_slot,1,734,48.86666666666667,2.865476688059033,0.20064578740088998,0.4459434747695923,0.5983752012252808,0.15243172645568848,-0.19046378135681152,0.23514199256896973,0.42560577392578125,0.031868353486061096,0.37737682461738586,0.34550847113132477
episode_000058,1,2,True,True,False,blue_tray,90064,0,1,0,1,,False,False,False,0,0,,,1,309,20.53333333333333,1.2913017109261515,0.3112308785046404,0.5046122074127197,0.5959675312042236,0.0913553237915039,-0.21574223041534424,0.24670982360839844,0.4624520540237427,0.032980166375637054,0.4615427851676941,0.42856261879205704
episode_000059,1,2,True,True,False,blue_tray,90065,0,1,0,1,,False,False,False,0,0,,,1,292,19.4,1.1992543456457243,0.4026610778654956,0.39610445499420166,0.55799400806427,0.16188955307006836,-0.32256245613098145,0.09199023246765137,0.4145526885986328,0.03220723569393158,0.5344089865684509,0.5022017508745193
episode_000061,2,2,True,True,False,blue_tray,90067,0,2,0,2,,False,False,False,0,0,,,2,591,39.333333333333336,2.1183288496220807,0.27034513124148585,0.45619893074035645,0.5622150897979736,0.10601615905761719,-0.1314983367919922,0.291670560836792,0.4231688976287842,0.032979220151901245,0.41799822449684143,0.3850190043449402
episode_000063,1,2,True,True,False,blue_tray,90069,0,1,0,1,,False,False,False,0,0,,,1,285,18.933333333333334,1.054094921918273,0.252660092988712,0.40013790130615234,0.5045596361160278,0.10442173480987549,-0.1475841999053955,0.19483256340026855,0.34241676330566406,0.03004305809736252,0.38330310583114624,0.3532600477337837
episode_000066,1,2,True,True,False,blue_tray,90072,0,1,0,1,,False,False,False,0,0,,,1,257,17.066666666666666,1.0496835119025176,0.4985870760676736,0.4600391387939453,0.6727678775787354,0.21272873878479004,-0.10257923603057861,0.2496323585510254,0.352211594581604,0.03317958861589432,0.4991670548915863,0.465987466275692
episode_000070,1,2,True,True,False,blue_tray,90076,0,1,0,1,,False,False,False,0,0,,,1,251,16.666666666666668,0.9966949968687386,0.42869062684674186,0.4913191795349121,0.6037101745605469,0.11239099502563477,-0.02790701389312744,0.24996662139892578,0.2778736352920532,0.032559096813201904,0.4991277754306793,0.4665686786174774
episode_000071,1,2,True,True,False,blue_tray,90077,0,1,0,1,,True,True,True,0,0,,,1,252,16.733333333333334,0.9614622191441394,0.37115702649346305,0.4289116859436035,0.5044324398040771,0.07552075386047363,-0.15435028076171875,0.218542218208313,0.37289249897003174,0.03266531974077225,0.33407139778137207,0.3014060780405998
episode_000072,2,2,True,True,False,blue_tray,90078,0,2,0,2,,False,False,False,1,1,,,2,893,59.46666666666667,3.0527459673394715,0.5435876282621748,0.41783690452575684,0.5937360525131226,0.17589914798736572,-0.3076974153518677,0.23420166969299316,0.5418990850448608,0.03308553993701935,0.3709281086921692,0.33784256875514984
episode_000074,1,2,True,True,False,blue_tray,90080,0,1,0,1,,False,False,False,0,0,,,1,300,19.933333333333334,1.0102786720360935,0.35238839193831956,0.46062684059143066,0.5087368488311768,0.048110008239746094,-0.23005592823028564,0.24421977996826172,0.47427570819854736,0.033343397080898285,0.2576044201850891,0.22426102310419083
episode_000075,2,2,True,True,False,blue_tray,90081,0,2,0,2,,False,False,False,0,0,,,2,479,31.866666666666667,1.8129737109930184,0.3751263345163047,0.39626646041870117,0.6343696117401123,0.23810315132141113,-0.1501905918121338,0.1584693193435669,0.3086599111557007,0.02916405349969864,0.4873853921890259,0.45822133868932724
episode_000076,1,2,True,True,False,blue_tray,90082,0,1,0,1,,False,False,False,0,0,,,1,273,18.133333333333333,0.84783772221245,0.28983553954744873,0.4968937635421753,0.592542290687561,0.09564852714538574,0.013045310974121094,0.2325303554534912,0.21948504447937012,0.03339496999979019,0.38074979186058044,0.34735482186079025
episode_000079,1,2,True,True,False,blue_tray,90085,0,1,0,1,,True,True,True,0,0,,,1,318,21.133333333333333,1.0637853731213942,0.39695268143002305,0.4125051498413086,0.6272159814834595,0.21471083164215088,-0.14183521270751953,0.11089813709259033,0.25273334980010986,0.033304862678050995,0.4866538345813751,0.4533489719033241
episode_000080,2,2,True,True,False,blue_tray,90086,1,2,1,1,blue_cube_0,False,False,False,0,0,,,2,339,22.53333333333333,1.4787188254862331,0.1565703970301568,0.4430668354034424,0.6105886697769165,0.16752183437347412,-0.288529634475708,0.2604713439941406,0.5490009784698486,0.032981984317302704,0.28297823667526245,0.24999625235795975
episode_000082,2,2,True,True,False,blue_tray,90088,0,2,0,2,,False,False,False,0,0,,,2,574,38.2,1.9780167622099287,0.5557737172677116,0.42574429512023926,0.6067376136779785,0.18099331855773926,-0.3030691146850586,0.24932646751403809,0.5523955821990967,0.03296395391225815,0.25659850239753723,0.22363454848527908
episode_000083,1,2,True,True,False,blue_tray,90089,0,1,0,1,,False,False,False,0,0,,,1,271,18.0,1.0814397073193895,0.16240938799439383,0.5088715553283691,0.6476974487304688,0.1388258934020996,-0.18347382545471191,0.1789013147354126,0.3623751401901245,0.03296354413032532,0.2646738886833191,0.23171034455299377
episode_000084,2,2,True,True,False,blue_tray,90090,1,2,1,1,blue_cube_1,False,False,False,0,0,,,2,229,15.2,0.9092584402373631,0.16891216842357337,0.42417705059051514,0.5609166622161865,0.1367396116256714,-0.005362987518310547,0.2520742416381836,0.25743722915649414,0.03125888109207153,0.2830817997455597,0.25182291865348816
episode_000085,1,2,True,True,False,blue_tray,90091,0,1,0,1,,False,False,False,0,0,,,1,408,27.133333333333333,1.3637116092221861,0.1669597312254358,0.5100657939910889,0.6267237663269043,0.11665797233581543,-0.14009928703308105,0.21454119682312012,0.35464048385620117,0.03368186205625534,0.36420318484306335,0.330521322786808
episode_000086,2,2,True,True,False,blue_tray,90092,0,2,0,2,,False,False,False,0,0,,,2,637,42.4,2.5185310850622082,0.31775739119667695,0.40352416038513184,0.5971195697784424,0.19359540939331055,-0.2506415843963623,0.24836373329162598,0.4990053176879883,0.033048175275325775,0.4528214931488037,0.41977331787347794
episode_000087,2,2,True,True,False,blue_tray,90093,1,2,1,1,blue_cube_0,False,False,False,0,0,,,2,226,15.0,0.6933632789560485,0.11135928344339426,0.45217931270599365,0.5611313581466675,0.10895204544067383,-0.1474149227142334,-0.001636505126953125,0.14577841758728027,0.03199955075979233,0.20826324820518494,0.1762636974453926
episode_000088,2,2,True,True,False,blue_tray,90094,0,2,0,2,,False,False,False,0,0,,,2,593,39.46666666666667,2.02680600196814,0.31989893393844826,0.44761598110198975,0.5920958518981934,0.1444798707962036,-0.14605021476745605,0.23290324211120605,0.3789534568786621,0.031924016773700714,0.3947487473487854,0.3628247305750847
episode_000090,2,2,False,False,True,blue_tray,90096,0,2,0,2,,False,False,False,1,1,solver_recovery_exhausted,move_above_slot,1,909,60.53333333333333,2.9409042195888677,0.5992532678169876,0.4512476921081543,0.5970659255981445,0.14581823348999023,-0.30733418464660645,0.24359965324401855,0.550933837890625,0.03281392157077789,0.4993024170398712,0.4664884954690933
episode_000091,2,2,True,True,False,blue_tray,90097,0,2,0,2,,True,False,False,0,0,,,2,518,34.46666666666667,1.9208057869138484,0.17219941831097038,0.4570481777191162,0.5895713567733765,0.13252317905426025,-0.1817636489868164,0.20224928855895996,0.38401293754577637,0.032615967094898224,0.35429278016090393,0.3216768130660057
episode_000092,1,2,True,True,False,blue_tray,90098,0,1,0,1,,False,False,False,0,0,,,1,295,19.6,1.2325199368161184,0.510728042147707,0.5081725120544434,0.6311876773834229,0.12301516532897949,-0.24653196334838867,0.23115015029907227,0.47768211364746094,0.03301771730184555,0.5090423226356506,0.4760246053338051
episode_000093,1,2,True,True,False,blue_tray,90099,0,1,0,1,,False,False,False,0,0,,,1,281,18.666666666666668,0.8509929419774804,0.32375602296941686,0.5092411041259766,0.6857762336730957,0.17653512954711914,-0.12936043739318848,0.016086697578430176,0.14544713497161865,0.033362217247486115,0.44173574447631836,0.40837352722883224
episode_000096,1,2,True,True,False,blue_tray,90102,0,1,0,1,,True,True,True,0,0,,,1,245,16.266666666666666,0.8200044736033255,0.25289132408044934,0.5083218812942505,0.6030980348587036,0.09477615356445312,-0.009053468704223633,0.23139262199401855,0.2404460906982422,0.033091068267822266,0.33064234256744385,0.2975512742996216
episode_000097,1,2,True,True,False,blue_tray,90103,0,1,0,1,,False,False,False,0,0,,,1,277,18.4,0.9764179553105721,0.3292335281303017,0.36323976516723633,0.5026881694793701,0.1394484043121338,-0.12728023529052734,0.11499941349029541,0.24227964878082275,0.02740424871444702,0.43260785937309265,0.40520361065864563
episode_000098,1,2,True,True,False,blue_tray,90104,0,1,0,1,,False,False,False,0,0,,,1,262,17.4,1.0659178341694768,0.42679657981474267,0.4031994342803955,0.5366003513336182,0.13340091705322266,-0.08123695850372314,0.2493901252746582,0.33062708377838135,0.033093325793743134,0.47533926367759705,0.4422459378838539
episode_000099,2,2,True,True,False,blue_tray,90105,0,2,0,2,,False,False,False,0,0,,,2,506,33.666666666666664,1.9412741772921345,0.4242741489699882,0.3961871862411499,0.5700287818908691,0.17384159564971924,-0.1578223705291748,0.1985691785812378,0.3563915491104126,0.028597436845302582,0.4984888434410095,0.46989140659570694
episode_000100,2,2,False,False,True,blue_tray,90106,0,2,0,2,,False,False,False,0,0,state_timeout,retreat,1,830,55.266666666666666,3.086751792787515,0.2561020041890849,0.4391307830810547,0.6010218858718872,0.16189110279083252,-0.2843066453933716,0.23554253578186035,0.5198491811752319,0.032971374690532684,0.40658271312713623,0.37361133843660355
episode_000103,1,2,True,True,False,blue_tray,90109,0,1,0,1,,False,False,False,0,0,,,1,242,16.066666666666666,0.8739092765234935,0.20932258442867382,0.4099864959716797,0.5871059894561768,0.17711949348449707,-0.17108511924743652,0.0038924217224121094,0.17497754096984863,0.03329303860664368,0.38006922602653503,0.34677618741989136
episode_000108,1,2,True,True,False,blue_tray,90114,0,1,0,1,,False,False,False,0,0,,,1,308,20.466666666666665,1.16813434171006,0.2220663969432658,0.4221620559692383,0.5084648132324219,0.0863027572631836,-0.20829510688781738,0.23341965675354004,0.4417147636413574,0.03355269879102707,0.35048264265060425,0.3169299438595772
episode_000109,1,2,True,True,False,blue_tray,90115,0,1,0,1,,True,True,True,0,0,,,1,255,16.933333333333334,1.0786015950257712,0.23915890047114224,0.3958115577697754,0.5094246864318848,0.11361312866210938,-0.32723498344421387,0.08802223205566406,0.41525721549987793,0.03237253427505493,0.2604175806045532,0.2280450463294983
episode_000110,2,2,True,True,False,blue_tray,90116,0,2,0,2,,False,False,False,0,0,,,2,595,39.6,2.100622488514685,0.573685255794004,0.35993170738220215,0.5928139686584473,0.23288226127624512,-0.28416383266448975,0.2431042194366455,0.5272680521011353,0.032840706408023834,0.35840871930122375,0.3255680128931999
episode_000111,2,2,True,True,False,blue_tray,90117,0,2,0,2,,False,False,False,0,0,,,2,473,31.466666666666665,1.6953023136348504,0.4050075109807308,0.38049960136413574,0.597847580909729,0.21734797954559326,-0.14550495147705078,0.21877658367156982,0.3642815351486206,0.03317368030548096,0.36322471499443054,0.3300510346889496
episode_000113,1,2,True,True,False,blue_tray,90119,0,1,0,1,,False,False,False,0,0,,,1,200,13.266666666666666,0.6828310912755658,0.10924446696194098,0.42190074920654297,0.5082278251647949,0.08632707595825195,-0.12800884246826172,0.02003633975982666,0.14804518222808838,0.033411405980587006,0.26662105321884155,0.23320964723825455
episode_000114,2,2,True,True,False,blue_tray,90120,0,2,0,2,,True,True,True,0,0,,,2,750,49.93333333333333,2.785567798383503,0.14049316960926503,0.3730640411376953,0.6408731937408447,0.2678091526031494,-0.2790036201477051,0.26946377754211426,0.5484673976898193,0.03282579034566879,0.28547099232673645,0.25264520198106766
episode_000115,1,2,True,True,False,blue_tray,90121,0,1,0,1,,True,True,True,0,0,,,1,290,19.266666666666666,0.9966386347951606,0.25654459060639134,0.5085889101028442,0.5612938404083252,0.05270493030548096,-0.14598298072814941,0.19944751262664795,0.34543049335479736,0.03292021155357361,0.3573616147041321,0.32444140315055847
episode_000116,1,2,True,True,False,blue_tray,90122,0,1,0,1,,False,False,False,0,0,,,1,333,22.133333333333333,1.1389867903384887,0.13573032573966012,0.5035836696624756,0.5506159067153931,0.04703223705291748,-0.06285035610198975,0.23410558700561523,0.296955943107605,0.033042654395103455,0.291423499584198,0.25838084518909454
episode_000117,1,2,True,True,False,blue_tray,90123,0,1,0,1,,False,False,False,1,1,,,1,603,40.13333333333333,1.8852470735768696,0.3079251198228105,0.45049476623535156,0.6187515258789062,0.1682567596435547,-0.1273491382598877,0.2691996097564697,0.3965487480163574,0.0328238382935524,0.38346993923187256,0.35064610093832016
episode_000118,2,2,True,True,False,blue_tray,90124,0,2,0,2,,False,False,False,1,1,,,2,857,57.06666666666666,2.865226874518403,0.5135303667861466,0.37110018730163574,0.6522271633148193,0.2811269760131836,-0.2984405755996704,0.24708199501037598,0.5455225706100464,0.03280423581600189,0.3713545799255371,0.3385503441095352
episode_000120,2,2,True,True,False,blue_tray,90126,1,2,1,1,blue_cube_1,False,False,False,0,0,,,2,212,14.066666666666666,0.8575345439743032,0.11629392121329292,0.46941256523132324,0.6080060005187988,0.13859343528747559,0.011876344680786133,0.24124598503112793,0.2293696403503418,0.03209959715604782,0.2574748396873474,0.2253752425312996
episode_000121,1,2,True,True,False,blue_tray,90127,0,1,0,1,,False,False,False,0,0,,,1,384,25.53333333333333,1.268749906301374,0.24319319316219898,0.4723336696624756,0.558574914932251,0.08624124526977539,-0.1443474292755127,0.22226500511169434,0.36661243438720703,0.0326714888215065,0.39512985944747925,0.36245837062597275
episode_000122,1,2,True,True,False,blue_tray,90128,0,1,0,1,,False,False,False,0,0,,,1,286,19.0,1.3351452111597029,0.5091012834480687,0.5044090747833252,0.6524002552032471,0.14799118041992188,-0.2943899631500244,0.24765682220458984,0.5420467853546143,0.03319423645734787,0.529152512550354,0.49595827609300613
episode_000124,2,2,True,True,False,blue_tray,90130,0,2,0,2,,False,False,False,0,0,,,2,637,42.4,2.2344523737298663,0.35999866116604123,0.4123225212097168,0.6353975534439087,0.2230750322341919,-0.22370028495788574,0.23189330101013184,0.4555935859680176,0.033124685287475586,0.2773829698562622,0.24425828456878662
episode_000125,2,2,True,True,False,blue_tray,90131,0,2,0,2,,False,False,False,0,0,,,2,506,33.666666666666664,1.6397247124729983,0.33647751721174635,0.4280576705932617,0.5816142559051514,0.15355658531188965,-0.136152982711792,0.15609526634216309,0.2922482490539551,0.03260260075330734,0.30458515882492065,0.2719825580716133
episode_000126,1,2,True,True,False,blue_tray,90132,0,1,0,1,,False,False,False,0,0,,,1,246,16.333333333333332,0.8573525592370591,0.3652972807088948,0.5081584453582764,0.6884732246398926,0.1803147792816162,-0.014008402824401855,0.24643707275390625,0.2604454755783081,0.033244214951992035,0.37077733874320984,0.3375331237912178
episode_000127,1,2,True,True,False,blue_tray,90133,0,1,0,1,,False,False,False,0,0,,,1,288,19.133333333333333,0.8694906480927177,0.24172710977269155,0.48869478702545166,0.5165802240371704,0.02788543701171875,-0.14774394035339355,0.15745937824249268,0.30520331859588623,0.02955612540245056,0.2993265688419342,0.26977044343948364
episode_000129,2,2,True,True,False,blue_tray,90135,0,2,0,2,,False,False,False,0,0,,,2,435,28.933333333333334,1.4395907401373835,0.2559035179122578,0.4552912712097168,0.5813941955566406,0.12610292434692383,-0.1301708221435547,0.14072632789611816,0.27089715003967285,0.033196233212947845,0.2613683342933655,0.22817210108041763
episode_000131,2,2,True,True,False,blue_tray,90137,0,2,0,2,,False,False,False,0,0,,,2,505,33.6,1.7953344385984948,0.49491077423068786,0.40698540210723877,0.5574921369552612,0.15050673484802246,-0.15080595016479492,0.2850069999694824,0.43581295013427734,0.03231155127286911,0.4096035957336426,0.37729204446077347
episode_000133,1,2,True,True,False,blue_tray,90139,0,1,0,1,,False,False,False,0,0,,,1,236,15.666666666666666,1.0589189499215528,0.13299275783249107,0.4419987201690674,0.5073573589324951,0.06535863876342773,-0.22248220443725586,0.17450857162475586,0.3969907760620117,0.0322159081697464,0.2644803524017334,0.232264444231987
episode_000135,2,2,True,True,False,blue_tray,90141,0,2,0,2,,False,False,False,0,0,,,2,642,42.733333333333334,2.0374025798340587,0.13860396212263135,0.44894838333129883,0.5799156427383423,0.13096725940704346,-0.16072845458984375,0.198480486869812,0.35920894145965576,0.029794298112392426,0.3052464723587036,0.2754521742463112
episode_000136,1,2,True,True,False,blue_tray,90142,0,1,0,1,,False,False,False,0,0,,,1,295,19.6,0.9712042187405336,0.4697139238571184,0.43404901027679443,0.5085006952285767,0.07445168495178223,-0.16284096240997314,0.23105907440185547,0.3939000368118286,0.03345935046672821,0.43391305208206177,0.40045370161533356
episode_000137,2,2,True,True,False,blue_tray,90143,1,2,1,1,blue_cube_0,False,False,False,0,0,,,2,250,16.6,0.9051378969090806,0.13139880840616766,0.4626603126525879,0.5643839836120605,0.10172367095947266,-0.1273033618927002,0.14771652221679688,0.27501988410949707,0.03304946422576904,0.2641794979572296,0.23113003373146057
episode_000138,2,2,False,False,True,blue_tray,90144,0,2,0,2,,True,True,True,1,1,solver_recovery_exhausted,move_above_slot,1,870,57.93333333333333,3.273425855123395,0.21864035001150858,0.4499061107635498,0.6029925346374512,0.15308642387390137,-0.2678717374801636,0.24640583992004395,0.5142775774002075,0.033085890114307404,0.3755214214324951,0.3424355313181877
episode_000139,2,2,True,True,False,blue_tray,90145,1,2,1,1,blue_cube_1,False,False,False,0,0,,,2,263,17.466666666666665,1.0113604004758407,0.1395390165201301,0.40212249755859375,0.5576256513595581,0.15550315380096436,-0.1510791778564453,0.15110111236572266,0.30218029022216797,0.031171239912509918,0.25641068816185,0.22523944824934006
episode_000141,1,2,True,True,False,blue_tray,90147,0,1,0,1,,True,True,True,0,0,,,1,257,17.066666666666666,0.9948186027780308,0.18329389180513128,0.471111536026001,0.5433166027069092,0.0722050666809082,-0.12610936164855957,0.23839521408081055,0.3645045757293701,0.03176898509263992,0.27557963132858276,0.24381064623594284
episode_000142,1,2,True,True,False,blue_tray,90148,0,1,0,1,,False,False,False,0,0,,,1,301,20.0,1.2124647572335683,0.43049999236606495,0.46520543098449707,0.5635066032409668,0.09830117225646973,-0.23965561389923096,0.2446458339691162,0.48430144786834717,0.0332363098859787,0.4603157043457031,0.4270793944597244
episode_000143,2,2,True,True,False,blue_tray,90149,0,2,0,2,,False,False,False,0,0,,,2,464,30.866666666666667,1.7391383652610477,0.5469651127977562,0.3881039619445801,0.6031054258346558,0.21500146389007568,-0.15731263160705566,0.31033825874328613,0.4676508903503418,0.03269366919994354,0.4263285994529724,0.39363493025302887
episode_000144,2,2,True,True,False,blue_tray,90150,0,2,0,2,,False,False,False,0,0,,,2,637,42.4,2.5252867721098022,0.4015730867723912,0.39481306076049805,0.6135158538818359,0.2187027931213379,-0.24532544612884521,0.2374722957611084,0.4827977418899536,0.032901085913181305,0.4686248302459717,0.4357237443327904
episode_000146,2,2,True,True,False,blue_tray,90152,0,2,0,2,,True,True,True,0,0,,,2,673,44.8,2.5048713422850173,0.37229720183892295,0.3692150115966797,0.619638204574585,0.2504231929779053,-0.2692875862121582,0.24637889862060547,0.5156664848327637,0.0318697914481163,0.5104580521583557,0.4785882607102394
episode_000150,2,2,True,True,False,blue_tray,90156,0,2,0,2,,False,False,False,0,0,,,2,592,39.4,2.132842099264449,0.3407265314385768,0.39681506156921387,0.6021983623504639,0.20538330078125,-0.16234207153320312,0.24601960182189941,0.40836167335510254,0.03275997191667557,0.4729052782058716,0.440145306289196
episode_000151,2,2,False,False,True,blue_tray,90157,0,2,0,2,,False,False,False,1,1,solver_recovery_exhausted,place_descend,1,1243,82.8,3.9798675475149397,0.3642861270594383,0.4308290481567383,0.6291384696960449,0.19830942153930664,-0.25368690490722656,0.26983773708343506,0.5235246419906616,0.03280623257160187,0.4161047339439392,0.38329850137233734
episode_000153,1,2,True,True,False,blue_tray,90159,0,1,0,1,,True,True,True,0,0,,,1,287,19.066666666666666,0.9060177764424736,0.4354515794767437,0.47227025032043457,0.5980522632598877,0.12578201293945312,-0.19879770278930664,0.1845182180404663,0.38331592082977295,0.033332228660583496,0.37316036224365234,0.33982813358306885
episode_000155,1,2,True,True,False,blue_tray,90161,0,1,0,1,,False,False,False,0,0,,,1,249,16.53333333333333,1.0453082584751365,0.4510830076276139,0.4432656764984131,0.5865962505340576,0.14333057403564453,-0.18389582633972168,0.2648301124572754,0.44872593879699707,0.033143721520900726,0.33021819591522217,0.29707447439432144
episode_000156,2,2,True,True,False,blue_tray,90162,0,2,0,2,,False,False,False,0,0,,,2,509,33.86666666666667,2.1140536136095394,0.590472613023597,0.44190335273742676,0.5792794227600098,0.137376070022583,-0.2725793123245239,0.24858903884887695,0.5211683511734009,0.03316642343997955,0.46960926055908203,0.4364428371191025
episode_000157,2,2,True,True,False,blue_tray,90163,0,2,0,2,,False,False,False,0,0,,,2,534,35.53333333333333,1.810868716578359,0.4232043342969279,0.45226383209228516,0.6215180158615112,0.16925418376922607,-0.19896602630615234,0.19890856742858887,0.3978745937347412,0.03316078335046768,0.3214600086212158,0.28829922527074814
episode_000158,2,2,False,False,True,blue_tray,90164,0,2,0,2,,False,False,False,1,1,solver_recovery_exhausted,move_above_slot,1,872,58.06666666666666,3.40544027820943,0.637475284303375,0.37845420837402344,0.6131004095077515,0.23464620113372803,-0.2970287799835205,0.2793586254119873,0.5763874053955078,0.03302282094955444,0.5358695387840271,0.5028467178344727
episode_000161,2,2,True,True,False,blue_tray,90167,0,2,0,2,,False,False,False,0,0,,,2,527,35.06666666666666,1.7974140341551363,0.5190654750971737,0.456129789352417,0.564090371131897,0.10796058177947998,-0.2045426368713379,0.22507095336914062,0.4296135902404785,0.03290839493274689,0.4785754680633545,0.4456670731306076
episode_000162,1,2,True,True,False,blue_tray,90168,0,1,0,1,,False,False,False,0,0,,,1,292,19.4,1.1354471825958488,0.3029785947184833,0.5031367540359497,0.617824912071228,0.11468815803527832,-0.03592944145202637,0.2762877941131592,0.31221723556518555,0.033163703978061676,0.48734012246131897,0.4541764184832573
episode_000163,2,2,False,False,True,blue_tray,90169,0,2,0,2,,True,False,False,1,1,solver_recovery_exhausted,align_yaw,1,1276,85.0,2.593840090538376,0.49361997989440004,0.3835771083831787,0.5962355136871338,0.21265840530395508,-0.17035794258117676,0.2687021493911743,0.4390600919723511,0.03176466375589371,0.4069594740867615,0.37519481033086777
episode_000165,1,2,True,True,False,blue_tray,90171,0,1,0,1,,False,False,False,0,0,,,1,239,15.866666666666667,1.0232111695147936,0.33426539134201966,0.5091806650161743,0.5986565351486206,0.08947587013244629,-0.3005509376525879,-0.005486965179443359,0.29506397247314453,0.03288982808589935,0.49593645334243774,0.4630466252565384
episode_000170,1,2,True,True,False,blue_tray,90176,0,1,0,1,,False,False,False,0,0,,,1,345,22.933333333333334,1.4230879517286952,0.4028179372228474,0.507870078086853,0.5942516326904297,0.08638155460357666,-0.25241780281066895,0.2765071392059326,0.5289249420166016,0.03303114324808121,0.5422043204307556,0.5091731771826744
episode_000172,2,2,True,True,False,blue_tray,90178,0,2,0,2,,False,False,False,0,0,,,2,604,40.2,2.4546028277927796,0.2613397820405153,0.4498157501220703,0.5660054683685303,0.11618971824645996,-0.28432154655456543,0.24751830101013184,0.5318398475646973,0.032722108066082,0.390996515750885,0.358274407684803
episode_000173,2,2,True,True,False,blue_tray,90179,0,2,0,2,,False,False,False,0,0,,,2,524,34.86666666666667,1.8512201151261416,0.20769201095880924,0.3813939094543457,0.6393927335739136,0.25799882411956787,-0.20241308212280273,0.1988614797592163,0.40127456188201904,0.032687507569789886,0.2674844264984131,0.2347969189286232
episode_000174,2,2,False,False,True,blue_tray,90180,0,2,0,2,,False,False,False,1,1,solver_recovery_exhausted,align_yaw,0,401,26.666666666666668,1.0216217176957199,0.3904351048963083,0.37732911109924316,0.6239032745361328,0.24657416343688965,0.002392292022705078,0.17146635055541992,0.16907405853271484,0.12184692174196243,0.3910563588142395,0.26920943707227707
episode_000175,1,2,True,True,False,blue_tray,90181,0,1,0,1,,False,False,False,0,0,,,1,477,31.733333333333334,1.5442778979132283,0.3153303258496214,0.3717350959777832,0.6320409774780273,0.26030588150024414,-0.24438190460205078,0.26159656047821045,0.5059784650802612,0.03284846991300583,0.4421398937702179,0.40929142385721207
episode_000177,2,2,True,True,False,blue_tray,90183,1,2,1,1,blue_cube_1,True,True,True,0,0,,,2,226,15.0,0.8324630215516756,0.13815320812962398,0.4321538209915161,0.6423153877258301,0.21016156673431396,-0.20522665977478027,-0.03242754936218262,0.17279911041259766,0.03305412083864212,0.23406794667243958,0.20101382583379745
episode_000179,1,2,True,True,False,blue_tray,90185,0,1,0,1,,False,False,False,0,0,,,1,214,14.2,0.8160116069333752,0.3138940944530272,0.505218505859375,0.603259801864624,0.09804129600524902,-0.03563046455383301,0.2688174247741699,0.30444788932800293,0.032888151705265045,0.2861587703227997,0.25327061861753464
episode_000180,2,2,True,True,False,blue_tray,90186,0,2,0,2,,False,False,False,0,0,,,2,494,32.86666666666667,2.126275818083501,0.22858476439965492,0.4024391174316406,0.6112134456634521,0.20877432823181152,-0.21298420429229736,0.2469491958618164,0.45993340015411377,0.032965585589408875,0.27514466643333435,0.24217908084392548
episode_000181,1,2,True,True,False,blue_tray,90187,0,1,0,1,,False,False,False,0,0,,,1,283,18.8,1.1063093922900107,0.48142302277183907,0.36910033226013184,0.5641396045684814,0.1950392723083496,-0.20296907424926758,0.17701125144958496,0.37998032569885254,0.028654024004936218,0.47317278385162354,0.4445187598466873
episode_000184,2,2,True,True,False,blue_tray,90190,0,2,0,2,,False,False,False,0,0,,,2,631,42.0,2.153459041317338,0.4825069702830533,0.4190986156463623,0.6391541957855225,0.22005558013916016,-0.19655048847198486,0.24545860290527344,0.4420090913772583,0.032805174589157104,0.5408419966697693,0.5080368220806122
episode_000185,2,2,True,True,False,blue_tray,90191,0,2,0,2,,False,False,False,0,0,,,2,471,31.333333333333332,1.9189906932740062,0.6242755115481105,0.4265478849411011,0.5960266590118408,0.16947877407073975,-0.20283055305480957,0.32300472259521484,0.5258352756500244,0.032657504081726074,0.5229746103286743,0.49031710624694824
episode_000186,1,2,True,True,False,blue_tray,90192,0,1,0,1,,False,False,False,0,0,,,1,291,19.333333333333332,1.2429733734106765,0.356801166438171,0.3937230110168457,0.5949109792709351,0.20118796825408936,-0.05630362033843994,0.2807497978210449,0.33705341815948486,0.03289777785539627,0.5301496386528015,0.49725186079740524
episode_000187,1,2,True,True,False,blue_tray,90193,0,1,0,1,,False,False,False,1,1,,,1,589,39.2,1.9586218909230568,0.2117414290253678,0.38629674911499023,0.551316499710083,0.16501975059509277,-0.03597831726074219,0.2636570930480957,0.2996354103088379,0.03233422338962555,0.37158912420272827,0.3392549008131027
episode_000189,2,2,True,True,False,blue_tray,90195,0,2,0,2,,True,False,False,0,0,,,2,503,33.46666666666667,1.880906799157152,0.2319302482584902,0.43254995346069336,0.6534894704818726,0.2209395170211792,-0.20092177391052246,0.11721301078796387,0.31813478469848633,0.03328309208154678,0.37290051579475403,0.33961742371320724
episode_000191,2,2,True,True,False,blue_tray,90197,0,2,0,2,,False,False,False,0,0,,,2,472,31.4,1.8383855961867461,0.5721529682646009,0.4249269962310791,0.5631389617919922,0.13821196556091309,-0.2749600410461426,0.26479482650756836,0.5397548675537109,0.03316681087017059,0.32399982213974,0.2908330112695694
episode_000195,2,2,True,True,False,blue_tray,90201,0,2,0,2,,False,False,False,0,0,,,2,605,40.266666666666666,2.3187554310417653,0.4661543741639011,0.4536905288696289,0.616509199142456,0.16281867027282715,-0.21900725364685059,0.2647637128829956,0.4837709665298462,0.03299619257450104,0.2924780547618866,0.25948186218738556
episode_000196,1,2,True,True,False,blue_tray,90202,0,1,0,1,,False,False,False,0,0,,,1,291,19.333333333333332,1.2871330311214233,0.3901239703992489,0.4136312007904053,0.622093915939331,0.20846271514892578,-0.28639888763427734,0.2478632926940918,0.5342621803283691,0.0335552915930748,0.39104554057121277,0.35749024897813797
episode_000197,2,2,True,True,False,blue_tray,90203,1,2,1,1,blue_cube_0,True,True,True,0,0,,,2,302,20.066666666666666,1.0567728425792158,0.07941084849631269,0.49049055576324463,0.5569254159927368,0.06643486022949219,-0.204115629196167,0.1340954303741455,0.3382110595703125,0.031116679310798645,0.22972561419010162,0.19860893487930298
episode_000198,1,2,True,True,False,blue_tray,90204,0,1,0,1,,False,False,False,0,0,,,1,280,18.6,1.1858336718460059,0.34632810779412887,0.42837488651275635,0.5599768161773682,0.13160192966461182,-0.23445165157318115,0.28369951248168945,0.5181511640548706,0.033492058515548706,0.32498490810394287,0.29149284958839417
episode_000200,2,2,True,True,False,blue_tray,90206,0,2,0,2,,False,False,False,0,0,,,2,561,37.333333333333336,1.9364965763381659,0.1785650855532285,0.45581817626953125,0.6305689811706543,0.17475080490112305,-0.12696444988250732,0.24387884140014648,0.3708432912826538,0.03322707116603851,0.2923794984817505,0.259152427315712
episode_000203,2,2,True,True,False,blue_tray,90209,0,2,0,2,,False,False,False,0,0,,,2,638,42.46666666666667,2.564794630950459,0.3783202563849287,0.43372535705566406,0.6192421913146973,0.1855168342590332,-0.2535746097564697,0.2683110237121582,0.5218856334686279,0.03311597555875778,0.4915195107460022,0.4584035351872444
episode_000204,1,2,True,True,False,blue_tray,90210,0,1,0,1,,False,False,False,1,1,,,1,428,28.466666666666665,1.6833202987388252,0.18059970541509182,0.40305137634277344,0.6400539875030518,0.23700261116027832,-0.09424424171447754,0.2444782257080078,0.33872246742248535,0.028824813663959503,0.36865758895874023,0.33983277529478073
episode_000205,1,2,True,True,False,blue_tray,90211,0,1,0,1,,False,False,False,0,0,,,1,376,25.0,1.1669690903737382,0.49578476895803414,0.5137056112289429,0.6665025949478149,0.15279698371887207,-0.18845677375793457,0.14837872982025146,0.33683550357818604,0.03356637805700302,0.5320726037025452,0.49850622564554214
episode_000206,2,2,True,True,False,blue_tray,90212,0,2,0,2,,True,True,True,1,1,,,2,1440,95.93333333333334,3.45705873580364,0.3740831986108649,0.40195727348327637,0.6636909246444702,0.26173365116119385,-0.23495876789093018,0.2788567543029785,0.5138155221939087,0.02963341772556305,0.3798544108867645,0.3502209931612015
episode_000207,2,2,False,False,True,blue_tray,90213,0,2,0,2,,False,False,False,1,1,solver_recovery_exhausted,move_above_slot,1,649,43.2,2.6667576323259716,0.21447732327588814,0.4342935085296631,0.6606931686401367,0.22639966011047363,-0.2352149486541748,0.26181840896606445,0.49703335762023926,0.032058730721473694,0.3687012791633606,0.3366425484418869
episode_000208,1,2,True,True,False,blue_tray,90214,0,1,0,1,,False,False,False,0,0,,,1,287,19.066666666666666,0.9854214380787394,0.4217331957318222,0.5078473091125488,0.5648844242095947,0.0570371150970459,-0.05540657043457031,0.2471623420715332,0.3025689125061035,0.03346729278564453,0.47688180208206177,0.44341450929641724
episode_000210,1,2,True,True,False,blue_tray,90216,0,1,0,1,,False,False,False,0,0,,,1,246,16.333333333333332,0.9427994322165623,0.48058561953461837,0.5074914693832397,0.5859276056289673,0.07843613624572754,-0.1463104486465454,0.2776615619659424,0.4239720106124878,0.03317521512508392,0.3993982970714569,0.366223081946373
episode_000212,2,2,True,True,False,blue_tray,90218,1,2,1,1,blue_cube_1,False,False,False,0,0,,,2,302,20.066666666666666,1.1445014914311455,0.10338780078567836,0.3774232864379883,0.5542092323303223,0.17678594589233398,-0.13053512573242188,0.24389266967773438,0.37442779541015625,0.02802993357181549,0.21481478214263916,0.18678484857082367
episode_000213,1,2,True,True,False,blue_tray,90219,0,1,0,1,,False,False,False,0,0,,,1,308,20.466666666666665,1.2248622224224353,0.5795459230525595,0.42151355743408203,0.5589985847473145,0.13748502731323242,-0.21006131172180176,0.25527143478393555,0.4653327465057373,0.032353028655052185,0.526810884475708,0.4944578558206558
episode_000215,1,2,True,True,False,blue_tray,90221,0,1,0,1,,False,False,False,0,0,,,1,374,24.866666666666667,1.2372742961123353,0.36609939611810355,0.5037569999694824,0.6179239749908447,0.1141669750213623,-0.29993748664855957,0.2570587396621704,0.55699622631073,0.03306996077299118,0.27877557277679443,0.24570561200380325
episode_000217,1,2,True,True,False,blue_tray,90223,0,1,0,1,,True,True,True,0,0,,,1,284,18.866666666666667,1.0182427681727169,0.40814012034964503,0.38299691677093506,0.6215864419937134,0.23858952522277832,-0.19914746284484863,0.1652677059173584,0.36441516876220703,0.03335080295801163,0.32253217697143555,0.2891813740134239
episode_000218,2,2,True,True,False,blue_tray,90224,1,2,1,1,blue_cube_1,False,False,False,0,0,,,2,321,21.333333333333332,1.1438389715233996,0.13535931887482078,0.3711663484573364,0.5613616704940796,0.19019532203674316,-0.06103193759918213,0.31705760955810547,0.3780895471572876,0.0335075706243515,0.25593283772468567,0.22242526710033417
episode_000219,1,2,True,True,False,blue_tray,90225,0,1,0,1,,True,True,True,0,0,,,1,320,21.266666666666666,1.2445836846845082,0.28694404639886284,0.4908325672149658,0.5516965389251709,0.06086397171020508,-0.17682361602783203,0.2705705165863037,0.44739413261413574,0.03257876634597778,0.4228478968143463,0.39026913046836853
episode_000220,1,2,True,True,False,blue_tray,90226,0,1,0,1,,False,False,False,0,0,,,1,256,17.0,1.102285074609213,0.5451840285813395,0.4734628200531006,0.6786441802978516,0.20518136024475098,-0.14598488807678223,0.251598596572876,0.3975834846496582,0.03322060406208038,0.5191690325737,0.48594842851161957
episode_000222,2,2,True,True,False,blue_tray,90228,0,2,0,2,,True,True,True,0,0,,,2,703,46.8,2.128031026559707,0.5340872863661932,0.4076697826385498,0.6053498983383179,0.19768011569976807,-0.20921719074249268,0.2752113342285156,0.4844285249710083,0.027029089629650116,0.424571692943573,0.3975426033139229
episode_000223,1,2,True,True,False,blue_tray,90229,0,1,0,1,,False,False,False,0,0,,,1,335,22.266666666666666,1.1820456688636911,0.3500463080293933,0.4924025535583496,0.5459868907928467,0.05358433723449707,-0.03617358207702637,0.27008211612701416,0.3062556982040405,0.03216460347175598,0.5354238152503967,0.5032592117786407
episode_000224,1,2,True,True,False,blue_tray,90230,0,1,0,1,,False,False,False,0,0,,,1,294,19.53333333333333,1.0373318641378328,0.4499558556720164,0.42829084396362305,0.5109117031097412,0.08262085914611816,-0.2645883560180664,0.23901677131652832,0.5036051273345947,0.03285132348537445,0.2783464193344116,0.24549509584903717
episode_000225,1,2,True,True,False,blue_tray,90231,0,1,0,1,,False,False,False,0,0,,,1,268,17.8,0.8046460024291764,0.3339969363654762,0.4865833520889282,0.6465127468109131,0.15992939472198486,-0.20204877853393555,0.08970916271209717,0.2917579412460327,0.03335661441087723,0.27386289834976196,0.24050628393888474
episode_000226,2,2,False,False,True,blue_tray,90232,0,2,0,2,,True,False,False,1,1,solver_recovery_exhausted,move_above_slot,1,907,60.4,3.6141642954787176,0.2019437941387905,0.3809701204299927,0.6307697296142578,0.24979960918426514,-0.2900429964065552,0.2821214199066162,0.5721644163131714,0.03299882262945175,0.3698558211326599,0.33685699850320816
episode_000227,1,2,True,True,False,blue_tray,90233,0,1,0,1,,False,False,False,0,0,,,1,261,17.333333333333332,0.9857978998873176,0.36199602100089523,0.44496583938598633,0.508026123046875,0.06306028366088867,0.04037153720855713,0.2643473148345947,0.2239757776260376,0.033630356192588806,0.520827054977417,0.4871966987848282
episode_000229,1,2,True,True,False,blue_tray,90235,0,1,0,1,,False,False,False,0,0,,,1,311,20.666666666666668,1.1087868732604167,0.17276477037398913,0.5088543891906738,0.650510311126709,0.14165592193603516,-0.20290040969848633,0.18134093284606934,0.38424134254455566,0.03276645392179489,0.3157804608345032,0.2830140069127083
episode_000230,1,2,True,True,False,blue_tray,90236,0,1,0,1,,True,True,True,0,0,,,1,221,14.666666666666666,0.9206062565467015,0.3981513399534832,0.5043094158172607,0.6842169761657715,0.17990756034851074,-0.06105613708496094,0.27957701683044434,0.3406331539154053,0.03279850631952286,0.33620500564575195,0.3034064993262291
episode_000233,1,2,True,True,False,blue_tray,90239,0,1,0,1,,False,False,False,0,0,,,1,201,13.333333333333334,0.7960514626240949,0.24308949331794838,0.5087910890579224,0.6374232769012451,0.12863218784332275,-0.20040440559387207,-0.05309605598449707,0.147308349609375,0.03295556455850601,0.39176997542381287,0.35881441086530685
episode_000234,2,2,False,False,True,blue_tray,90240,0,2,0,2,,False,False,False,1,1,solver_recovery_exhausted,move_above_slot,1,776,51.666666666666664,3.0250547950628937,0.32479728077891334,0.3992042541503906,0.613845705986023,0.21464145183563232,-0.24820971488952637,0.27775096893310547,0.5259606838226318,0.03288974612951279,0.3693076968193054,0.33641795068979263
episode_000236,2,2,True,True,False,blue_tray,90242,0,2,0,2,,False,False,False,0,0,,,2,485,32.266666666666666,1.7741880889251171,0.386590903414471,0.45147037506103516,0.566051721572876,0.11458134651184082,-0.1508721113204956,0.24810028076171875,0.39897239208221436,0.033196479082107544,0.3453906774520874,0.31219419836997986
episode_000237,1,2,False,False,True,blue_tray,90243,0,1,0,1,,False,False,False,1,1,solver_recovery_exhausted,approach,0,436,29.0,1.4448244892246138,0.17350206920293762,0.44954347610473633,0.6630555391311646,0.21351206302642822,-0.014317989349365234,0.2039552927017212,0.21827328205108643,0.10651086270809174,0.3822218179702759,0.27571095526218414
episode_000238,1,2,True,True,False,blue_tray,90244,0,1,0,1,,False,False,False,0,0,,,1,302,20.066666666666666,1.2781874125527937,0.2855774461641508,0.47929978370666504,0.6307193040847778,0.1514195203781128,-0.21284592151641846,0.2793276309967041,0.49217355251312256,0.03303835541009903,0.3973695635795593,0.3643312081694603
episode_000239,2,2,True,True,False,blue_tray,90245,0,2,0,2,,True,True,True,0,0,,,2,685,45.6,2.589629225589632,0.5595253564649931,0.4543309211730957,0.6259782314300537,0.171647310256958,-0.2607719898223877,0.2646530866622925,0.5254250764846802,0.03295787423849106,0.5397128462791443,0.5067549720406532
episode_000240,2,2,True,True,False,blue_tray,90246,0,2,0,2,,False,False,False,0,0,,,2,636,42.333333333333336,2.2530541005330265,0.3047135749507536,0.4512767791748047,0.6254119873046875,0.1741352081298828,-0.24817967414855957,0.24912452697753906,0.49730420112609863,0.03327254205942154,0.3798608183860779,0.34658827632665634
episode_000242,2,2,True,True,False,blue_tray,90248,0,2,0,2,,False,False,False,0,0,,,2,962,64.06666666666666,2.4156984140102296,0.11878750896626969,0.450789213180542,0.5997679233551025,0.14897871017456055,-0.16931915283203125,0.32071375846862793,0.4900329113006592,0.021374419331550598,0.2705490291118622,0.24917460978031158
episode_000243,2,2,True,True,False,blue_tray,90249,0,2,0,2,,True,False,False,1,1,,,2,972,64.73333333333333,2.9262227858201157,0.5583818597866976,0.457899808883667,0.5976006984710693,0.13970088958740234,-0.3125636577606201,0.25859642028808594,0.571160078048706,0.03301721811294556,0.37246936559677124,0.3394521474838257
episode_000244,1,2,True,True,False,blue_tray,90250,0,1,0,1,,False,False,False,0,0,,,1,286,19.0,0.9833831571718928,0.26362261392175435,0.5075392723083496,0.6280667781829834,0.12052750587463379,0.04389810562133789,0.2827787399291992,0.23888063430786133,0.032948993146419525,0.4400617778301239,0.4071127846837044
episode_000246,2,2,True,True,False,blue_tray,90252,0,2,0,2,,False,False,False,0,0,,,2,617,41.06666666666666,2.1288794951154557,0.4590391795409981,0.40033864974975586,0.6106857061386108,0.21034705638885498,-0.25481438636779785,0.27851033210754395,0.5333247184753418,0.03287138789892197,0.2997884154319763,0.26691702753305435
episode_000252,2,2,True,True,False,blue_tray,90258,1,2,1,1,blue_cube_1,False,False,False,0,0,,,2,350,23.266666666666666,1.1850464546959958,0.10538763090067234,0.4541480541229248,0.6417043209075928,0.18755626678466797,-0.13272857666015625,0.24572062492370605,0.3784492015838623,0.03305419534444809,0.2177523523569107,0.18469815701246262
episode_000253,1,2,True,True,False,blue_tray,90259,0,1,0,1,,False,False,False,0,0,,,1,290,19.266666666666666,1.2029434513622013,0.21781020859615266,0.3726508617401123,0.547693133354187,0.1750422716140747,-0.237501859664917,0.13537967205047607,0.37288153171539307,0.030973151326179504,0.39822882413864136,0.36725567281246185
episode_000254,1,2,True,True,False,blue_tray,90260,0,1,0,1,,False,False,False,0,0,,,1,244,16.2,1.0012719917135033,0.5231296440145013,0.42697978019714355,0.5806859731674194,0.15370619297027588,-0.21806848049163818,0.2832651138305664,0.5013335943222046,0.03332950174808502,0.3171885013580322,0.2838589996099472
episode_000255,1,2,True,True,False,blue_tray,90261,0,1,0,1,,False,False,False,0,0,,,1,253,16.8,0.9773265787114096,0.523709826267857,0.4185013771057129,0.5670442581176758,0.1485428810119629,-0.23615241050720215,0.26336145401000977,0.4995138645172119,0.03333790600299835,0.33441463112831116,0.3010767251253128
episode_000256,1,2,True,True,False,blue_tray,90262,0,1,0,1,,False,False,False,0,0,,,1,322,21.4,1.45993968072656,0.2884207347732722,0.39530324935913086,0.50669264793396,0.1113893985748291,-0.24478089809417725,0.25246286392211914,0.4972437620162964,0.03333713114261627,0.47425577044487,0.4409186393022537
episode_000257,1,2,True,True,False,blue_tray,90263,0,1,0,1,,False,False,False,0,0,,,1,270,17.933333333333334,0.8835066748998524,0.2786260213685465,0.4080570936203003,0.5748803615570068,0.16682326793670654,-0.20426511764526367,0.022495031356811523,0.2267601490020752,0.03205248713493347,0.34497034549713135,0.3129178583621979
episode_000258,2,2,True,True,False,blue_tray,90264,0,2,0,2,,False,False,False,0,0,,,2,658,43.8,2.780433051004855,0.4014544591327338,0.38683879375457764,0.6499313116073608,0.2630925178527832,-0.2952655553817749,0.2767777442932129,0.5720432996749878,0.033017680048942566,0.5045095086097717,0.47149182856082916
episode_000261,2,2,False,False,True,blue_tray,90267,0,2,0,2,,False,False,False,1,1,solver_recovery_exhausted,descend,1,841,56.0,2.360840592261324,0.5112183929633506,0.36146390438079834,0.6682970523834229,0.3068331480026245,-0.21390938758850098,0.20444655418395996,0.41835594177246094,0.029316581785678864,0.41481760144233704,0.3855010196566582
episode_000262,1,2,True,True,False,blue_tray,90268,0,1,0,1,,False,False,False,0,0,,,1,280,18.6,0.8480605642586304,0.19331671023327743,0.42497313022613525,0.5982763767242432,0.1733032464981079,0.05345463752746582,0.2766544818878174,0.22319984436035156,0.03338899463415146,0.2930287718772888,0.25963977724313736
episode_000264,1,2,True,True,False,blue_tray,90270,0,1,0,1,,False,False,False,0,0,,,1,241,16.0,1.0446527512785582,0.5833092835842917,0.46300363540649414,0.5831003189086914,0.12009668350219727,-0.3153688907623291,0.24716806411743164,0.5625369548797607,0.03295006603002548,0.3348615765571594,0.30191151052713394
episode_000265,1,2,True,True,False,blue_tray,90271,0,1,0,1,,False,False,False,0,0,,,1,311,20.666666666666668,1.1771198708782595,0.2061929078718101,0.44796323776245117,0.5398977994918823,0.09193456172943115,-0.2001807689666748,0.1926405429840088,0.3928213119506836,0.03176607936620712,0.3757474422454834,0.3439813628792763
episode_000266,2,2,True,True,False,blue_tray,90272,0,2,0,2,,False,False,False,0,0,,,2,559,37.2,2.291714166682921,0.3288524496287482,0.3811337947845459,0.5994181632995605,0.21828436851501465,-0.193159818649292,0.2814323902130127,0.4745922088623047,0.032896094024181366,0.4261823892593384,0.393286295235157
episode_000267,1,2,True,True,False,blue_tray,90273,0,1,0,1,,False,False,False,0,0,,,1,253,16.8,0.9747325679321317,0.4428120322695894,0.4032938480377197,0.5562326908111572,0.1529388427734375,-0.09905624389648438,0.26294589042663574,0.3620021343231201,0.03341338038444519,0.4208187162876129,0.3874053359031677
episode_000268,1,2,True,True,False,blue_tray,90274,0,1,0,1,,True,True,True,0,0,,,1,294,19.53333333333333,1.2856077094136735,0.6369415803614752,0.45393824577331543,0.5975728034973145,0.14363455772399902,-0.2860221862792969,0.24673175811767578,0.5327539443969727,0.033076316118240356,0.533285915851593,0.5002095997333527
episode_000270,1,2,True,True,False,blue_tray,90276,0,1,0,1,,False,False,False,0,0,,,1,431,28.666666666666668,1.472280706756314,0.26921553920452246,0.4647073745727539,0.5319647789001465,0.06725740432739258,-0.23215091228485107,0.2738199234008789,0.50597083568573,0.03280903398990631,0.43679362535476685,0.40398459136486053
episode_000275,1,2,True,True,False,blue_tray,90281,0,1,0,1,,True,True,True,0,0,,,1,292,19.4,0.9921462860451986,0.44250437388738184,0.5079567432403564,0.6577255725860596,0.14976882934570312,-0.05067563056945801,0.2674461603164673,0.3181217908859253,0.03337863087654114,0.45724204182624817,0.42386341094970703
episode_000276,1,2,True,True,False,blue_tray,90282,0,1,0,1,,False,False,False,0,0,,,1,259,17.2,1.0279425771867878,0.4579844444907258,0.46666789054870605,0.5152120590209961,0.04854416847229004,-0.19189083576202393,0.24864983558654785,0.4405406713485718,0.03318805992603302,0.35987135767936707,0.32668329775333405
episode_000277,2,2,True,True,False,blue_tray,90283,1,2,1,1,blue_cube_1,False,False,False,0,0,,,2,276,18.333333333333332,1.251745227546913,0.13018165543021487,0.45315492153167725,0.6183468103408813,0.1651918888092041,-0.22553682327270508,0.2190248966217041,0.4445617198944092,0.032786235213279724,0.25826019048690796,0.22547395527362823
episode_000278,2,2,True,True,False,blue_tray,90284,0,2,0,2,,False,False,False,0,0,,,2,653,43.46666666666667,2.400649319501939,0.14949403638052822,0.4563232660293579,0.658668041229248,0.20234477519989014,-0.21554112434387207,0.2890646457672119,0.504605770111084,0.033251188695430756,0.3122711777687073,0.2790199890732765
episode_000279,1,2,True,True,False,blue_tray,90285,0,1,0,1,,False,False,False,0,0,,,1,302,20.066666666666666,1.0260887493408535,0.35734751802114495,0.48508524894714355,0.6816325187683105,0.196547269821167,-0.06429672241210938,0.26356709003448486,0.32786381244659424,0.03341267257928848,0.3957787752151489,0.36236610263586044
episode_000280,1,2,True,True,False,blue_tray,90286,0,1,0,1,,False,False,False,0,0,,,1,265,17.6,1.0829732017184597,0.381368556341926,0.43077635765075684,0.5076324939727783,0.07685613632202148,-0.044190049171447754,0.25053834915161133,0.2947283983230591,0.03282233327627182,0.535940408706665,0.5031180754303932
episode_000281,2,2,True,True,False,blue_tray,90287,0,2,0,2,,False,False,False,0,0,,,2,539,35.86666666666667,1.9295687984174703,0.49963091832492396,0.45311927795410156,0.6270391941070557,0.1739199161529541,-0.2027420997619629,0.24203574657440186,0.44477784633636475,0.032975442707538605,0.4050982892513275,0.3721228465437889
episode_000282,2,2,True,True,False,blue_tray,90288,0,2,0,2,,False,False,False,0,0,,,2,656,43.666666666666664,2.5512136172450246,0.39059427113422107,0.4553016424179077,0.5774269104003906,0.12212526798248291,-0.2866647243499756,0.27631354331970215,0.5629782676696777,0.03287700563669205,0.3857077956199646,0.35283078998327255
episode_000283,2,2,True,True,False,blue_tray,90289,1,2,1,1,blue_cube_0,False,False,False,0,0,,,2,373,24.8,1.4362353120473883,0.13496270645911038,0.4408721923828125,0.5650982856750488,0.12422609329223633,-0.2834954261779785,0.26298582553863525,0.5464812517166138,0.032778605818748474,0.22527846693992615,0.19249986112117767
episode_000284,1,2,True,True,False,blue_tray,90290,0,1,0,1,,False,False,False,0,0,,,1,392,26.066666666666666,1.4315249612417946,0.24956842498902923,0.3988478183746338,0.5194647312164307,0.12061691284179688,-0.2578197717666626,0.23939204216003418,0.4972118139266968,0.0330117791891098,0.3939724564552307,0.3609606772661209
episode_000287,2,2,True,True,False,blue_tray,90293,1,2,1,1,blue_cube_0,False,False,False,0,0,,,2,325,21.6,1.3191881964121115,0.1458816106516782,0.44966626167297363,0.5835075378417969,0.13384127616882324,-0.19481134414672852,0.26473188400268555,0.45954322814941406,0.03292948752641678,0.27830690145492554,0.24537741392850876
episode_000289,1,2,True,True,False,blue_tray,90295,0,1,0,1,,False,False,False,0,0,,,1,290,19.266666666666666,1.0209698860685255,0.3237665670265441,0.48444294929504395,0.6680316925048828,0.18358874320983887,-0.20057415962219238,0.04430830478668213,0.2448824644088745,0.03326892852783203,0.4650772213935852,0.4318082928657532
episode_000290,1,2,True,True,False,blue_tray,90296,0,1,0,1,,False,False,False,0,0,,,1,257,17.066666666666666,1.056208715823541,0.6335836236962668,0.44216394424438477,0.5082851648330688,0.06612122058868408,-0.29293859004974365,0.278519868850708,0.5714584589004517,0.03289928287267685,0.45356622338294983,0.420666940510273
episode_000292,1,2,True,True,False,blue_tray,90298,0,1,0,1,,False,False,False,0,0,,,1,325,21.6,1.2006482052297436,0.14746365759608204,0.5083966255187988,0.6566188335418701,0.1482222080230713,-0.17401468753814697,0.24520158767700195,0.4192162752151489,0.032777100801467896,0.2831043004989624,0.2503271996974945
episode_000293,1,2,True,True,False,blue_tray,90299,0,1,0,1,,False,False,False,0,0,,,1,296,19.666666666666668,1.0645133245752332,0.44770804524998936,0.5077099800109863,0.6485657691955566,0.1408557891845703,-0.1998004913330078,0.2023411989212036,0.4021416902542114,0.03257877379655838,0.41113221645355225,0.37855344265699387
episode_000294,2,2,False,False,True,blue_tray,90300,0,2,0,2,,False,False,False,1,1,solver_recovery_exhausted,move_above_slot,1,898,59.8,3.168291029511527,0.42245639197510443,0.4471064805984497,0.6160856485366821,0.16897916793823242,-0.21988272666931152,0.2799844741821289,0.49986720085144043,0.03289352357387543,0.42728954553604126,0.39439602196216583
episode_000297,1,2,True,True,False,blue_tray,90303,0,1,0,1,,True,True,True,0,0,,,1,218,14.466666666666667,0.877857226491535,0.34697219625211273,0.5090334415435791,0.6468254327774048,0.13779199123382568,-0.20282483100891113,0.11139822006225586,0.314223051071167,0.032926492393016815,0.32769203186035156,0.29476553946733475
episode_000298,2,2,False,False,True,blue_tray,90304,0,2,0,2,,False,False,False,1,1,solver_recovery_exhausted,move_above_slot,0,546,36.333333333333336,1.817560137613226,0.3461303030585243,0.4535083770751953,0.6381310224533081,0.1846226453781128,-0.05774879455566406,0.2768251895904541,0.33457398414611816,0.03250906616449356,0.3746175765991211,0.34210851043462753
episode_000300,2,2,True,True,False,blue_tray,90306,1,2,1,1,blue_cube_0,False,False,False,0,0,,,2,281,18.666666666666668,0.9179106357521318,0.10393431694053595,0.4862785339355469,0.6143145561218262,0.1280360221862793,0.014722108840942383,0.275892972946167,0.2611708641052246,0.032940082252025604,0.2535088360309601,0.22056875377893448
episode_000301,1,2,True,True,False,blue_tray,90307,0,1,0,1,,False,False,False,0,0,,,1,272,18.066666666666666,1.0405533201796333,0.3376137648615144,0.5000669956207275,0.5957987308502197,0.09573173522949219,-0.14501190185546875,0.22893905639648438,0.3739509582519531,0.03274673968553543,0.40151193737983704,0.3687651976943016
episode_000303,2,2,True,True,False,blue_tray,90309,0,2,0,2,,False,False,False,0,0,,,2,541,36.0,1.935567769556581,0.4691146683469176,0.41725075244903564,0.608310341835022,0.19105958938598633,-0.12847352027893066,0.26410841941833496,0.3925819396972656,0.032970353960990906,0.466947466135025,0.4339771121740341
episode_000304,2,2,True,True,False,blue_tray,90310,0,2,0,2,,False,False,False,1,1,,,2,898,59.8,3.152511843542925,0.3143242550153377,0.36846601963043213,0.591330885887146,0.22286486625671387,-0.26600372791290283,0.2565889358520508,0.5225926637649536,0.032400913536548615,0.41995060443878174,0.3875496909022331
episode_000305,1,2,True,True,False,blue_tray,90311,0,1,0,1,,False,False,False,0,0,,,1,219,14.533333333333333,0.8744704571195876,0.2636308034237666,0.5090746879577637,0.5991885662078857,0.09011387825012207,-0.1476154327392578,0.0024710893630981445,0.15008652210235596,0.032951727509498596,0.4513860046863556,0.418434277176857
episode_000306,1,2,True,True,False,blue_tray,90312,0,1,0,1,,True,True,True,0,0,,,1,280,18.6,1.058227468324824,0.5041040131324027,0.5083115100860596,0.6829676628112793,0.17465615272521973,-0.10665702819824219,0.2660398483276367,0.3726968765258789,0.03323415666818619,0.4804546535015106,0.44722049683332443
episode_000307,1,2,True,True,False,blue_tray,90313,0,1,0,1,,False,False,False,0,0,,,1,272,18.066666666666666,1.048075163062674,0.3638705075509429,0.4002058506011963,0.5317502021789551,0.1315443515777588,-0.1257619857788086,0.11971807479858398,0.24548006057739258,0.03354105353355408,0.5307454466819763,0.49720439314842224
episode_000308,1,2,True,True,False,blue_tray,90314,0,1,0,1,,False,False,False,0,0,,,1,330,21.933333333333334,1.1476013466208976,0.3236254617479533,0.359017014503479,0.5081820487976074,0.14916503429412842,-0.06258273124694824,0.3219585418701172,0.38454127311706543,0.0334562286734581,0.4645031690597534,0.4310469403862953
episode_000311,2,2,False,False,True,blue_tray,90317,0,2,0,2,,False,False,False,1,1,solver_recovery_exhausted,align_yaw,1,597,39.733333333333334,1.8828606998224986,0.3666893641918296,0.37853574752807617,0.6052761077880859,0.22674036026000977,-0.12972712516784668,0.2719486951828003,0.401675820350647,0.03273448348045349,0.4013746380805969,0.36864015460014343
episode_000313,2,2,True,True,False,blue_tray,90319,1,2,1,1,blue_cube_1,False,False,False,0,0,,,2,397,26.4,1.2999826106583616,0.15041166528091518,0.4037766456604004,0.5780320167541504,0.17425537109375,-0.15973448753356934,0.26307785511016846,0.4228123426437378,0.03242093324661255,0.2339484989643097,0.20152756571769714
episode_000314,1,2,True,True,False,blue_tray,90320,0,1,0,1,,False,False,False,0,0,,,1,332,22.066666666666666,1.1855889482620507,0.3163170469982097,0.36579132080078125,0.6244347095489502,0.25864338874816895,-0.04927968978881836,0.26848268508911133,0.3177623748779297,0.033619411289691925,0.4697614312171936,0.4361420199275017
episode_000316,1,2,True,True,False,blue_tray,90322,0,1,0,1,,False,False,False,0,0,,,1,290,19.266666666666666,1.060033181195339,0.4905127947824815,0.4305152893066406,0.508649468421936,0.07813417911529541,-0.25755441188812256,0.16630053520202637,0.4238549470901489,0.03338587284088135,0.43230557441711426,0.3989197015762329
episode_000317,2,2,True,True,False,blue_tray,90323,0,2,0,2,,False,False,False,0,0,,,2,586,39.0,2.0252102329525075,0.3137049846136465,0.4533414840698242,0.5893673896789551,0.13602590560913086,-0.18794751167297363,0.20187783241271973,0.38982534408569336,0.03212065249681473,0.49740317463874817,0.46528252214193344
episode_000319,2,2,True,True,False,blue_tray,90325,0,2,0,2,,False,False,False,0,0,,,2,813,54.13333333333333,2.28133310612147,0.2861941982781063,0.4411640167236328,0.5947873592376709,0.15362334251403809,-0.12772727012634277,0.16082167625427246,0.28854894638061523,0.025023095309734344,0.40721625089645386,0.3821931555867195
episode_000320,2,2,False,False,True,blue_tray,90326,0,2,0,2,,False,False,False,1,1,solver_recovery_exhausted,move_above_slot,1,744,49.53333333333333,2.6154636609403807,0.38297258614496443,0.41198837757110596,0.5719327926635742,0.15994441509246826,-0.3107321262359619,0.17194795608520508,0.482680082321167,0.032715991139411926,0.37741756439208984,0.3447015732526779
episode_000321,2,2,True,True,False,blue_tray,90327,0,2,0,2,,True,True,True,0,0,,,2,464,30.866666666666667,1.7406781848482522,0.36713526280476727,0.45334959030151367,0.6033384799957275,0.14998888969421387,-0.15038418769836426,0.12877893447875977,0.279163122177124,0.03201386332511902,0.4510461390018463,0.4190322756767273
episode_000322,2,2,True,True,False,blue_tray,90328,0,2,0,2,,False,False,False,0,0,,,2,554,36.86666666666667,2.252874938853395,0.28791998059520313,0.4546842575073242,0.6324663162231445,0.1777820587158203,-0.195090651512146,0.26957201957702637,0.46466267108917236,0.0328141450881958,0.46458280086517334,0.43176865577697754
episode_000323,2,2,True,True,False,blue_tray,90329,0,2,0,2,,False,False,False,1,1,,,2,866,57.666666666666664,2.670672688265859,0.1845478022182234,0.4027749300003052,0.5616122484207153,0.15883731842041016,-0.12884044647216797,0.22240126132965088,0.35124170780181885,0.03041721135377884,0.38416197896003723,0.3537447676062584
episode_000324,1,2,True,True,False,blue_tray,90330,0,1,0,1,,False,False,False,0,0,,,1,276,18.333333333333332,1.1569523419247856,0.4299011109492803,0.41730570793151855,0.5989274978637695,0.18162178993225098,-0.23864424228668213,0.16732263565063477,0.4059668779373169,0.033648550510406494,0.46752694249153137,0.4338783919811249
episode_000327,1,2,True,True,False,blue_tray,90333,0,1,0,1,,False,False,False,0,0,,,1,245,16.266666666666666,0.8158085309154884,0.15887966131557912,0.39562904834747314,0.5047556161880493,0.10912656784057617,-0.12675762176513672,0.039038896560668945,0.16579651832580566,0.03190936893224716,0.339609295129776,0.30769992619752884
episode_000328,1,2,True,True,False,blue_tray,90334,0,1,0,1,,False,False,False,0,0,,,1,246,16.333333333333332,0.9746965274395014,0.3363748793769357,0.5077850818634033,0.517004132270813,0.009219050407409668,-0.15245890617370605,0.16304564476013184,0.3155045509338379,0.033503301441669464,0.42986831068992615,0.3963650092482567
episode_000329,2,2,False,False,True,blue_tray,90335,0,2,0,2,,True,True,True,1,1,solver_recovery_exhausted,approach,1,821,54.666666666666664,2.2902652896618565,0.43608795518827154,0.4222066402435303,0.61698317527771,0.1947765350341797,-0.15122294425964355,0.14813661575317383,0.2993595600128174,0.032053589820861816,0.5089742541313171,0.4769206643104553
episode_000330,2,2,True,True,False,blue_tray,90336,0,2,0,2,,True,False,False,0,1,,,2,746,49.666666666666664,3.2592411848639653,0.21227219531718458,0.35993313789367676,0.5906064510345459,0.23067331314086914,-0.1755145788192749,0.26483583450317383,0.44035041332244873,0.031163521111011505,0.37199166417121887,0.34082814306020737
episode_000331,1,2,True,True,False,blue_tray,90337,0,1,0,1,,False,False,False,0,0,,,1,243,16.133333333333333,0.9021373641099588,0.34626547755516285,0.5084097385406494,0.5271462202072144,0.01873648166656494,-0.12693214416503906,0.12725567817687988,0.25418782234191895,0.033127300441265106,0.43152791261672974,0.39840061217546463
episode_000332,2,2,True,True,False,blue_tray,90338,0,2,0,2,,True,True,True,0,0,,,2,629,41.86666666666667,2.2663223252544435,0.5623512933462949,0.4289999008178711,0.6307462453842163,0.20174634456634521,-0.315873384475708,0.17026782035827637,0.4861412048339844,0.03295934200286865,0.48699867725372314,0.4540393352508545
episode_000334,2,2,True,True,False,blue_tray,90340,0,2,0,2,,False,False,False,0,0,,,2,703,46.8,2.4143906368103676,0.3238367014990525,0.42071080207824707,0.5972578525543213,0.17654705047607422,-0.263027548789978,0.2616767883300781,0.5247043371200562,0.03011976182460785,0.29933962225914,0.26921986043453217
episode_000336,2,2,True,True,False,blue_tray,90342,1,2,1,1,blue_cube_0,False,False,False,0,0,,,2,276,18.333333333333332,0.9145403391805556,0.09067903288681059,0.4169543981552124,0.5613170862197876,0.1443626880645752,-0.10464048385620117,0.16415071487426758,0.26879119873046875,0.03337526321411133,0.2197873294353485,0.18641206622123718
episode_000338,2,2,True,True,False,blue_tray,90344,0,2,0,2,,True,True,True,0,0,,,2,527,35.06666666666666,2.3393290906732664,0.2673975851102452,0.4061565399169922,0.6118271350860596,0.20567059516906738,-0.21650707721710205,0.2682938575744629,0.48480093479156494,0.03285543620586395,0.2639540731906891,0.23109863698482513
episode_000340,2,2,True,True,False,blue_tray,90346,0,2,0,2,,True,True,True,0,0,,,2,605,40.266666666666666,2.1958615530630086,0.1478488093218119,0.4485130310058594,0.5799340009689331,0.13142096996307373,-0.24218320846557617,0.18503165245056152,0.4272148609161377,0.033036164939403534,0.32269299030303955,0.289656825363636
episode_000341,1,2,True,True,False,blue_tray,90347,0,1,0,1,,False,False,False,0,0,,,1,250,16.6,1.0105494607839072,0.5455305995318382,0.4257662296295166,0.5800256729125977,0.15425944328308105,-0.14804315567016602,0.27423930168151855,0.42228245735168457,0.03337603062391281,0.5239948630332947,0.49061883240938187
episode_000342,1,2,True,True,False,blue_tray,90348,0,1,0,1,,False,False,False,0,0,,,1,233,15.466666666666667,1.0125677395421224,0.5598265340021457,0.5036506652832031,0.6497955322265625,0.14614486694335938,-0.2634270191192627,0.268585205078125,0.5320122241973877,0.033110611140728,0.28613850474357605,0.25302789360284805
episode_000343,2,2,True,True,False,blue_tray,90349,0,2,0,2,,False,False,False,0,0,,,2,380,25.266666666666666,1.461642571016051,0.38072254927891075,0.4187091588973999,0.5691864490509033,0.15047729015350342,-0.13450956344604492,0.20738327503204346,0.3418928384780884,0.031578436493873596,0.27942779660224915,0.24784936010837555
episode_000345,2,2,True,True,False,blue_tray,90351,1,2,1,1,blue_cube_0,False,False,False,0,0,,,2,402,26.733333333333334,1.372315886297594,0.13185514150285726,0.463564395904541,0.5877397060394287,0.1241753101348877,-0.16098260879516602,0.25222742557525635,0.41321003437042236,0.03275170922279358,0.26069390773773193,0.22794219851493835
episode_000352,1,2,True,True,False,blue_tray,90358,0,1,0,1,,False,False,False,0,0,,,1,299,19.866666666666667,1.084091973125024,0.5136785259164651,0.40167665481567383,0.5673047304153442,0.1656280755996704,-0.2855556011199951,0.1729264259338379,0.458482027053833,0.032638803124427795,0.39473235607147217,0.3620935529470444
episode_000356,2,2,True,True,False,blue_tray,90362,0,2,0,2,,False,False,False,0,0,,,2,484,32.2,1.9973465758526217,0.17277709670788644,0.4433770179748535,0.5619797706604004,0.11860275268554688,-0.2778360843658447,0.16635394096374512,0.44419002532958984,0.03293745964765549,0.30707859992980957,0.2741411402821541
episode_000357,1,2,True,True,False,blue_tray,90363,0,1,0,1,,False,False,False,0,0,,,1,325,21.6,1.1608832724354965,0.32123438130602977,0.4597303867340088,0.5783827304840088,0.11865234375,-0.302807092666626,0.09439802169799805,0.397205114364624,0.03168977051973343,0.4637722671031952,0.43208249658346176
episode_000358,1,2,True,True,False,blue_tray,90364,0,1,0,1,,False,False,False,0,0,,,1,288,19.133333333333333,1.2098543114518674,0.573376128891894,0.44460296630859375,0.5627233982086182,0.11812043190002441,-0.18578100204467773,0.2705271244049072,0.45630812644958496,0.033458493649959564,0.5306745171546936,0.49721602350473404
episode_000359,2,2,True,True,False,blue_tray,90365,0,2,0,2,,False,False,False,0,0,,,2,534,35.53333333333333,2.005525123595656,0.3098546326305968,0.4543575048446655,0.6336770057678223,0.17931950092315674,-0.2666969299316406,0.12273752689361572,0.38943445682525635,0.03209683299064636,0.4593695402145386,0.4272727072238922
episode_000361,1,2,True,True,False,blue_tray,90367,0,1,0,1,,False,False,False,0,0,,,1,300,19.933333333333334,1.2955154011236112,0.33499155432511546,0.4414219856262207,0.5055749416351318,0.06415295600891113,-0.2908661365509033,0.18845200538635254,0.47931814193725586,0.031693242490291595,0.4912373125553131,0.4595440700650215
episode_000362,2,2,True,True,False,blue_tray,90368,0,2,0,2,,False,False,False,0,0,,,2,699,46.53333333333333,2.7019875070441044,0.2989654666405034,0.45699596405029297,0.6162192821502686,0.15922331809997559,-0.28279006481170654,0.2664625644683838,0.5492526292800903,0.03287998586893082,0.4767816662788391,0.4439016804099083
episode_000365,2,2,True,True,False,blue_tray,90371,0,2,0,2,,False,False,False,0,0,,,2,568,37.8,1.9319292572359936,0.3134173091357455,0.4258613586425781,0.6451077461242676,0.21924638748168945,-0.16652226448059082,0.12614130973815918,0.29266357421875,0.03279842436313629,0.49891388416290283,0.46611545979976654
episode_000366,2,2,False,False,True,blue_tray,90372,0,2,0,2,,False,False,False,1,1,solver_recovery_exhausted,align_yaw,1,1300,86.6,2.586979054404666,0.48814088468336836,0.37836599349975586,0.6083459854125977,0.2299799919128418,-0.16306984424591064,0.2677605152130127,0.43083035945892334,0.03224950283765793,0.40311288833618164,0.3708633854985237
episode_000367,1,2,True,True,False,blue_tray,90373,0,1,0,1,,False,False,False,0,0,,,1,277,18.4,1.1472487684842012,0.39163606205975005,0.47315502166748047,0.6825429201126099,0.2093878984451294,-0.12515544891357422,0.26014232635498047,0.3852977752685547,0.03303395211696625,0.4472513198852539,0.41421736776828766
episode_000368,1,2,True,True,False,blue_tray,90374,0,1,0,1,,False,False,False,0,0,,,1,347,23.066666666666666,1.4258937211856013,0.3636748126300854,0.4305309057235718,0.5068180561065674,0.0762871503829956,-0.2459876537322998,0.2735121250152588,0.5194997787475586,0.03339853137731552,0.5276634097099304,0.4942648783326149
episode_000370,2,2,True,True,False,blue_tray,90376,0,2,0,2,,True,True,True,0,0,,,2,822,54.733333333333334,2.655526112438219,0.1655751000478884,0.4275333881378174,0.6360421180725098,0.20850872993469238,-0.2354511022567749,0.2691371440887451,0.50458824634552,0.03250034153461456,0.33789342641830444,0.3053930848836899
episode_000371,2,2,True,True,False,blue_tray,90377,0,2,0,2,,True,False,False,0,0,,,2,518,34.46666666666667,1.7750655954487167,0.43928411539978623,0.4084041118621826,0.6297539472579956,0.221349835395813,-0.13136625289916992,0.2846580743789673,0.4160243272781372,0.03104851394891739,0.2640703022480011,0.2330217882990837
episode_000375,1,2,True,True,False,blue_tray,90381,0,1,0,1,,False,False,False,0,0,,,1,229,15.2,0.9191537455077011,0.3306232215810767,0.43702125549316406,0.5089386701583862,0.07191741466522217,-0.1279282569885254,0.0453869104385376,0.173315167427063,0.032307177782058716,0.5050872564315796,0.4727800786495209
episode_000376,2,2,True,True,False,blue_tray,90382,1,2,1,1,blue_cube_1,False,False,False,0,0,,,2,299,19.866666666666667,1.272579085586064,0.1450337837736382,0.383364200592041,0.5748844146728516,0.19152021408081055,-0.25835394859313965,0.17972254753112793,0.4380764961242676,0.033062659204006195,0.22164034843444824,0.18857768923044205
episode_000377,2,2,True,True,False,blue_tray,90383,0,2,0,2,,True,False,False,0,0,,,2,537,35.733333333333334,2.177233308590214,0.33397878625896554,0.3860812187194824,0.6033942699432373,0.21731305122375488,-0.24894475936889648,0.22741210460662842,0.4763568639755249,0.030680865049362183,0.5048350095748901,0.47415414452552795
episode_000378,2,2,True,True,False,blue_tray,90384,0,2,0,2,,False,False,False,0,0,,,2,607,40.4,2.3591009547191435,0.12003304865419509,0.45364928245544434,0.5966818332672119,0.14303255081176758,-0.22622203826904297,0.2666044235229492,0.4928264617919922,0.03310101479291916,0.27760279178619385,0.2445017769932747
episode_000379,2,2,True,True,False,blue_tray,90385,1,2,1,1,blue_cube_0,False,False,False,0,0,,,2,211,14.0,0.6658083500395581,0.13670528374285829,0.43982648849487305,0.5694060325622559,0.1295795440673828,-0.1215670108795166,0.016337156295776367,0.13790416717529297,0.027345791459083557,0.2216881811618805,0.19434238970279694
episode_000380,1,2,True,True,False,blue_tray,90386,0,1,0,1,,False,False,False,0,0,,,1,321,21.333333333333332,1.1043390703980633,0.48823751331863435,0.50141441822052,0.6869605779647827,0.1855461597442627,-0.15846788883209229,0.17357206344604492,0.3320399522781372,0.03222869336605072,0.4968273639678955,0.4645986706018448
episode_000381,2,2,True,True,False,blue_tray,90387,0,2,0,2,,False,False,False,0,0,,,2,532,35.4,2.118181109749196,0.37642959378060337,0.4145965576171875,0.5655040740966797,0.1509075164794922,-0.14894986152648926,0.26913297176361084,0.4180828332901001,0.033326245844364166,0.5008065104484558,0.46748026460409164
episode_000385,2,2,True,True,False,blue_tray,90391,0,2,0,2,,False,False,False,0,0,,,2,448,29.8,1.714203184214432,0.5508143134264205,0.3700680732727051,0.5823473930358887,0.2122793197631836,-0.15564608573913574,0.2873283624649048,0.4429744482040405,0.03125504404306412,0.4536534547805786,0.4223984107375145
episode_000388,1,2,True,True,False,blue_tray,90394,0,1,0,1,,True,True,True,0,0,,,1,298,19.8,1.360942138277466,0.24241677729941624,0.42255258560180664,0.6449319124221802,0.22237932682037354,-0.18765008449554443,0.31707072257995605,0.5047208070755005,0.03268296271562576,0.35486215353012085,0.3221791908144951
episode_000389,1,2,False,False,True,blue_tray,90395,0,1,0,1,,False,False,False,1,1,solver_recovery_exhausted,approach,0,520,34.6,1.7100008901198795,0.3949731852803027,0.45059704780578613,0.6707489490509033,0.2201519012451172,-0.17878103256225586,0.1855790615081787,0.36436009407043457,0.1068342924118042,0.4703197181224823,0.3634854257106781
episode_000390,2,2,True,True,False,blue_tray,90396,0,2,0,2,,False,False,False,0,0,,,2,777,51.733333333333334,2.0746389539090786,0.6511854131757974,0.3679687976837158,0.5982098579406738,0.230241060256958,-0.3126581907272339,0.2687079906463623,0.5813661813735962,0.032359153032302856,0.41890719532966614,0.3865480422973633
episode_000391,1,2,True,True,False,blue_tray,90397,0,1,0,1,,False,False,False,0,0,,,1,305,20.266666666666666,1.023110526784678,0.3537625791876764,0.5079092979431152,0.616208553314209,0.10829925537109375,-0.1279153823852539,0.25046348571777344,0.37837886810302734,0.032890163362026215,0.3829982876777649,0.3501081243157387
episode_000392,2,2,True,True,False,blue_tray,90398,1,2,1,1,blue_cube_0,False,False,False,0,0,,,2,265,17.6,1.1182528005767747,0.15152367958046128,0.4575629234313965,0.5644488334655762,0.10688591003417969,-0.18218684196472168,0.2142658233642578,0.3964526653289795,0.03355143964290619,0.28312602639198303,0.24957458674907684
episode_000393,2,2,True,True,False,blue_tray,90399,0,2,0,2,,False,False,False,0,0,,,2,554,36.86666666666667,1.8333478339353926,0.3918918660580875,0.40094852447509766,0.644723653793335,0.2437751293182373,-0.1497058868408203,0.14457762241363525,0.29428350925445557,0.032904110848903656,0.5124827027320862,0.4795785918831825
episode_000399,1,2,False,False,True,blue_tray,90405,0,1,0,1,,True,True,True,1,1,solver_recovery_exhausted,approach,0,719,47.86666666666667,2.2155309281256192,0.3095471437263967,0.4501349925994873,0.7162107229232788,0.2660757303237915,-0.017372846603393555,0.2644704580307007,0.28184330463409424,0.036613211035728455,0.4560360312461853,0.41942282021045685
episode_000402,1,2,True,True,False,blue_tray,90408,0,1,0,1,,False,False,False,0,0,,,1,353,23.466666666666665,1.4802837811881076,0.32911924992869795,0.5049622058868408,0.6380259990692139,0.13306379318237305,-0.25398755073547363,0.2716560363769531,0.5256435871124268,0.032860442996025085,0.5054224133491516,0.4725619703531265
episode_000403,2,2,True,True,False,blue_tray,90409,1,2,1,1,blue_cube_1,False,False,False,0,0,,,2,269,17.866666666666667,1.0188680212816794,0.10359253975961326,0.49159395694732666,0.593916654586792,0.10232269763946533,-0.1261906623840332,0.19094884395599365,0.31713950634002686,0.0322333499789238,0.26087239384651184,0.22863904386758804
episode_000404,2,2,True,True,False,blue_tray,90410,0,2,0,2,,False,False,False,0,0,,,2,593,39.46666666666667,2.231717863640542,0.10267297687018358,0.40515995025634766,0.6127781867980957,0.20761823654174805,-0.2977489233016968,0.16504168510437012,0.4627906084060669,0.03305773437023163,0.2759076654911041,0.2428499311208725
episode_000405,1,2,True,True,False,blue_tray,90411,0,1,0,1,,False,False,False,0,0,,,1,289,19.2,0.9197238910672821,0.4066484212540305,0.5091288089752197,0.5894880294799805,0.08035922050476074,-0.147935152053833,0.13417363166809082,0.28210878372192383,0.033262722194194794,0.4797916114330292,0.4465288892388344
episode_000407,2,2,True,True,False,blue_tray,90413,0,2,0,2,,False,False,False,0,0,,,2,554,36.86666666666667,2.168086696524497,0.2965128061205914,0.41351819038391113,0.6507061719894409,0.23718798160552979,-0.1518542766571045,0.20565617084503174,0.35751044750213623,0.029514916241168976,0.4554125666618347,0.42589765042066574
episode_000409,2,2,True,True,False,blue_tray,90415,1,2,1,1,blue_cube_1,False,False,False,0,0,,,2,260,17.266666666666666,0.9228058021194048,0.129361837017822,0.46030735969543457,0.5977644920349121,0.13745713233947754,-0.15079593658447266,0.09765613079071045,0.2484520673751831,0.032229892909526825,0.2681274116039276,0.2358975186944008
episode_000410,1,2,True,True,False,blue_tray,90416,0,1,0,1,,False,False,False,0,0,,,1,391,26.0,1.4436979638885512,0.29634187278693674,0.4284083843231201,0.5260477066040039,0.09763932228088379,-0.20657598972320557,0.2586781978607178,0.46525418758392334,0.03258708119392395,0.4604130983352661,0.42782601714134216
episode_000412,1,2,True,True,False,blue_tray,90418,0,1,0,1,,False,False,False,0,0,,,1,252,16.733333333333334,1.025865823265377,0.33549325863313023,0.41450631618499756,0.5057015419006348,0.09119522571563721,-0.08981657028198242,0.16592907905578613,0.25574564933776855,0.033491164445877075,0.49858278036117554,0.46509161591529846
episode_000413,1,2,True,True,False,blue_tray,90419,0,1,0,1,,False,False,False,0,0,,,1,239,15.866666666666667,0.8597518007675122,0.4163854022577153,0.41974520683288574,0.5061056613922119,0.08636045455932617,-0.14749693870544434,0.21892452239990234,0.3664214611053467,0.0317138135433197,0.367337167263031,0.3356233537197113
episode_000414,1,2,True,True,False,blue_tray,90420,0,1,0,1,,False,False,False,0,0,,,1,321,21.333333333333332,1.2189791112304427,0.5627836123516498,0.40569353103637695,0.5244815349578857,0.11878800392150879,-0.27693021297454834,0.260847806930542,0.5377780199050903,0.03304910659790039,0.4137096703052521,0.3806605637073517
episode_000416,1,2,True,True,False,blue_tray,90422,0,1,0,1,,False,False,False,0,0,,,1,311,20.666666666666668,1.3240818208726717,0.2601979798188656,0.3966550827026367,0.6287022829055786,0.2320472002029419,-0.23607420921325684,0.17823433876037598,0.4143085479736328,0.03333350270986557,0.4179561734199524,0.3846226707100868
episode_000417,2,2,True,True,False,blue_tray,90423,0,2,0,2,,False,False,False,1,1,,,2,876,58.333333333333336,3.142052644015741,0.16175415685686334,0.42462825775146484,0.6650197505950928,0.24039149284362793,-0.17202234268188477,0.19893884658813477,0.37096118927001953,0.03259363770484924,0.38112717866897583,0.3485335409641266
episode_000418,1,2,True,True,False,blue_tray,90424,0,1,0,1,,False,False,False,1,1,,,1,659,43.86666666666667,1.9545243345334433,0.38153161108867173,0.40483760833740234,0.5423285961151123,0.13749098777770996,-0.1336904764175415,0.2642638683319092,0.3979543447494507,0.031294263899326324,0.3719184398651123,0.340624175965786
episode_000419,1,2,True,True,False,blue_tray,90425,0,1,0,1,,False,False,False,0,0,,,1,253,16.8,0.9169634505645798,0.22053352334706566,0.5080007314682007,0.6896011829376221,0.1816004514694214,-0.12667226791381836,0.12980031967163086,0.2564725875854492,0.03205264359712601,0.3045693039894104,0.2725166603922844
episode_000420,2,2,True,True,False,blue_tray,90426,0,2,0,2,,False,False,False,0,0,,,2,530,35.266666666666666,1.755811012222554,0.42543257951700014,0.44995319843292236,0.5762631893157959,0.12630999088287354,-0.25334346294403076,0.17074275016784668,0.42408621311187744,0.032342784106731415,0.276584267616272,0.24424148350954056
episode_000421,2,2,True,True,False,blue_tray,90427,0,2,0,2,,False,False,False,0,0,,,2,517,34.4,1.8401862778513245,0.2863871481274802,0.4545595645904541,0.5635619163513184,0.10900235176086426,-0.21122527122497559,0.1265174150466919,0.3377426862716675,0.03304319083690643,0.4612029194831848,0.4281597286462784
episode_000422,1,2,True,True,False,blue_tray,90428,0,1,0,1,,False,False,False,0,0,,,1,228,15.133333333333333,0.9858429002832267,0.5289723931304627,0.5034966468811035,0.6156213283538818,0.11212468147277832,-0.19259607791900635,0.2679281234741211,0.46052420139312744,0.03342956304550171,0.4232621490955353,0.38983258605003357
episode_000424,2,2,True,True,False,blue_tray,90430,1,2,1,1,blue_cube_1,False,False,False,0,0,,,2,279,18.53333333333333,1.0787032152091296,0.1211289322473746,0.44318413734436035,0.5662537813186646,0.1230696439743042,-0.17739713191986084,0.16552138328552246,0.3429185152053833,0.03255850821733475,0.23230300843715668,0.19974450021982193
episode_000425,1,2,True,True,False,blue_tray,90431,0,1,0,1,,False,False,False,0,0,,,1,269,17.866666666666667,0.7681144549281458,0.3092860376005923,0.5090043544769287,0.6188361644744873,0.1098318099975586,-0.14771533012390137,0.08474147319793701,0.23245680332183838,0.03329792618751526,0.35958132147789,0.32628339529037476
episode_000427,1,2,True,True,False,blue_tray,90433,0,1,0,1,,False,False,False,0,0,,,1,286,19.0,1.1474719489834615,0.14071449279357773,0.4799920320510864,0.537184476852417,0.057192444801330566,-0.20060086250305176,0.21332037448883057,0.4139212369918823,0.03184124082326889,0.30556929111480713,0.27372805029153824
episode_000429,1,2,True,True,False,blue_tray,90435,0,1,0,1,,False,False,False,0,0,,,1,267,17.733333333333334,0.9713102174054813,0.4169635303633724,0.501206636428833,0.5149276256561279,0.013720989227294922,-0.1467151641845703,0.10919415950775146,0.2559093236923218,0.033464595675468445,0.5170157551765442,0.48355115950107574
episode_000431,2,2,True,True,False,blue_tray,90437,1,2,1,1,blue_cube_0,False,False,False,0,0,,,2,262,17.4,0.9658391602844512,0.12746388388468424,0.44828104972839355,0.6534584760665894,0.2051774263381958,-0.13766121864318848,0.12167131900787354,0.259332537651062,0.03239478915929794,0.23588839173316956,0.2034936025738716
episode_000433,2,2,True,True,False,blue_tray,90439,0,2,0,2,,False,False,False,1,1,,,2,1034,68.86666666666666,2.9722345107689425,0.24444220993812146,0.4505491256713867,0.562633752822876,0.11208462715148926,-0.15087246894836426,0.1868274211883545,0.33769989013671875,0.026368744671344757,0.38550102710723877,0.359132282435894
episode_000434,2,2,True,True,False,blue_tray,90440,0,2,0,2,,False,False,False,0,0,,,2,607,40.4,2.429938047926093,0.5136109368702813,0.4484715461730957,0.5632965564727783,0.11482501029968262,-0.23232245445251465,0.26969194412231445,0.5020143985748291,0.033314645290374756,0.44526419043540955,0.4119495451450348
episode_000436,1,2,True,True,False,blue_tray,90442,0,1,0,1,,False,False,False,0,0,,,1,298,19.8,1.082846644807532,0.3668029829797079,0.5090318918228149,0.684380054473877,0.175348162651062,-0.1327052116394043,0.1633622646331787,0.296067476272583,0.03302798420190811,0.49377527832984924,0.46074729412794113
episode_000437,1,2,True,True,False,blue_tray,90443,0,1,0,1,,False,False,False,0,0,,,1,358,23.8,1.2123137706996974,0.3121998617999626,0.4866166114807129,0.5146377086639404,0.02802109718322754,-0.1463468074798584,0.1973792314529419,0.3437260389328003,0.032279133796691895,0.4734189510345459,0.441139817237854
episode_000439,2,2,True,True,False,blue_tray,90445,0,2,0,2,,False,False,False,0,0,,,2,541,36.0,2.0533812982999695,0.29791514852456574,0.3939303159713745,0.6211220026016235,0.22719168663024902,-0.22611069679260254,0.1924877166748047,0.4185984134674072,0.027793318033218384,0.4618339538574219,0.4340406358242035
episode_000440,2,2,True,True,False,blue_tray,90446,0,2,0,2,,False,False,False,0,0,,,2,510,33.93333333333333,1.975194267788746,0.4282220676241062,0.39169812202453613,0.5978291034698486,0.2061309814453125,-0.2418426275253296,0.1678299903869629,0.4096726179122925,0.03299380838871002,0.25568121671676636,0.22268740832805634
episode_000441,1,2,True,True,False,blue_tray,90447,0,1,0,1,,False,False,False,0,0,,,1,299,19.866666666666667,0.9937583624550596,0.4306950242068485,0.473128080368042,0.5520102977752686,0.07888221740722656,-0.14682579040527344,0.20359468460083008,0.3504204750061035,0.029658764600753784,0.4324567914009094,0.40279802680015564
episode_000442,1,2,True,True,False,blue_tray,90448,0,1,0,1,,True,True,True,0,0,,,1,288,19.133333333333333,1.0044748055823836,0.19490743388272289,0.45717740058898926,0.550736665725708,0.09355926513671875,-0.09914684295654297,0.26641392707824707,0.36556077003479004,0.03358566761016846,0.28053706884384155,0.2469514012336731
episode_000443,2,2,False,False,True,blue_tray,90449,0,2,0,2,,True,False,False,1,1,solver_recovery_exhausted,approach,1,717,47.733333333333334,2.5569985609345682,0.3612632521487765,0.426318883895874,0.6068918704986572,0.1805729866027832,-0.251741886138916,0.17269062995910645,0.42443251609802246,0.03172288089990616,0.4569694399833679,0.42524655908346176
episode_000444,1,2,True,True,False,blue_tray,90450,0,1,0,1,,False,False,False,0,0,,,1,342,22.733333333333334,1.3130109641381482,0.15646808992775937,0.4654198884963989,0.5724029541015625,0.10698306560516357,-0.26920413970947266,0.20620989799499512,0.4754140377044678,0.03257390856742859,0.32172492146492004,0.28915101289749146
episode_000445,2,2,False,False,True,blue_tray,90451,0,2,0,2,,False,False,False,1,1,solver_recovery_exhausted,approach,1,883,58.8,2.2689766197227543,0.346238567352516,0.36809229850769043,0.6197121143341064,0.251619815826416,-0.15269756317138672,0.09639143943786621,0.24908900260925293,0.031230561435222626,0.422468900680542,0.39123833924531937
episode_000446,1,2,True,True,False,blue_tray,90452,0,1,0,1,,False,False,False,0,0,,,1,324,21.53333333333333,1.4424187442793313,0.3765290847967349,0.496506929397583,0.6571986675262451,0.1606917381286621,-0.26231813430786133,0.2652292251586914,0.5275473594665527,0.03289283812046051,0.5064562559127808,0.47356341779232025
episode_000447,2,2,True,True,False,blue_tray,90453,0,2,0,2,,False,False,False,0,0,,,2,519,34.53333333333333,1.865798539433584,0.18441801823374473,0.40256059169769287,0.6304285526275635,0.2278679609298706,-0.24308228492736816,0.11503946781158447,0.35812175273895264,0.03301681578159332,0.29893413186073303,0.2659173160791397
episode_000449,2,2,True,True,False,blue_tray,90455,0,2,0,2,,True,False,False,0,0,,,2,597,39.733333333333334,2.2179956177592723,0.34532522053942905,0.3855018615722656,0.6249282360076904,0.2394263744354248,-0.21346235275268555,0.22760224342346191,0.44106459617614746,0.03222128003835678,0.5236008167266846,0.4913795366883278
episode_000450,2,2,False,False,True,blue_tray,90456,0,2,0,2,,False,False,False,1,1,solver_recovery_exhausted,move_above_slot,1,898,59.8,3.106844808309668,0.40464783512711333,0.4467172622680664,0.63010573387146,0.18338847160339355,-0.2892416715621948,0.2720906734466553,0.5613323450088501,0.03268282115459442,0.37091243267059326,0.33822961151599884
episode_000451,1,2,True,True,False,blue_tray,90457,0,1,0,1,,False,False,False,0,0,,,1,285,18.933333333333334,1.0150750344221442,0.5571558918093987,0.40764594078063965,0.5051968097686768,0.09755086898803711,-0.16173958778381348,0.3196876049041748,0.4814271926879883,0.0326438844203949,0.4515930116176605,0.4189491271972656
episode_000453,2,2,True,True,False,blue_tray,90459,1,2,1,1,blue_cube_0,False,False,False,0,0,,,2,289,19.2,1.2746338061587246,0.12381351296283064,0.44239068031311035,0.5747928619384766,0.1324021816253662,-0.24663519859313965,0.1987595558166504,0.44539475440979004,0.03257673978805542,0.25281551480293274,0.22023877501487732
episode_000455,1,2,False,False,True,blue_tray,90461,0,1,0,1,,False,False,False,1,1,solver_recovery_exhausted,approach,0,488,32.46666666666667,1.4538443004974937,0.315856336160197,0.45060300827026367,0.6267390251159668,0.17613601684570312,-0.0058994293212890625,0.18421626091003418,0.19011569023132324,0.11041471362113953,0.41784000396728516,0.30742529034614563
episode_000456,1,2,True,True,False,blue_tray,90462,0,1,0,1,,True,True,True,0,0,,,1,366,24.333333333333332,1.0854616808394102,0.4357414604471096,0.5137643814086914,0.6214659214019775,0.10770153999328613,-0.10005903244018555,0.2706272602081299,0.37068629264831543,0.03220183402299881,0.4153288006782532,0.38312696665525436
episode_000457,1,2,True,True,False,blue_tray,90463,0,1,0,1,,False,False,False,0,0,,,1,274,18.2,0.9833926418554807,0.3144583518705198,0.5088182687759399,0.6594798564910889,0.15066158771514893,-0.07473540306091309,0.19050800800323486,0.26524341106414795,0.03305341303348541,0.41969025135040283,0.3866368383169174
episode_000459,1,2,False,False,True,blue_tray,90465,0,1,0,1,,False,False,False,1,1,solver_recovery_exhausted,approach,0,415,27.599999999999998,1.4952775180331095,0.19022509897348908,0.4497823715209961,0.6583037376403809,0.20852136611938477,-0.013852596282958984,0.2277449369430542,0.24159753322601318,0.1061902791261673,0.3822104334831238,0.2760201543569565
episode_000461,1,2,True,True,False,blue_tray,90467,0,1,0,1,,False,False,False,0,0,,,1,311,20.666666666666668,1.3606846273555195,0.335839611189063,0.4319688081741333,0.6012617349624634,0.16929292678833008,-0.2267470359802246,0.192757248878479,0.4195042848587036,0.03272174298763275,0.5135596394538879,0.4808378964662552
episode_000462,2,2,True,True,False,blue_tray,90468,1,2,1,1,blue_cube_1,False,False,False,0,0,,,2,261,17.333333333333332,0.9202334838705152,0.10457959654195065,0.480043888092041,0.5645385980606079,0.0844947099685669,-0.10639989376068115,0.17978596687316895,0.2861858606338501,0.03338254988193512,0.24363233149051666,0.21024978160858154
episode_000463,1,2,True,True,False,blue_tray,90469,0,1,0,1,,False,False,False,0,0,,,1,239,15.866666666666667,0.9835880797562924,0.44511035924347386,0.452195405960083,0.6049530506134033,0.1527576446533203,-0.16326498985290527,0.19686377048492432,0.3601287603378296,0.0331992581486702,0.44313836097717285,0.40993910282850266
episode_000464,2,2,False,False,True,blue_tray,90470,0,2,0,2,,False,False,False,1,1,solver_recovery_exhausted,move_above_slot,1,777,51.733333333333334,3.2552587480884263,0.3906038941125773,0.37922072410583496,0.6123659610748291,0.23314523696899414,-0.2756996154785156,0.2800760269165039,0.5557756423950195,0.033018678426742554,0.45183640718460083,0.4188177287578583
episode_000465,1,2,True,True,False,blue_tray,90471,0,1,0,1,,False,False,False,0,0,,,1,279,18.53333333333333,1.1201017036574932,0.40098502381533246,0.4115530252456665,0.5808372497558594,0.16928422451019287,-0.20514559745788574,0.19384002685546875,0.3989856243133545,0.03362720459699631,0.43486225605010986,0.40123505145311356
episode_000466,2,2,True,True,False,blue_tray,90472,0,2,0,2,,False,False,False,0,0,,,2,577,38.4,2.2811784035683695,0.5196725280820084,0.3983861207962036,0.5639106035232544,0.16552448272705078,-0.2651383876800537,0.1789538860321045,0.4440922737121582,0.03334657847881317,0.4847628176212311,0.4514162391424179
episode_000467,1,2,True,True,False,blue_tray,90473,0,1,0,1,,False,False,False,0,0,,,1,331,22.0,1.2085571734536709,0.32033835564629903,0.3815438747406006,0.5088891983032227,0.12734532356262207,-0.1620347499847412,0.18374097347259521,0.3457757234573364,0.03358563035726547,0.4993605613708496,0.46577493101358414
episode_000468,1,2,True,True,False,blue_tray,90474,0,1,0,1,,False,False,False,0,0,,,1,294,19.53333333333333,1.0072644095712588,0.5720790038874368,0.37111973762512207,0.5078661441802979,0.13674640655517578,-0.27695536613464355,0.276094913482666,0.5530502796173096,0.03377901017665863,0.32048383355140686,0.28670482337474823
episode_000469,1,2,True,True,False,blue_tray,90475,0,1,0,1,,False,False,False,0,0,,,1,319,21.2,1.4598263086892913,0.36803630115076214,0.3846917152404785,0.6257579326629639,0.24106621742248535,-0.26490235328674316,0.19281375408172607,0.45771610736846924,0.03357333689928055,0.5354287624359131,0.5018554255366325
episode_000470,1,2,True,True,False,blue_tray,90476,0,1,0,1,,True,True,True,0,0,,,1,328,21.8,1.3028972654764064,0.15300296245258094,0.3773162364959717,0.632969856262207,0.25565361976623535,-0.21170830726623535,0.21052193641662598,0.42223024368286133,0.032978177070617676,0.2654905915260315,0.23251241445541382
episode_000471,1,2,True,True,False,blue_tray,90477,0,1,0,1,,False,False,False,0,0,,,1,275,18.266666666666666,0.9794378838137812,0.20441634240364914,0.4092996120452881,0.6486575603485107,0.23935794830322266,-0.1674938201904297,0.06868648529052734,0.23618030548095703,0.031838178634643555,0.3308085501194,0.29897037148475647
episode_000472,1,2,True,True,False,blue_tray,90478,0,1,0,1,,True,True,True,0,0,,,1,291,19.333333333333332,1.243774160354917,0.2329363691985298,0.4595651626586914,0.5545437335968018,0.09497857093811035,-0.15934228897094727,0.2833104133605957,0.44265270233154297,0.03303183615207672,0.3866516649723053,0.3536198288202286
episode_000475,1,2,True,True,False,blue_tray,90481,0,1,0,1,,False,False,False,0,0,,,1,250,16.6,1.1005860418088227,0.28526906339705715,0.37625980377197266,0.5699501037597656,0.19369029998779297,-0.1669461727142334,0.12852799892425537,0.29547417163848877,0.03287007659673691,0.43943914771080017,0.40656907111406326
episode_000477,2,2,False,False,True,blue_tray,90483,0,2,0,2,,False,False,False,1,1,solver_recovery_exhausted,move_above_slot,1,1198,79.8,3.3950023658502504,0.4046767239080436,0.44059455394744873,0.6446138620376587,0.20401930809020996,-0.2597367763519287,0.19472253322601318,0.4544593095779419,0.024661816656589508,0.3690063953399658,0.3443445786833763
episode_000478,1,2,True,True,False,blue_tray,90484,0,1,0,1,,False,False,False,0,0,,,1,238,15.799999999999999,1.0147161592556613,0.4476807376298098,0.45446109771728516,0.5281023979187012,0.07364130020141602,-0.08894693851470947,0.1855177879333496,0.2744647264480591,0.033233754336833954,0.5380086302757263,0.5047748759388924
episode_000479,1,2,True,True,False,blue_tray,90485,0,1,0,1,,False,False,False,0,0,,,1,428,28.466666666666665,1.5052653979896204,0.11603966274521536,0.5222165584564209,0.6000916957855225,0.07787513732910156,-0.23614192008972168,0.26470422744750977,0.5008461475372314,0.0337095782160759,0.2674367427825928,0.23372716456651688
episode_000480,2,2,False,False,True,blue_tray,90486,0,2,0,2,,False,False,False,1,1,solver_recovery_exhausted,move_above_slot,1,678,45.13333333333333,2.855746296589875,0.18104825599816043,0.38818907737731934,0.6848680973052979,0.2966790199279785,-0.2246861457824707,0.28148412704467773,0.5061702728271484,0.03294333070516586,0.3734183609485626,0.34047503024339676
episode_000481,2,2,True,True,False,blue_tray,90487,0,2,0,2,,False,False,False,0,0,,,2,582,38.733333333333334,2.1586465245285074,0.4274648295052255,0.39608609676361084,0.658576488494873,0.2624903917312622,-0.21079039573669434,0.19236087799072266,0.403151273727417,0.032964132726192474,0.3335816264152527,0.3006174936890602
episode_000483,1,2,True,True,False,blue_tray,90489,0,1,0,1,,False,False,False,0,0,,,1,217,14.4,0.719704712483427,0.2739550637111741,0.5088100433349609,0.6034178733825684,0.09460783004760742,-0.1644880771636963,0.06927049160003662,0.2337585687637329,0.03337106108665466,0.2962159812450409,0.26284492015838623
episode_000484,1,2,True,True,False,blue_tray,90490,0,1,0,1,,False,False,False,0,0,,,1,254,16.866666666666667,0.9814399053810765,0.5062375483338394,0.5071530342102051,0.5807194709777832,0.07356643676757812,-0.14200198650360107,0.27848243713378906,0.42048442363739014,0.033130042254924774,0.46032699942588806,0.4271969571709633
episode_000486,2,2,True,True,False,blue_tray,90492,1,2,1,1,blue_cube_1,False,False,False,0,0,,,2,282,18.733333333333334,1.0447193636688499,0.13944194792357034,0.4362156391143799,0.606452226638794,0.17023658752441406,-0.1292705535888672,0.17581510543823242,0.3050856590270996,0.03239421546459198,0.25851890444755554,0.22612468898296356
episode_000487,2,2,True,True,False,blue_tray,90493,0,2,0,2,,False,False,False,0,0,,,2,465,30.933333333333334,1.624353727421595,0.3508329780622371,0.4276771545410156,0.638329267501831,0.21065211296081543,-0.1666247844696045,0.14957952499389648,0.316204309463501,0.029297038912773132,0.31374892592430115,0.284451887011528
episode_000488,1,2,True,True,False,blue_tray,90494,0,1,0,1,,False,False,False,0,0,,,1,310,20.6,1.0373075145716728,0.47772587858550736,0.3761582374572754,0.5085291862487793,0.1323709487915039,-0.13560473918914795,0.2755279541015625,0.41113269329071045,0.03339792788028717,0.39421024918556213,0.36081232130527496
episode_000491,1,2,True,True,False,blue_tray,90497,0,1,0,1,,False,False,False,0,0,,,1,269,17.866666666666667,0.9030414412552454,0.38228399728941015,0.4560530185699463,0.5091614723205566,0.05310845375061035,-0.16437673568725586,0.16515696048736572,0.3295336961746216,0.03340839594602585,0.3739815950393677,0.3405731990933418
episode_000492,1,2,True,True,False,blue_tray,90498,0,1,0,1,,False,False,False,0,0,,,1,262,17.4,1.0578264752185995,0.3283052217402023,0.495070219039917,0.6181545257568359,0.12308430671691895,-0.048720359802246094,0.28148722648620605,0.33020758628845215,0.03322476148605347,0.449209988117218,0.41598522663116455
episode_000493,1,2,True,True,False,blue_tray,90499,0,1,0,1,,False,False,False,0,0,,,1,264,17.53333333333333,0.9775820184011215,0.44492113018321866,0.37526166439056396,0.5087547302246094,0.1334930658340454,-0.27535462379455566,0.19162273406982422,0.4669773578643799,0.03335274010896683,0.253925621509552,0.22057288140058517
episode_000495,1,2,True,True,False,blue_tray,90501,0,1,0,1,,False,False,False,0,0,,,1,243,16.133333333333333,0.9481126592229508,0.47187381321222593,0.44851064682006836,0.6427075862884521,0.1941969394683838,-0.16244840621948242,0.2621755599975586,0.424623966217041,0.033056437969207764,0.3429829776287079,0.3099265396595001
episode_000496,2,2,True,True,False,blue_tray,90502,0,2,0,2,,True,False,False,0,0,,,2,554,36.86666666666667,2.0091510901301706,0.4106079500209174,0.35802578926086426,0.5887668132781982,0.23074102401733398,-0.1403214931488037,0.27903056144714355,0.41935205459594727,0.033160679042339325,0.4048459529876709,0.3716852739453316
episode_000498,2,2,False,False,True,blue_tray,90504,0,2,0,2,,False,False,False,1,1,solver_recovery_exhausted,move_above_slot,1,718,47.8,3.1448717433211204,0.33114058778131567,0.4078329801559448,0.6455001831054688,0.23766720294952393,-0.23402166366577148,0.18358707427978516,0.41760873794555664,0.032604433596134186,0.47126173973083496,0.4386573061347008
episode_000499,2,2,True,True,False,blue_tray,90505,1,2,1,1,blue_cube_0,True,True,True,0,0,,,2,216,14.333333333333334,0.730337088341382,0.13705229718498824,0.449338436126709,0.5628466606140137,0.11350822448730469,-0.1808149814605713,-0.023803234100341797,0.1570117473602295,0.033307768404483795,0.2642728090286255,0.2309650406241417
episode_000500,1,2,True,True,False,blue_tray,90506,0,1,0,1,,False,False,False,0,0,,,1,303,20.133333333333333,0.9741454742984789,0.337962068068499,0.45157909393310547,0.6260931491851807,0.1745140552520752,0.05889606475830078,0.27698707580566406,0.21809101104736328,0.03338035196065903,0.4697965383529663,0.4364161863923073
episode_000504,1,2,True,True,False,blue_tray,90510,0,1,0,1,,False,False,False,0,0,,,1,275,18.266666666666666,1.002707749805194,0.26876745110735184,0.5080342292785645,0.6162104606628418,0.10817623138427734,-0.1418287754058838,0.2752864360809326,0.4171152114868164,0.03299278765916824,0.2720468044281006,0.23905401676893234
episode_000505,2,2,True,True,False,blue_tray,90511,0,2,0,2,,False,False,False,0,0,,,2,613,40.8,2.387152008166523,0.3071076801372681,0.43767738342285156,0.5671094655990601,0.1294320821762085,-0.31299400329589844,0.19151973724365234,0.5045137405395508,0.03296642750501633,0.37500858306884766,0.34204215556383133
episode_000510,2,2,True,True,False,blue_tray,90516,0,2,0,2,,False,False,False,0,0,,,2,544,36.2,2.1886026304245503,0.12602370028853466,0.45392274856567383,0.6411501169204712,0.18722736835479736,-0.2094717025756836,0.17806243896484375,0.38753414154052734,0.032736144959926605,0.26242730021476746,0.22969115525484085
episode_000515,2,2,True,True,False,blue_tray,90521,0,2,0,2,,False,False,False,0,0,,,2,457,30.4,1.5722115174246172,0.3146719702066854,0.4547123908996582,0.5857484340667725,0.13103604316711426,-0.16559791564941406,0.10978353023529053,0.2753814458847046,0.031825125217437744,0.3472469449043274,0.31542181968688965
episode_000516,2,2,True,True,False,blue_tray,90522,0,2,0,2,,True,True,True,0,0,,,2,573,38.13333333333333,2.079147998283532,0.5483363849754673,0.45355677604675293,0.576514720916748,0.12295794486999512,-0.2538503408432007,0.2765846252441406,0.5304349660873413,0.03299050033092499,0.3231179714202881,0.2901274710893631
episode_000518,2,2,True,True,False,blue_tray,90524,0,2,0,2,,False,False,False,0,0,,,2,500,33.266666666666666,2.019265795329459,0.4975757169266104,0.4487038850784302,0.6293153762817383,0.1806114912033081,-0.29766905307769775,0.17921066284179688,0.47687971591949463,0.03313352167606354,0.32808804512023926,0.2949545234441757
episode_000519,2,2,True,True,False,blue_tray,90525,0,2,0,2,,False,False,False,0,0,,,2,478,31.8,1.9428172179393708,0.3370725213493659,0.3811922073364258,0.6502072811126709,0.2690150737762451,-0.1669306755065918,0.18872499465942383,0.3556556701660156,0.03295072913169861,0.40032488107681274,0.36737415194511414
episode_000520,2,2,True,True,False,blue_tray,90526,1,2,1,1,blue_cube_0,False,False,False,0,0,,,2,237,15.733333333333333,0.9163998030886807,0.14235082617904346,0.4468262195587158,0.5884692668914795,0.14164304733276367,0.022086143493652344,0.27454280853271484,0.2524566650390625,0.03175622969865799,0.27356088161468506,0.24180465191602707
episode_000521,1,2,True,True,False,blue_tray,90527,0,1,0,1,,False,False,False,0,0,,,1,275,18.266666666666666,1.171800932598782,0.32953281029651554,0.507736325263977,0.6304175853729248,0.12268126010894775,-0.09426212310791016,0.30127060413360596,0.3955327272415161,0.03292650729417801,0.4719640910625458,0.43903758376836777
episode_000522,1,2,True,True,False,blue_tray,90528,0,1,0,1,,False,False,False,0,0,,,1,273,18.133333333333333,0.9524872600395808,0.199122226184535,0.40627384185791016,0.6116728782653809,0.2053990364074707,-0.03467667102813721,0.17651581764221191,0.21119248867034912,0.03333107382059097,0.3589252829551697,0.3255942091345787
episode_000524,2,2,True,True,False,blue_tray,90530,0,2,0,2,,True,True,True,0,0,,,2,700,46.6,2.739044017865241,0.3218966303004684,0.4138176441192627,0.5921759605407715,0.1783583164215088,-0.24975073337554932,0.2760443687438965,0.5257951021194458,0.03311046212911606,0.4801059663295746,0.4469955042004585
episode_000525,2,2,True,True,False,blue_tray,90531,0,2,0,2,,False,False,False,0,1,,,2,729,48.53333333333333,2.8868470967698894,0.183198194446404,0.4137457609176636,0.6395928859710693,0.22584712505340576,-0.20770859718322754,0.18834292888641357,0.3960515260696411,0.029231302440166473,0.3771613836288452,0.34793008118867874
episode_000527,2,2,True,True,False,blue_tray,90533,0,2,0,2,,False,False,False,0,0,,,2,503,33.46666666666667,1.8630982268084,0.407547860368677,0.3734424114227295,0.6421465873718262,0.2687041759490967,-0.166886568069458,0.18355059623718262,0.3504371643066406,0.02715805172920227,0.37390685081481934,0.34674879908561707
episode_000528,2,2,False,False,True,blue_tray,90534,0,2,0,2,,False,False,False,1,1,solver_recovery_exhausted,move_above_slot,1,837,55.733333333333334,3.2301288344303236,0.23510226386925664,0.39971137046813965,0.623610258102417,0.22389888763427734,-0.2750210762023926,0.2710843086242676,0.5461053848266602,0.032825760543346405,0.41999682784080505,0.38717106729745865
episode_000529,1,2,True,True,False,blue_tray,90535,0,1,0,1,,False,False,False,0,0,,,1,298,19.8,1.076547348863813,0.46696962144830967,0.42410171031951904,0.5914504528045654,0.1673487424850464,-0.2312004566192627,0.1959245204925537,0.4271249771118164,0.03307875245809555,0.363355815410614,0.33027706295251846
episode_000530,1,2,True,True,False,blue_tray,90536,0,1,0,1,,False,False,False,0,0,,,1,313,20.8,1.1729956992930837,0.5601320414098621,0.4332786798477173,0.5980784893035889,0.16479980945587158,-0.3135033845901489,0.17757678031921387,0.4910801649093628,0.0330505445599556,0.4481668472290039,0.4151163026690483
episode_000532,2,2,True,True,False,blue_tray,90538,0,2,0,2,,False,False,False,0,0,,,2,629,41.86666666666667,2.580939363640409,0.3525443515426916,0.4528968334197998,0.6076030731201172,0.15470623970031738,-0.25970304012298584,0.2781236171722412,0.537826657295227,0.033300451934337616,0.5202755928039551,0.48697514086961746
episode_000533,1,2,True,True,False,blue_tray,90539,0,1,0,1,,False,False,False,0,0,,,1,325,21.6,1.0992592072078253,0.29728806490075915,0.5082039833068848,0.6583476066589355,0.15014362335205078,-0.13338732719421387,0.19187450408935547,0.32526183128356934,0.032687216997146606,0.4442299008369446,0.411542683839798
episode_000534,1,2,True,True,False,blue_tray,90540,0,1,0,1,,False,False,False,0,0,,,1,285,18.933333333333334,1.0950434865741834,0.596601653755106,0.38368213176727295,0.5081315040588379,0.12444937229156494,-0.31376004219055176,0.1777651309967041,0.49152517318725586,0.03378000110387802,0.5043908357620239,0.4706108346581459
episode_000536,1,2,True,True,False,blue_tray,90542,0,1,0,1,,False,False,False,0,0,,,1,282,18.733333333333334,1.1221448272320256,0.5210513771616946,0.37866926193237305,0.6319770812988281,0.2533078193664551,-0.15585505962371826,0.278247594833374,0.4341026544570923,0.03378701210021973,0.44878464937210083,0.4149976372718811
episode_000537,1,2,True,True,False,blue_tray,90543,0,1,0,1,,False,False,False,0,0,,,1,290,19.266666666666666,0.9862400895109162,0.2504856356643754,0.38006913661956787,0.6042705774307251,0.22420144081115723,-0.015418052673339844,0.19108045101165771,0.20649850368499756,0.03363683074712753,0.4144294559955597,0.38079262524843216
episode_000538,2,2,False,False,True,blue_tray,90544,1,2,1,1,blue_cube_1,False,False,False,1,1,solver_recovery_exhausted,move_above_slot,1,413,27.466666666666665,1.7332488026814004,0.23583621632764742,0.43266546726226807,0.5884935855865479,0.15582811832427979,-0.15555155277252197,0.16509699821472168,0.32064855098724365,0.0332082137465477,0.3721064329147339,0.3388982191681862
episode_000540,2,2,True,True,False,blue_tray,90546,0,2,0,2,,False,False,False,0,0,,,2,732,48.733333333333334,2.7914498480759216,0.19566170697527496,0.41126036643981934,0.6066083908081055,0.19534802436828613,-0.2992798089981079,0.2770259380340576,0.5763057470321655,0.03272552788257599,0.3577968180179596,0.3250712901353836
episode_000541,2,2,True,True,False,blue_tray,90547,0,2,0,2,,False,False,False,0,0,,,2,556,37.0,2.0615583073007286,0.32127206644384987,0.44958603382110596,0.5624599456787109,0.11287391185760498,-0.24382781982421875,0.1912933588027954,0.43512117862701416,0.03325764834880829,0.30920684337615967,0.2759491950273514
episode_000545,2,2,True,True,False,blue_tray,90551,1,2,1,1,blue_cube_0,False,False,False,1,1,,,2,548,36.46666666666667,1.7865704229143953,0.13291330088810177,0.46491003036499023,0.5759730339050293,0.11106300354003906,-0.14107704162597656,0.1861119270324707,0.32718896865844727,0.03164698928594589,0.3771325945854187,0.3454856052994728
episode_000546,1,2,True,True,False,blue_tray,90552,0,1,0,1,,True,True,True,0,0,,,1,332,22.066666666666666,1.4190799534104792,0.18176296980924334,0.41466987133026123,0.5084539651870728,0.09378409385681152,-0.30728912353515625,0.2207930088043213,0.5280821323394775,0.03316234052181244,0.33921507000923157,0.30605272948741913
episode_000547,1,2,True,True,False,blue_tray,90553,0,1,0,1,,False,False,False,0,0,,,1,263,17.466666666666665,1.0416755546840715,0.40298117523761945,0.3647127151489258,0.5047590732574463,0.1400463581085205,-0.16371488571166992,0.09295463562011719,0.2566695213317871,0.029267139732837677,0.5097662210464478,0.4804990813136101
episode_000548,2,2,True,True,False,blue_tray,90554,1,2,1,1,blue_cube_1,False,False,False,0,0,,,2,347,23.066666666666666,1.4568051777064968,0.12980393846230434,0.43754076957702637,0.5715689659118652,0.13402819633483887,-0.2622896432876587,0.2901434898376465,0.5524331331253052,0.03263530880212784,0.22337567806243896,0.19074036926031113
episode_000549,1,2,True,True,False,blue_tray,90555,0,1,0,1,,False,False,False,0,0,,,1,274,18.2,1.0592970387918037,0.23487368194715236,0.4120877981185913,0.5084176063537598,0.09632980823516846,-0.15437054634094238,0.19287240505218506,0.34724295139312744,0.03369054198265076,0.38991856575012207,0.3562280237674713
episode_000550,2,2,True,True,False,blue_tray,90556,0,2,0,2,,False,False,False,0,0,,,2,523,34.8,2.1405578586040006,0.5194125534566957,0.3753167390823364,0.6156414747238159,0.2403247356414795,-0.24283123016357422,0.179063081741333,0.4218943119049072,0.03300650417804718,0.5357258319854736,0.5027193278074265
episode_000551,1,2,True,True,False,blue_tray,90557,0,1,0,1,,False,False,False,0,0,,,1,293,19.466666666666665,1.2406036755985774,0.2413367738609248,0.4494290351867676,0.5170753002166748,0.06764626502990723,-0.2513465881347656,0.19827914237976074,0.44962573051452637,0.03326193988323212,0.4053570330142975,0.37209509313106537
episode_000552,2,2,True,True,False,blue_tray,90558,0,2,0,2,,False,False,False,0,0,,,2,615,40.93333333333333,2.339976265460585,0.27762549028994987,0.4299933910369873,0.6576917171478271,0.22769832611083984,-0.15433979034423828,0.2772088050842285,0.4315485954284668,0.03308434039354324,0.44723376631736755,0.4141494259238243
episode_000553,2,2,True,True,False,blue_tray,90559,1,2,1,1,blue_cube_1,False,False,False,1,1,,,2,607,40.4,1.9825511056292482,0.1353039999923944,0.45475494861602783,0.6094954013824463,0.15474045276641846,-0.16025328636169434,0.18863415718078613,0.34888744354248047,0.033126138150691986,0.369246244430542,0.33612010627985
episode_000555,2,2,True,True,False,blue_tray,90561,0,2,0,2,,False,False,False,0,0,,,2,556,37.0,2.0324886015651904,0.2967864212349379,0.3839375972747803,0.621074914932251,0.2371373176574707,-0.29905033111572266,0.12377095222473145,0.4228212833404541,0.03241074085235596,0.42965924739837646,0.3972485065460205
episode_000556,1,2,True,True,False,blue_tray,90562,0,1,0,1,,False,False,False,0,0,,,1,305,20.266666666666666,0.9959923937410002,0.5406456787688613,0.5080225467681885,0.6798121929168701,0.17178964614868164,-0.1960233449935913,0.2768878936767578,0.4729112386703491,0.03331369906663895,0.38707786798477173,0.3537641689181328
episode_000557,1,2,True,True,False,blue_tray,90563,0,1,0,1,,False,False,False,0,0,,,1,301,20.0,1.0059595083861177,0.5283823710469019,0.5021660327911377,0.5854002237319946,0.08323419094085693,-0.25319528579711914,0.1934722661972046,0.44666755199432373,0.031903065741062164,0.45823538303375244,0.4263323172926903
episode_000558,2,2,True,True,False,blue_tray,90564,0,2,0,2,,False,False,False,1,1,,,2,869,57.86666666666667,3.0916342342119387,0.1267684497696886,0.3788522481918335,0.6309926509857178,0.2521404027938843,-0.2120506763458252,0.17867136001586914,0.39072203636169434,0.03192277252674103,0.3714180588722229,0.3394952863454819
episode_000560,1,2,True,True,False,blue_tray,90566,0,1,0,1,,False,False,False,0,0,,,1,405,26.933333333333334,1.195950924811422,0.5903473672851415,0.42627978324890137,0.5446860790252686,0.11840629577636719,-0.28249049186706543,0.27074122428894043,0.5532317161560059,0.032514624297618866,0.363224595785141,0.3307099714875221
episode_000561,1,2,True,True,False,blue_tray,90567,0,1,0,1,,False,False,False,0,0,,,1,322,21.4,1.2460498517104508,0.4553951862416658,0.47450482845306396,0.5530232191085815,0.07851839065551758,-0.26782846450805664,0.190484881401062,0.45831334590911865,0.033063650131225586,0.5277329087257385,0.49466925859451294
episode_000562,2,2,True,True,False,blue_tray,90568,0,2,0,2,,False,False,False,0,0,,,2,555,36.93333333333333,2.167984758990672,0.40671316531302676,0.3960115909576416,0.6228131055831909,0.22680151462554932,-0.19853997230529785,0.18020272254943848,0.37874269485473633,0.032722875475883484,0.464326411485672,0.4316035360097885
episode_000563,1,2,True,True,False,blue_tray,90569,0,1,0,1,,True,True,True,0,0,,,1,275,18.266666666666666,1.040592041249259,0.4630191636239234,0.4179391860961914,0.6213607788085938,0.20342159271240234,-0.1607956886291504,0.23775768280029297,0.39855337142944336,0.03231314569711685,0.40596216917037964,0.3736490234732628
episode_000564,1,2,True,True,False,blue_tray,90570,0,1,0,1,,True,True,True,0,0,,,1,348,23.133333333333333,1.23310778280899,0.6255224202300553,0.45459938049316406,0.518566370010376,0.06396698951721191,-0.2352449893951416,0.2778940200805664,0.513139009475708,0.03340059518814087,0.5455638766288757,0.5121632814407349
episode_000565,2,2,True,True,False,blue_tray,90571,0,2,0,2,,False,False,False,0,0,,,2,518,34.46666666666667,2.043982203438345,0.4685156021326916,0.37721097469329834,0.5621243715286255,0.18491339683532715,-0.25119900703430176,0.19047117233276367,0.44167017936706543,0.03300359100103378,0.47548073530197144,0.44247714430093765
episode_000567,2,2,True,True,False,blue_tray,90573,0,2,0,2,,False,False,False,0,0,,,2,476,31.666666666666668,1.6921800021398115,0.4427340024427917,0.4492940902709961,0.5825674533843994,0.13327336311340332,-0.16674399375915527,0.254474401473999,0.4212183952331543,0.031990595161914825,0.30534428358078003,0.2733536884188652
episode_000568,1,2,True,True,False,blue_tray,90574,0,1,0,1,,False,False,False,0,0,,,1,301,20.0,1.1456239146910736,0.534099825064496,0.44014954566955566,0.6363849639892578,0.19623541831970215,-0.1321786642074585,0.27911376953125,0.4112924337387085,0.0336260125041008,0.5042036175727844,0.4705776050686836
episode_000571,2,2,True,True,False,blue_tray,90577,0,2,0,2,,False,False,False,0,0,,,2,540,35.93333333333333,2.174249156242956,0.2817294100093436,0.45397186279296875,0.6140017509460449,0.16002988815307617,-0.16328692436218262,0.3025956153869629,0.4658825397491455,0.03289888799190521,0.4599847197532654,0.42708583176136017
episode_000572,1,2,True,True,False,blue_tray,90578,0,1,0,1,,False,False,False,0,0,,,1,273,18.133333333333333,1.1054424947980068,0.23666249809904916,0.4489016532897949,0.5106420516967773,0.06174039840698242,-0.04509127140045166,0.27626752853393555,0.3213587999343872,0.03357139974832535,0.4256115257740021,0.3920401260256767
episode_000573,2,2,True,True,False,blue_tray,90579,1,2,1,1,blue_cube_0,False,False,False,0,0,,,2,348,23.133333333333333,1.3025365718677895,0.11646139019824484,0.4545246362686157,0.5936434268951416,0.13911879062652588,-0.2543485164642334,0.20257091522216797,0.45691943168640137,0.03241264075040817,0.22247537970542908,0.1900627389550209
episode_000574,2,2,True,True,False,blue_tray,90580,1,2,1,1,blue_cube_1,False,False,False,0,0,,,2,275,18.266666666666666,1.1614548522295491,0.12081304698088416,0.4489027261734009,0.5693367719650269,0.12043404579162598,-0.20935428142547607,0.18674921989440918,0.39610350131988525,0.03292251378297806,0.21029770374298096,0.1773751899600029
episode_000575,1,2,True,True,False,blue_tray,90581,0,1,0,1,,False,False,False,0,0,,,1,299,19.866666666666667,1.045576598913126,0.41731188368561717,0.42977190017700195,0.5073680877685547,0.07759618759155273,-0.16741418838500977,0.24680209159851074,0.4142162799835205,0.03327486664056778,0.3747051954269409,0.34143032878637314
episode_000576,2,2,True,True,False,blue_tray,90582,1,2,1,1,blue_cube_0,False,False,False,0,0,,,2,356,23.666666666666668,1.3693510054918332,0.1018343094585164,0.49038171768188477,0.6514761447906494,0.16109442710876465,-0.19491875171661377,0.2994842529296875,0.49440300464630127,0.032666534185409546,0.25628843903541565,0.2236219048500061
episode_000577,2,2,True,True,False,blue_tray,90583,0,2,0,2,,False,False,False,0,0,,,2,668,44.46666666666667,2.3609731989191842,0.1935481388893619,0.37358617782592773,0.6454852819442749,0.27189910411834717,-0.24487996101379395,0.2350330352783203,0.47991299629211426,0.032737284898757935,0.3667578101158142,0.3340205252170563
episode_000578,1,2,True,True,False,blue_tray,90584,0,1,0,1,,False,False,False,0,0,,,1,270,17.933333333333334,1.0386824451632697,0.48051007990303163,0.4127161502838135,0.5088174343109131,0.09610128402709961,-0.27812516689300537,0.18098688125610352,0.4591120481491089,0.03336480259895325,0.3479425013065338,0.31457769870758057
episode_000579,1,2,True,True,False,blue_tray,90585,0,1,0,1,,False,False,False,0,0,,,1,293,19.466666666666665,1.0442701519845996,0.27417906105917844,0.4786665439605713,0.6717898845672607,0.19312334060668945,-0.16331219673156738,0.10094523429870605,0.26425743103027344,0.031919896602630615,0.4056931138038635,0.3737732172012329
episode_000582,2,2,True,True,False,blue_tray,90588,0,2,0,2,,False,False,False,0,0,,,2,520,34.6,2.158753658811978,0.3419274740001131,0.4279388189315796,0.6264876127243042,0.1985487937927246,-0.2145848274230957,0.17995905876159668,0.3945438861846924,0.032905250787734985,0.42884206771850586,0.3959368169307709
episode_000584,1,2,True,True,False,blue_tray,90590,0,1,0,1,,False,False,False,0,0,,,1,433,28.8,1.2634688906667693,0.30353324693990646,0.5054836273193359,0.6624836921691895,0.15700006484985352,-0.1633448600769043,0.27490878105163574,0.43825364112854004,0.03272252529859543,0.37653613090515137,0.34381360560655594
episode_000585,1,2,True,True,False,blue_tray,90591,0,1,0,1,,False,False,False,1,1,,,1,748,49.8,1.8650185933074395,0.32759725377026777,0.4478459358215332,0.6339796781539917,0.1861337423324585,-0.1301426887512207,0.18660259246826172,0.3167452812194824,0.0263361856341362,0.3796229064464569,0.3532867208123207
episode_000586,1,2,True,True,False,blue_tray,90592,0,1,0,1,,False,False,False,0,0,,,1,304,20.2,0.9881960230015032,0.3245758642763726,0.46173095703125,0.623479962348938,0.161749005317688,-0.06433761119842529,0.17801165580749512,0.2423492670059204,0.03330330550670624,0.4518347680568695,0.41853146255016327
episode_000587,2,2,True,True,False,blue_tray,90593,1,2,1,1,blue_cube_0,False,False,False,0,0,,,2,261,17.333333333333332,1.1681052829449985,0.14284427977438227,0.4436807632446289,0.6042518615722656,0.16057109832763672,-0.1666121482849121,0.23365068435668945,0.40026283264160156,0.03278379142284393,0.26587504148483276,0.23309125006198883
episode_000588,1,2,True,True,False,blue_tray,90594,0,1,0,1,,False,False,False,0,0,,,1,297,19.733333333333334,1.4015909614031234,0.1799879358595864,0.5039379596710205,0.6316201686859131,0.12768220901489258,-0.23976588249206543,0.2812345027923584,0.5210003852844238,0.033011652529239655,0.357452929019928,0.3244412764906883
episode_000589,1,2,True,True,False,blue_tray,90595,0,1,0,1,,False,False,False,0,0,,,1,368,24.466666666666665,1.583490067016582,0.34039845235484606,0.38787078857421875,0.6036627292633057,0.21579194068908691,-0.2989521026611328,0.31214380264282227,0.6110959053039551,0.03291599452495575,0.48401105403900146,0.4510950595140457
episode_000591,2,2,True,True,False,blue_tray,90597,0,2,0,2,,True,True,True,1,1,,,2,868,57.8,3.3862609029374524,0.35115278913456416,0.39492058753967285,0.6704256534576416,0.27550506591796875,-0.19776558876037598,0.1766577959060669,0.37442338466644287,0.03238756209611893,0.5337162613868713,0.5013286992907524
episode_000592,1,2,True,True,False,blue_tray,90598,0,1,0,1,,False,False,False,0,0,,,1,234,15.533333333333333,0.9733155029776415,0.3752853923033139,0.4922451972961426,0.6268539428710938,0.13460874557495117,7.367134094238281e-05,0.2791149616241455,0.2790412902832031,0.03278798609972,0.4388745129108429,0.4060865268111229
episode_000594,1,2,True,True,False,blue_tray,90600,0,1,0,1,,False,False,False,0,0,,,1,260,17.266666666666666,0.8994996555836788,0.37302895568468514,0.38750171661376953,0.5054303407669067,0.11792862415313721,-0.1364961862564087,0.18544459342956543,0.3219407796859741,0.03239662945270538,0.33605629205703735,0.30365966260433197
episode_000595,2,2,True,True,False,blue_tray,90601,1,2,1,1,blue_cube_0,True,True,True,0,0,,,2,300,19.933333333333334,1.0630751955960094,0.11649990671825106,0.45417022705078125,0.6372995376586914,0.18312931060791016,-0.16216778755187988,0.16110599040985107,0.32327377796173096,0.03301900625228882,0.2223655730485916,0.1893465667963028
episode_000598,2,2,True,True,False,blue_tray,90604,0,2,0,2,,False,False,False,0,0,,,2,555,36.93333333333333,2.3526113123489782,0.31993377877823204,0.40276992321014404,0.6085751056671143,0.20580518245697021,-0.21686923503875732,0.2212662696838379,0.4381355047225952,0.03331533074378967,0.4937470853328705,0.4604317545890808
episode_000600,1,2,True,True,False,blue_tray,90606,0,1,0,1,,False,False,False,0,0,,,1,294,19.53333333333333,1.0439905574227413,0.245542460301437,0.39792585372924805,0.5082418918609619,0.11031603813171387,-0.09414064884185791,0.27583813667297363,0.36997878551483154,0.033512748777866364,0.349913090467453,0.31640034168958664
episode_000601,2,2,True,True,False,blue_tray,90607,0,2,0,2,,False,False,False,0,0,,,2,606,40.333333333333336,2.3393430624106277,0.22732937482042231,0.4287874698638916,0.5991442203521729,0.17035675048828125,-0.27077603340148926,0.2836693525314331,0.5544453859329224,0.02961936593055725,0.3518039286136627,0.32218456268310547
episode_000602,1,2,True,True,False,blue_tray,90608,0,1,0,1,,False,False,False,0,0,,,1,224,14.866666666666667,0.9348651259057109,0.4083961023359818,0.3723740577697754,0.5089876651763916,0.1366136074066162,-0.19147062301635742,0.07467079162597656,0.266141414642334,0.03280258923768997,0.49054962396621704,0.45774703472852707
episode_000604,1,2,True,True,False,blue_tray,90610,0,1,0,1,,False,False,False,0,0,,,1,259,17.2,0.9370255859516406,0.35340386243976446,0.38623476028442383,0.5047112703323364,0.1184765100479126,-0.16376113891601562,0.2300398349761963,0.3938009738922119,0.03314080834388733,0.2639622092247009,0.2308214008808136
episode_000606,2,2,True,True,False,blue_tray,90612,0,2,0,2,,False,False,False,0,0,,,2,577,38.4,1.9705005236502189,0.21288193767233218,0.37528538703918457,0.5649130344390869,0.18962764739990234,-0.19336116313934326,0.17625689506530762,0.3696180582046509,0.03324447572231293,0.2776230573654175,0.24437858164310455
episode_000607,1,2,True,True,False,blue_tray,90613,0,1,0,1,,False,False,False,0,0,,,1,384,25.53333333333333,1.461189837002521,0.1902275396448219,0.4031754732131958,0.5282303094863892,0.12505483627319336,-0.23438692092895508,0.22222840785980225,0.4566153287887573,0.033349260687828064,0.35147014260292053,0.31812088191509247
episode_000610,1,2,True,True,False,blue_tray,90616,0,1,0,1,,False,False,False,0,0,,,1,234,15.533333333333333,0.9378083945826171,0.23162681660535492,0.3880448341369629,0.5457882881164551,0.1577434539794922,-0.19934630393981934,0.09038591384887695,0.2897322177886963,0.03219928592443466,0.33625441789627075,0.3040551319718361
episode_000611,2,2,True,True,False,blue_tray,90617,0,2,0,2,,True,False,False,1,1,,,2,996,66.33333333333333,3.5244568818480198,0.5682071939890043,0.41358137130737305,0.588288426399231,0.1747070550918579,-0.2839474678039551,0.20840024948120117,0.49234771728515625,0.03291705250740051,0.4702792167663574,0.4373621642589569
episode_000612,1,2,True,True,False,blue_tray,90618,0,1,0,1,,False,False,False,0,0,,,1,301,20.0,1.0669094867039404,0.30417599977006476,0.40703606605529785,0.5660456418991089,0.15900957584381104,-0.15789687633514404,0.15008854866027832,0.30798542499542236,0.033343054354190826,0.4505500793457031,0.4172070249915123
episode_000613,2,2,True,True,False,blue_tray,90619,0,2,0,2,,False,False,False,0,0,,,2,538,35.8,2.1799298340183304,0.24862650091948754,0.4479191303253174,0.5621039867401123,0.11418485641479492,-0.2898139953613281,0.20054399967193604,0.49035799503326416,0.033441558480262756,0.393524706363678,0.3600831478834152
episode_000615,2,2,True,True,False,blue_tray,90621,0,2,0,2,,False,False,False,0,0,,,2,587,39.06666666666666,2.394330672917341,0.5281757749050146,0.3718729019165039,0.5784780979156494,0.2066051959991455,-0.27304816246032715,0.20710992813110352,0.48015809059143066,0.0328364297747612,0.46082156896591187,0.42798513919115067
episode_000616,1,2,True,True,False,blue_tray,90622,0,1,0,1,,False,False,False,0,0,,,1,313,20.8,1.1896334767385408,0.21469310483590975,0.3829476833343506,0.5147029161453247,0.13175523281097412,-0.24425137042999268,0.17439770698547363,0.4186490774154663,0.031609781086444855,0.34650543332099915,0.3148956522345543
episode_000617,2,2,True,True,False,blue_tray,90623,0,2,0,2,,False,False,False,0,0,,,2,613,40.8,2.2346983758903747,0.4195553864809131,0.4484837055206299,0.5627806186676025,0.11429691314697266,-0.2519724369049072,0.19852828979492188,0.4505007266998291,0.03287316858768463,0.42078253626823425,0.3879093676805496
episode_000618,1,2,True,True,False,blue_tray,90624,0,1,0,1,,False,False,False,0,0,,,1,280,18.6,0.9430782674380134,0.44179478247935733,0.5081572532653809,0.6167633533477783,0.10860610008239746,-0.19353175163269043,0.05701923370361328,0.2505509853363037,0.033041492104530334,0.5349688529968262,0.5019273608922958
episode_000619,1,2,True,True,False,blue_tray,90625,0,1,0,1,,False,False,False,0,0,,,1,298,19.8,1.1157507698628963,0.34254937433216776,0.4593217372894287,0.5433850288391113,0.08406329154968262,-0.22550010681152344,0.20562338829040527,0.4311234951019287,0.0330406054854393,0.4055529832839966,0.3725123777985573
episode_000620,1,2,True,True,False,blue_tray,90626,0,1,0,1,,False,False,False,0,0,,,1,273,18.133333333333333,0.8880241603825673,0.37481316163141015,0.5077989101409912,0.6714191436767578,0.1636202335357666,-0.16068029403686523,0.09543609619140625,0.2561163902282715,0.0330088809132576,0.40865594148635864,0.37564706057310104
episode_000621,1,2,True,True,False,blue_tray,90627,0,1,0,1,,False,False,False,0,0,,,1,278,18.466666666666665,0.9920684721266463,0.45823673215093214,0.5078513622283936,0.620990514755249,0.11313915252685547,-0.19351458549499512,0.20062673091888428,0.3941413164138794,0.033356308937072754,0.39449214935302734,0.3611358404159546
episode_000625,1,2,True,True,False,blue_tray,90631,0,1,0,1,,True,True,True,0,0,,,1,291,19.333333333333332,1.0564887613830214,0.37311795508807727,0.4927237033843994,0.6835522651672363,0.19082856178283691,-0.11443805694580078,0.20129871368408203,0.3157367706298828,0.033296167850494385,0.4463641047477722,0.41306793689727783
episode_000626,1,2,True,True,False,blue_tray,90632,0,1,0,1,,False,False,False,0,0,,,1,253,16.8,0.8826879648614016,0.3328808301105546,0.5044965744018555,0.5992281436920166,0.09473156929016113,-0.19607853889465332,0.12856340408325195,0.3246419429779053,0.03162481635808945,0.29688647389411926,0.2652616575360298
episode_000627,1,2,True,True,False,blue_tray,90633,0,1,0,1,,False,False,False,0,0,,,1,295,19.6,1.03400823808783,0.43312073281227076,0.48872125148773193,0.6746505498886108,0.1859292984008789,-0.10577964782714844,0.21061038970947266,0.3163900375366211,0.03263350576162338,0.4308732748031616,0.39823976904153824
episode_000628,2,2,True,True,False,blue_tray,90634,0,2,0,2,,True,True,True,0,0,,,2,556,37.0,1.8772902066263724,0.5257091166926268,0.41392481327056885,0.6623020172119141,0.24837720394134521,-0.1627899408340454,0.3180258274078369,0.4808157682418823,0.03282243013381958,0.3989567458629608,0.36613431572914124
episode_000630,2,2,True,True,False,blue_tray,90636,1,2,1,1,blue_cube_0,False,False,False,0,0,,,2,216,14.333333333333334,0.9041852059413423,0.11153895842556044,0.4120607376098633,0.562431812286377,0.15037107467651367,-0.20051324367523193,0.06468009948730469,0.2651933431625366,0.032780952751636505,0.20746353268623352,0.17468257993459702
episode_000631,2,2,True,True,False,blue_tray,90637,0,2,0,2,,False,False,False,0,0,,,2,592,39.4,2.5433966328682542,0.2218398002653086,0.4235689640045166,0.6323444843292236,0.20877552032470703,-0.28047966957092285,0.2757185697555542,0.556198239326477,0.03273054212331772,0.40159082412719727,0.36886028200387955
episode_000632,2,2,True,True,False,blue_tray,90638,0,2,0,2,,False,False,False,1,1,,,2,831,55.333333333333336,2.6166910976569193,0.5010368938971609,0.39250171184539795,0.6508690118789673,0.25836730003356934,-0.17019879817962646,0.24155044555664062,0.4117492437362671,0.027720153331756592,0.442987322807312,0.4152671694755554
episode_000634,2,2,True,True,False,blue_tray,90640,1,2,1,1,blue_cube_1,False,False,False,0,0,,,2,296,19.666666666666668,1.0295618768876724,0.11952773518521334,0.4579470157623291,0.636319637298584,0.17837262153625488,-0.20235168933868408,0.10611462593078613,0.3084663152694702,0.033206865191459656,0.24609600007534027,0.21288913488388062
episode_000635,1,2,True,True,False,blue_tray,90641,0,1,0,1,,False,False,False,0,0,,,1,299,19.866666666666667,1.0972040920566117,0.4079111462440471,0.4398726224899292,0.5703431367874146,0.13047051429748535,-0.27838993072509766,0.20431578159332275,0.4827057123184204,0.0330902636051178,0.32724303007125854,0.29415276646614075
episode_000636,1,2,True,True,False,blue_tray,90642,0,1,0,1,,False,False,False,0,0,,,1,300,19.933333333333334,0.9399083055125553,0.22755671471160988,0.5015972852706909,0.674247145652771,0.17264986038208008,-0.18051648139953613,0.05568814277648926,0.2362046241760254,0.030522793531417847,0.3337547481060028,0.30323195457458496
episode_000637,1,2,True,True,False,blue_tray,90643,0,1,0,1,,False,False,False,0,0,,,1,270,17.933333333333334,1.1618253314366216,0.39758023584636704,0.4474525451660156,0.6498684883117676,0.20241594314575195,-0.1609025001525879,0.20502781867980957,0.36593031883239746,0.03359290957450867,0.49719715118408203,0.46360424160957336
episode_000638,1,2,False,False,True,blue_tray,90644,0,1,0,1,,False,False,False,1,1,solver_recovery_exhausted,approach,0,473,31.466666666666665,1.421381389898834,0.2674423309980181,0.45052456855773926,0.6704967021942139,0.2199721336364746,-0.016004085540771484,0.16672658920288086,0.18273067474365234,0.10400037467479706,0.3832402229309082,0.27923984825611115
episode_000640,2,2,True,True,False,blue_tray,90646,1,2,1,1,blue_cube_1,False,False,False,1,1,,,2,922,61.4,2.8994145190411995,0.10977364093926019,0.45013248920440674,0.6750818490982056,0.22494935989379883,-0.16334223747253418,0.3172779083251953,0.4806201457977295,0.03273256868124008,0.3861979842185974,0.35346541553735733
episode_000641,2,2,True,True,False,blue_tray,90647,1,2,1,1,blue_cube_1,False,False,False,0,0,,,2,293,19.466666666666665,1.313013338852799,0.1377946675545829,0.4358222484588623,0.5727226734161377,0.1369004249572754,-0.27395057678222656,0.19836080074310303,0.4723113775253296,0.0329829603433609,0.23652970790863037,0.20354674756526947
episode_000642,2,2,True,True,False,blue_tray,90648,0,2,0,2,,False,False,False,0,0,,,2,459,30.53333333333333,1.6922569539376693,0.34804124745268,0.450624942779541,0.5713357925415039,0.12071084976196289,-0.19715547561645508,0.13682794570922852,0.3339834213256836,0.031107813119888306,0.33781498670578003,0.3067071735858917
episode_000646,2,2,True,True,False,blue_tray,90652,0,2,0,2,,False,False,False,0,0,,,2,579,38.53333333333333,2.0602873123077448,0.21194436506469957,0.36888933181762695,0.5798563957214355,0.2109670639038086,-0.19794952869415283,0.22287583351135254,0.42082536220550537,0.03209967911243439,0.2587083578109741,0.22660867869853973
episode_000648,1,2,False,False,True,blue_tray,90654,0,1,0,1,,True,True,True,1,1,solver_recovery_exhausted,approach,0,679,45.2,1.9124227113364396,0.17923317018044638,0.4503673315048218,0.6709365844726562,0.22056925296783447,-0.0373685359954834,0.2108454704284668,0.2482140064239502,0.03216760605573654,0.38524842262268066,0.3530808165669441
episode_000649,1,2,True,True,False,blue_tray,90655,0,1,0,1,,False,False,False,0,0,,,1,300,19.933333333333334,1.119446738124653,0.34971252854307533,0.5085959434509277,0.616473913192749,0.10787796974182129,-0.06943345069885254,0.20023667812347412,0.26967012882232666,0.03311936557292938,0.5308114290237427,0.4976920634508133
episode_000651,2,2,True,True,False,blue_tray,90657,0,2,0,2,,False,False,False,0,0,,,2,674,44.86666666666667,2.3017608878182587,0.3306310350893488,0.44526445865631104,0.5792453289031982,0.1339808702468872,-0.22755932807922363,0.20815229415893555,0.4357116222381592,0.032917194068431854,0.4681217670440674,0.43520457297563553
episode_000652,1,2,True,True,False,blue_tray,90658,0,1,0,1,,False,False,False,1,1,,,1,961,64.0,2.9480526498011534,0.2934541527547043,0.45051729679107666,0.7041023969650269,0.2535851001739502,-0.16248440742492676,0.2743244171142578,0.43680882453918457,0.03278250992298126,0.4295617938041687,0.39677928388118744
episode_000653,1,2,True,True,False,blue_tray,90659,0,1,0,1,,False,False,False,0,0,,,1,260,17.266666666666666,1.1320230472399688,0.1955101242517931,0.4975869655609131,0.6050240993499756,0.1074371337890625,-0.25873470306396484,0.19864869117736816,0.457383394241333,0.03277529031038284,0.26777759194374084,0.235002301633358
episode_000654,2,2,True,True,False,blue_tray,90660,0,2,0,2,,False,False,False,0,0,,,2,528,35.13333333333333,1.9739182057503413,0.19100965866288064,0.45505595207214355,0.5626187324523926,0.10756278038024902,-0.19604098796844482,0.17131519317626953,0.36735618114471436,0.0333251953125,0.36501505970954895,0.33168986439704895
episode_000655,2,2,True,True,False,blue_tray,90661,1,2,1,1,blue_cube_1,False,False,False,0,0,,,2,278,18.466666666666665,1.2363978517491698,0.13271046728331787,0.4464484453201294,0.5697358846664429,0.12328743934631348,-0.21729230880737305,0.23001420497894287,0.4473065137863159,0.032966502010822296,0.23685625195503235,0.20388974994421005
episode_000660,2,2,True,True,False,blue_tray,90666,0,2,0,2,,False,False,False,0,0,,,2,576,38.333333333333336,1.8937016538590044,0.31274236645907516,0.4032546281814575,0.6771533489227295,0.273898720741272,-0.16408562660217285,0.1437668800354004,0.30785250663757324,0.032838836312294006,0.413852334022522,0.38101349771022797
episode_000661,1,2,True,True,False,blue_tray,90667,0,1,0,1,,False,False,False,0,0,,,1,296,19.666666666666668,1.0873646065479972,0.24003514423431255,0.5083901882171631,0.6306593418121338,0.1222691535949707,-0.170745849609375,0.19896626472473145,0.36971211433410645,0.03283485770225525,0.3797231912612915,0.34688833355903625
episode_000662,2,2,False,False,True,blue_tray,90668,0,2,0,2,,False,False,False,1,1,solver_recovery_exhausted,align_yaw,0,582,38.733333333333334,1.5128478550252864,0.4163730034592751,0.44933652877807617,0.6732964515686035,0.22395992279052734,-0.1636291742324829,0.070556640625,0.2341858148574829,0.11609897017478943,0.4523525536060333,0.3362535834312439
episode_000663,1,2,True,True,False,blue_tray,90669,0,1,0,1,,True,True,True,0,0,,,1,358,23.8,1.3185986501043656,0.324262414264494,0.37605512142181396,0.6046261787414551,0.2285710573196411,-0.15869617462158203,0.2118666172027588,0.3705627918243408,0.0328628271818161,0.4947807192802429,0.4619178920984268
episode_000665,1,2,True,True,False,blue_tray,90671,0,1,0,1,,False,False,False,0,0,,,1,301,20.0,1.1028792847735347,0.20209420785730697,0.44104647636413574,0.5680391788482666,0.12699270248413086,-0.10386848449707031,0.21577215194702148,0.3196406364440918,0.03258506953716278,0.3776831328868866,0.3450980633497238
episode_000666,2,2,True,True,False,blue_tray,90672,0,2,0,2,,False,False,False,0,0,,,2,559,37.2,2.1469481963804817,0.35195455240106704,0.4002208709716797,0.6252231597900391,0.22500228881835938,-0.19522082805633545,0.2214186191558838,0.41663944721221924,0.03286033868789673,0.5096234679222107,0.47676312923431396
episode_000667,1,2,True,True,False,blue_tray,90673,0,1,0,1,,False,False,False,1,1,,,1,509,33.86666666666667,2.082394216232978,0.3089061228329716,0.4084697961807251,0.5137349367141724,0.10526514053344727,-0.12672972679138184,0.3078087568283081,0.43453848361968994,0.03051012009382248,0.4603060185909271,0.42979589849710464
episode_000668,1,2,True,True,False,blue_tray,90674,0,1,0,1,,False,False,False,0,0,,,1,278,18.466666666666665,1.1167057709487282,0.25728392806289846,0.41984713077545166,0.6717410087585449,0.25189387798309326,-0.16373944282531738,0.23598837852478027,0.39972782135009766,0.029991522431373596,0.26771557331085205,0.23772405087947845
episode_000669,1,2,True,True,False,blue_tray,90675,0,1,0,1,,False,False,False,0,0,,,1,302,20.066666666666666,1.3437633898419672,0.1553233181429575,0.406033992767334,0.5733098983764648,0.16727590560913086,-0.2936227321624756,0.20343399047851562,0.4970567226409912,0.03350383788347244,0.3098580241203308,0.27635418623685837
episode_000670,2,2,True,True,False,blue_tray,90676,0,2,0,2,,False,False,False,0,0,,,2,506,33.666666666666664,2.0152119928214676,0.4131931862628108,0.38112759590148926,0.65114426612854,0.2700166702270508,-0.1946934461593628,0.13843584060668945,0.33312928676605225,0.03272519260644913,0.522520124912262,0.48979493230581284
episode_000672,2,2,True,True,False,blue_tray,90678,0,2,0,2,,False,False,False,0,0,,,2,521,34.666666666666664,1.838166782425919,0.49370988031404844,0.37754201889038086,0.6435801982879639,0.266038179397583,-0.16245949268341064,0.27576446533203125,0.4382239580154419,0.032929420471191406,0.4094926118850708,0.3765631914138794
episode_000673,1,2,True,True,False,blue_tray,90679,0,1,0,1,,False,False,False,0,0,,,1,294,19.53333333333333,1.1749418245384056,0.37230387526109937,0.41462039947509766,0.5070204734802246,0.09240007400512695,-0.15162324905395508,0.20304691791534424,0.3546701669692993,0.03287501633167267,0.526747465133667,0.4938724488019943
episode_000674,2,2,True,True,False,blue_tray,90680,1,2,1,1,blue_cube_0,False,False,False,0,0,,,2,220,14.6,0.8408563284907957,0.1461957963962111,0.4226105213165283,0.6365876197814941,0.21397709846496582,-0.21482360363006592,-0.01597309112548828,0.19885051250457764,0.03288223594427109,0.21749314665794373,0.18461091071367264
episode_000676,2,2,True,True,False,blue_tray,90682,0,2,0,2,,False,False,False,0,0,,,2,530,35.266666666666666,1.805555723641819,0.27878322186186116,0.45538604259490967,0.5586060285568237,0.10321998596191406,-0.16383576393127441,0.14011788368225098,0.3039536476135254,0.03177911788225174,0.4441734552383423,0.41239433735609055
episode_000678,1,2,True,True,False,blue_tray,90684,0,1,0,1,,False,False,False,0,0,,,1,332,22.066666666666666,1.1983492423702304,0.31804926812882933,0.4241302013397217,0.5853636264801025,0.16123342514038086,-0.19147586822509766,0.13699746131896973,0.3284733295440674,0.033287547528743744,0.493985116481781,0.46069756895303726
episode_000680,2,2,True,True,False,blue_tray,90686,0,2,0,2,,False,False,False,0,0,,,2,553,36.8,1.8681341778144602,0.23647726409115252,0.3810049295425415,0.5631831884384155,0.18217825889587402,-0.2854217290878296,0.14116215705871582,0.4265838861465454,0.0333191454410553,0.27499181032180786,0.24167266488075256
episode_000681,1,2,True,True,False,blue_tray,90687,0,1,0,1,,False,False,False,0,0,,,1,264,17.53333333333333,1.0775292447743874,0.5049341201699716,0.4177510738372803,0.5562915802001953,0.13854050636291504,-0.1707310676574707,0.20190036296844482,0.3726314306259155,0.032953664660453796,0.5169984102249146,0.48404474556446075
episode_000685,1,2,True,True,False,blue_tray,90691,0,1,0,1,,False,False,False,0,0,,,1,275,18.266666666666666,1.0316834164869801,0.3001887638940266,0.4460129737854004,0.5353691577911377,0.0893561840057373,-0.02512192726135254,0.2535184621810913,0.27864038944244385,0.03318560868501663,0.47760242223739624,0.4444168135523796
episode_000686,2,2,True,True,False,blue_tray,90692,0,2,0,2,,False,False,False,0,0,,,2,468,31.133333333333333,1.8082777261649503,0.4014906955443048,0.4036836624145508,0.5864083766937256,0.1827247142791748,-0.20243561267852783,0.21958088874816895,0.4220165014266968,0.03237227350473404,0.3882020115852356,0.35582973808050156
episode_000687,1,2,True,True,False,blue_tray,90693,0,1,0,1,,False,False,False,0,0,,,1,305,20.266666666666666,1.2248711249131632,0.5271579978959533,0.5042968988418579,0.6513246297836304,0.14702773094177246,-0.2352304458618164,0.2113325595855713,0.4465630054473877,0.03298093378543854,0.5331154465675354,0.5001345127820969
episode_000689,1,2,True,True,False,blue_tray,90695,0,1,0,1,,False,False,False,0,0,,,1,337,22.4,1.4960196784614757,0.1846501188324255,0.4376065731048584,0.550349235534668,0.11274266242980957,-0.28857851028442383,0.3133211135864258,0.6018996238708496,0.03281962126493454,0.31799986958503723,0.2851802483201027
episode_000690,1,2,True,True,False,blue_tray,90696,0,1,0,1,,False,False,False,0,0,,,1,268,17.8,0.9852393377817096,0.43726721059270757,0.5067038536071777,0.5852234363555908,0.07851958274841309,-0.19455885887145996,0.14394164085388184,0.3385004997253418,0.031975120306015015,0.46327221393585205,0.43129709362983704
episode_000691,2,2,True,True,False,blue_tray,90697,1,2,1,1,blue_cube_1,False,False,False,0,0,,,2,208,13.799999999999999,0.9129470103525823,0.14584020984457352,0.42488694190979004,0.5586971044540405,0.1338101625442505,-0.06409311294555664,0.20456957817077637,0.268662691116333,0.031706757843494415,0.2449585646390915,0.21325180679559708
episode_000692,2,2,True,True,False,blue_tray,90698,0,2,0,2,,False,False,False,0,0,,,2,444,29.53333333333333,1.8054447627634986,0.22763679840024553,0.4560210704803467,0.5943751335144043,0.13835406303405762,-0.16557598114013672,0.17923545837402344,0.34481143951416016,0.032422080636024475,0.3179209530353546,0.28549887239933014
episode_000695,2,2,True,True,False,blue_tray,90701,1,2,1,1,blue_cube_1,True,True,True,0,0,,,2,293,19.466666666666665,1.2659252287590257,0.12484551825973253,0.4847773313522339,0.5720498561859131,0.0872725248336792,-0.22061467170715332,0.2067176103591919,0.4273322820663452,0.0332922637462616,0.28435832262039185,0.25106605887413025
episode_000696,1,2,True,True,False,blue_tray,90702,0,1,0,1,,False,False,False,0,0,,,1,262,17.4,0.9271462548985798,0.2438501108093321,0.4108593463897705,0.5090627670288086,0.09820342063903809,-0.1591395139694214,0.1880970001220703,0.3472365140914917,0.033049069344997406,0.2890152335166931,0.2559661641716957
episode_000698,2,2,True,True,False,blue_tray,90704,0,2,0,2,,True,False,False,0,0,,,2,508,33.8,1.8357170170886161,0.16282695284716267,0.3673899173736572,0.6526930332183838,0.28530311584472656,-0.19359862804412842,0.12636017799377441,0.31995880603790283,0.03278040885925293,0.3087402582168579,0.275959849357605
episode_000699,2,2,True,True,False,blue_tray,90705,0,2,0,2,,False,False,False,0,0,,,2,509,33.86666666666667,1.9471027835582595,0.2601160516991756,0.3998812437057495,0.639657735824585,0.23977649211883545,-0.12580347061157227,0.20949554443359375,0.335299015045166,0.032735489308834076,0.4150770604610443,0.38234157115221024
episode_000700,1,2,True,True,False,blue_tray,90706,0,1,0,1,,False,False,False,0,0,,,1,265,17.6,1.0734604996274666,0.26876768334152223,0.43637335300445557,0.5053143501281738,0.06894099712371826,-0.16011857986450195,0.16562175750732422,0.32574033737182617,0.03188100457191467,0.4342094659805298,0.4023284614086151
episode_000702,1,2,True,True,False,blue_tray,90708,0,1,0,1,,False,False,False,0,0,,,1,212,14.066666666666666,0.7851075932734286,0.34052569347370004,0.41312432289123535,0.508476734161377,0.0953524112701416,-0.1972041130065918,0.09263467788696289,0.2898387908935547,0.032780952751636505,0.33950239419937134,0.30672144144773483
episode_000703,2,2,True,True,False,blue_tray,90709,1,2,1,1,blue_cube_0,False,False,False,0,0,,,2,311,20.666666666666668,1.2703671647388899,0.12066440380245598,0.38855302333831787,0.5610789060592651,0.17252588272094727,-0.2460343837738037,0.20537126064300537,0.4514056444168091,0.03353503346443176,0.25838813185691833,0.22485309839248657
episode_000704,2,2,True,True,False,blue_tray,90710,0,2,0,2,,False,False,False,0,0,,,2,474,31.53333333333333,1.7286908563852914,0.38281618666373524,0.372891902923584,0.6537878513336182,0.2808959484100342,-0.16556084156036377,0.16913795471191406,0.33469879627227783,0.028546668589115143,0.367175817489624,0.3386291489005089
episode_000705,2,2,True,True,False,blue_tray,90711,1,2,1,1,blue_cube_0,False,False,False,0,0,,,2,288,19.133333333333333,1.2184368596692354,0.1596729362748939,0.37105274200439453,0.5639710426330566,0.1929183006286621,-0.20102310180664062,0.20910513401031494,0.41012823581695557,0.03190112113952637,0.22321224212646484,0.19131112098693848
episode_000707,2,2,True,True,False,blue_tray,90713,1,2,1,1,blue_cube_0,False,False,False,0,0,,,2,328,21.8,1.2143299742514309,0.10201991442009252,0.42626798152923584,0.5713130235671997,0.14504504203796387,-0.18605947494506836,0.21746718883514404,0.4035266637802124,0.033150188624858856,0.24067789316177368,0.20752770453691483
episode_000709,2,2,True,True,False,blue_tray,90715,1,2,1,1,blue_cube_1,False,False,False,0,0,,,2,289,19.2,1.2926613170690668,0.10245723434540831,0.4567267894744873,0.5747668743133545,0.11804008483886719,-0.2575085163116455,0.19871878623962402,0.45622730255126953,0.03279731422662735,0.2304827719926834,0.19768545776605606
episode_000710,2,2,True,True,False,blue_tray,90716,0,2,0,2,,False,False,False,0,0,,,2,529,35.2,1.930590650383983,0.5377152191500258,0.45072484016418457,0.6435182094573975,0.1927933692932129,-0.20576608180999756,0.29586338996887207,0.5016294717788696,0.031087271869182587,0.3744465112686157,0.34335923939943314
episode_000711,2,2,True,True,False,blue_tray,90717,0,2,0,2,,False,False,False,1,1,,,2,980,65.26666666666667,3.555073554497658,0.2774077779225716,0.44650721549987793,0.6302378177642822,0.1837306022644043,-0.25652480125427246,0.28369128704071045,0.5402160882949829,0.03258258104324341,0.42002272605895996,0.38744014501571655
episode_000712,2,2,True,True,False,blue_tray,90718,0,2,0,2,,True,False,False,0,0,,,2,515,34.266666666666666,1.6398330275049182,0.4437215784170592,0.4173159599304199,0.5612360239028931,0.14392006397247314,-0.1630018949508667,0.20818495750427246,0.37118685245513916,0.033380381762981415,0.3849011957645416,0.3515208140015602
episode_000714,2,2,True,True,False,blue_tray,90720,0,2,0,2,,False,False,False,0,0,,,2,489,32.53333333333333,2.0185647545331245,0.5805683713279856,0.39870429039001465,0.57611083984375,0.17740654945373535,-0.20366418361663818,0.305401086807251,0.5090652704238892,0.03229564428329468,0.4195394515991211,0.3872438073158264
episode_000715,1,2,True,True,False,blue_tray,90721,0,1,0,1,,False,False,False,0,0,,,1,237,15.733333333333333,0.9342202422744521,0.4083681132141437,0.4879460334777832,0.5784957408905029,0.09054970741271973,-0.20923185348510742,0.21237194538116455,0.421603798866272,0.03345490247011185,0.2679879665374756,0.23453306406736374
episode_000716,2,2,True,True,False,blue_tray,90722,0,2,0,2,,False,False,False,0,0,,,2,494,32.86666666666667,1.863291954910566,0.5053550030632815,0.44722628593444824,0.5625464916229248,0.11532020568847656,-0.17383360862731934,0.23492217063903809,0.4087557792663574,0.029532574117183685,0.520146906375885,0.4906143322587013
episode_000718,1,2,True,True,False,blue_tray,90724,0,1,0,1,,False,False,False,0,0,,,1,206,13.666666666666666,0.8355781866598515,0.36828467114690966,0.4889659881591797,0.5385899543762207,0.049623966217041016,-0.19548308849334717,0.1102147102355957,0.30569779872894287,0.03293907642364502,0.3903643786907196,0.3574253022670746
episode_000719,1,2,True,True,False,blue_tray,90725,0,1,0,1,,False,False,False,0,0,,,1,234,15.533333333333333,0.7794150895986547,0.19835981619631482,0.4148132801055908,0.5455695390701294,0.13075625896453857,0.0008373260498046875,0.20407354831695557,0.20323622226715088,0.03312055021524429,0.30020618438720703,0.26708563417196274
episode_000722,2,2,True,True,False,blue_tray,90728,0,2,0,2,,False,False,False,0,0,,,2,537,35.733333333333334,1.8804127331745193,0.16925081067883013,0.43361973762512207,0.6568772792816162,0.22325754165649414,-0.19709277153015137,0.10177445411682129,0.29886722564697266,0.03273838013410568,0.3466266989707947,0.313888318836689
episode_000723,2,2,True,True,False,blue_tray,90729,0,2,0,2,,True,False,False,0,0,,,2,566,37.666666666666664,2.10483901832844,0.4652866403420527,0.36962461471557617,0.6125361919403076,0.24291157722473145,-0.28191089630126953,0.20638751983642578,0.4882984161376953,0.03277049958705902,0.3102969229221344,0.2775264233350754
episode_000724,1,2,True,True,False,blue_tray,90730,0,1,0,1,,False,False,False,0,0,,,1,233,15.466666666666667,0.9145202551786029,0.24387361175863814,0.508384108543396,0.6287846565246582,0.12040054798126221,-0.16520094871520996,0.12859773635864258,0.29379868507385254,0.033096760511398315,0.32858553528785706,0.29548877477645874
episode_000725,1,2,True,True,False,blue_tray,90731,0,1,0,1,,False,False,False,0,0,,,1,289,19.2,1.0379486655496817,0.2577292800397925,0.43647003173828125,0.6326451301574707,0.19617509841918945,-0.07500934600830078,0.20079243183135986,0.27580177783966064,0.032893210649490356,0.4153861701488495,0.38249295949935913
episode_000726,2,2,True,True,False,blue_tray,90732,0,2,0,2,,False,False,False,0,0,,,2,575,38.266666666666666,2.3415785604352983,0.3512042094892583,0.3776741027832031,0.6371641159057617,0.2594900131225586,-0.19753491878509521,0.28855085372924805,0.48608577251434326,0.03280892223119736,0.4906649589538574,0.45785603672266006
episode_000727,1,2,True,True,False,blue_tray,90733,0,1,0,1,,False,False,False,0,0,,,1,281,18.666666666666668,1.103179243771883,0.3748568120871936,0.5081924200057983,0.6535662412643433,0.14537382125854492,-0.08059382438659668,0.2032240629196167,0.2838178873062134,0.03293684124946594,0.5216924548149109,0.48875561356544495
episode_000730,2,2,False,False,True,blue_tray,90736,0,2,0,2,,False,False,False,1,1,solver_recovery_exhausted,approach,1,697,46.4,2.3127996596479807,0.3949216990012755,0.3758432865142822,0.5975525379180908,0.2217092514038086,-0.1955852508544922,0.18283915519714355,0.37842440605163574,0.03023252636194229,0.43835705518722534,0.40812452882528305
episode_000731,2,2,True,True,False,blue_tray,90737,0,2,0,2,,False,False,False,0,0,,,2,546,36.333333333333336,2.412175143968435,0.3684294394116075,0.3952040672302246,0.645770788192749,0.2505667209625244,-0.20300769805908203,0.20812749862670898,0.411135196685791,0.032924503087997437,0.51261967420578,0.4796951711177826
episode_000732,2,2,True,True,False,blue_tray,90738,1,2,1,1,blue_cube_0,False,False,False,0,0,,,2,251,16.666666666666668,0.7421914770422735,0.10745342163757697,0.4676457643508911,0.5930719375610352,0.12542617321014404,-0.16416239738464355,0.0019922256469726562,0.1661546230316162,0.033269740641117096,0.2346954643726349,0.2014257237315178
episode_000733,1,2,True,True,False,blue_tray,90739,0,1,0,1,,False,False,False,0,0,,,1,316,21.0,1.0607147128326742,0.4075322543652757,0.5083036422729492,0.6768033504486084,0.16849970817565918,-0.24502801895141602,0.20302248001098633,0.44805049896240234,0.03280961513519287,0.3381879925727844,0.30537837743759155
episode_000734,1,2,True,True,False,blue_tray,90740,0,1,0,1,,False,False,False,0,0,,,1,296,19.666666666666668,1.015342488891367,0.34754396003393523,0.505521297454834,0.6433932781219482,0.13787198066711426,-0.19533979892730713,0.07642793655395508,0.2717677354812622,0.03156771510839462,0.43936747312545776,0.40779975801706314
episode_000735,1,2,True,True,False,blue_tray,90741,0,1,0,1,,False,False,False,0,0,,,1,255,16.933333333333334,0.9950537524669986,0.4387676407884811,0.4294300079345703,0.6020457744598389,0.17261576652526855,-0.08869218826293945,0.2104051113128662,0.29909729957580566,0.03302130848169327,0.49904900789260864,0.4660276994109154
episode_000736,2,2,True,True,False,blue_tray,90742,0,2,0,2,,False,False,False,0,0,,,2,462,30.733333333333334,1.747746821388173,0.14646781723038607,0.4470524787902832,0.5698070526123047,0.12275457382202148,-0.1647118330001831,0.17848825454711914,0.34320008754730225,0.03181065618991852,0.27807387709617615,0.24626322090625763
episode_000737,2,2,True,True,False,blue_tray,90743,0,2,0,2,,False,False,False,0,0,,,2,657,43.733333333333334,2.4542494838632374,0.47339584951339475,0.41551685333251953,0.5621757507324219,0.14665889739990234,-0.30881595611572266,0.19750261306762695,0.5063185691833496,0.033356763422489166,0.46967408061027527,0.4363173171877861
episode_000742,2,2,True,True,False,blue_tray,90748,0,2,0,2,,False,False,False,0,0,,,2,555,36.93333333333333,2.0918734147007165,0.34606816561340464,0.4528357982635498,0.6565227508544922,0.20368695259094238,-0.19424748420715332,0.23704767227172852,0.43129515647888184,0.033110447227954865,0.4658592939376831,0.43274884670972824
episode_000743,2,2,True,True,False,blue_tray,90749,1,2,1,1,blue_cube_1,False,False,False,0,0,,,2,292,19.4,0.9669498254524878,0.13945371771024717,0.44386839866638184,0.5838239192962646,0.1399555206298828,-0.05500912666320801,0.24253010749816895,0.29753923416137695,0.033142589032649994,0.2501978874206543,0.2170552983880043
episode_000746,2,2,True,True,False,blue_tray,90752,1,2,1,1,blue_cube_1,False,False,False,0,0,,,2,208,13.799999999999999,0.8567527362480112,0.11099091847869738,0.46628427505493164,0.5608534812927246,0.09456920623779297,-0.19759893417358398,0.06841659545898438,0.26601552963256836,0.03284282237291336,0.23000392317771912,0.19716110080480576
episode_000747,1,2,True,True,False,blue_tray,90753,0,1,0,1,,False,False,False,0,0,,,1,313,20.8,1.2496675255360306,0.3364467597849253,0.3906710147857666,0.5068145990371704,0.11614358425140381,-0.20819950103759766,0.20927393436431885,0.4174734354019165,0.03326544165611267,0.4920797646045685,0.4588143229484558
episode_000748,2,2,True,True,False,blue_tray,90754,0,2,0,2,,False,False,False,1,1,,,2,908,60.46666666666667,2.935095757941369,0.2943623453247716,0.45062828063964844,0.627132773399353,0.1765044927597046,-0.16237664222717285,0.2567572593688965,0.41913390159606934,0.032444678246974945,0.3843877613544464,0.35194308310747147
episode_000750,1,2,True,True,False,blue_tray,90756,0,1,0,1,,False,False,False,0,0,,,1,274,18.2,1.0177457524672284,0.16259096485333113,0.4216318130493164,0.5756516456604004,0.15401983261108398,-0.19654583930969238,0.1425163745880127,0.3390622138977051,0.0335264652967453,0.2943746745586395,0.2608482092618942
episode_000751,2,2,True,True,False,blue_tray,90757,0,2,0,2,,False,False,False,0,0,,,2,516,34.333333333333336,1.832332057975022,0.5549111605042452,0.37641358375549316,0.6372509002685547,0.2608373165130615,-0.21130681037902832,0.31398963928222656,0.5252964496612549,0.03248094022274017,0.3527619242668152,0.320280984044075
episode_000752,1,2,True,True,False,blue_tray,90758,0,1,0,1,,False,False,False,0,0,,,1,283,18.8,0.9003059756297767,0.25019714123463593,0.42217040061950684,0.6650838851928711,0.24291348457336426,-0.16218185424804688,0.0055084228515625,0.16769027709960938,0.03358177840709686,0.3820376396179199,0.34845586121082306
episode_000754,1,2,False,False,True,blue_tray,90760,0,1,0,1,,False,False,False,1,1,solver_recovery_exhausted,align_yaw,0,757,50.4,1.7933201288698712,0.4089513473864432,0.39645087718963623,0.49430131912231445,0.09785044193267822,-0.06360602378845215,0.31386685371398926,0.3774728775024414,0.024827539920806885,0.4237685799598694,0.3989410400390625
episode_000755,2,2,True,True,False,blue_tray,90761,0,2,0,2,,False,False,False,0,0,,,2,582,38.733333333333334,2.1482916477298417,0.299383811928586,0.41917991638183594,0.5919721126556396,0.1727921962738037,-0.22805070877075195,0.1396348476409912,0.36768555641174316,0.033196426928043365,0.47022441029548645,0.4370279833674431
episode_000756,2,2,True,True,False,blue_tray,90762,0,2,0,2,,False,False,False,0,0,,,2,562,37.4,1.8715458470363664,0.1815394918860078,0.40693235397338867,0.6534011363983154,0.24646878242492676,-0.1413358449935913,0.2231905460357666,0.3645263910293579,0.032100610435009,0.2705036401748657,0.23840302973985672
episode_000757,2,2,True,True,False,blue_tray,90763,0,2,0,2,,False,False,False,0,0,,,2,555,36.93333333333333,2.4466077500030807,0.4448585781480674,0.41874420642852783,0.6349241733551025,0.2161799669265747,-0.25220704078674316,0.25888943672180176,0.5110964775085449,0.03291953355073929,0.5056484937667847,0.4727289602160454
episode_000758,1,2,True,True,False,blue_tray,90764,0,1,0,1,,False,False,False,0,0,,,1,263,17.466666666666665,0.8871672497229168,0.08466307142285058,0.3922255039215088,0.506440281867981,0.11421477794647217,-0.21408355236053467,0.013376712799072266,0.22746026515960693,0.03197646141052246,0.27135559916496277,0.2393791377544403
episode_000759,1,2,True,True,False,blue_tray,90765,0,1,0,1,,False,False,False,0,0,,,1,280,18.6,1.0091722719879472,0.5435458390194694,0.42284584045410156,0.6216871738433838,0.19884133338928223,-0.20626330375671387,0.2957249879837036,0.5019882917404175,0.03323806822299957,0.3617520034313202,0.3285139352083206
episode_000760,1,2,True,True,False,blue_tray,90766,0,1,0,1,,False,False,False,0,0,,,1,263,17.466666666666665,0.9929921991358971,0.22238492218894046,0.4318256378173828,0.5258145332336426,0.09398889541625977,-0.14880156517028809,0.11748623847961426,0.26628780364990234,0.03320305794477463,0.3969513773918152,0.36374831944704056
episode_000762,2,2,True,True,False,blue_tray,90768,0,2,0,2,,False,False,False,0,0,,,2,523,34.8,2.1303730229882727,0.2699047452760745,0.4190107583999634,0.6105135679244995,0.19150280952453613,-0.22633886337280273,0.11202716827392578,0.3383660316467285,0.032853975892066956,0.45123055577278137,0.4183765798807144
episode_000763,2,2,True,True,False,blue_tray,90769,0,2,0,2,,True,False,False,0,0,,,2,584,38.86666666666667,2.257976154365393,0.3320446630109993,0.4161357879638672,0.6142873764038086,0.1981515884399414,-0.21068358421325684,0.2593650817871094,0.4700486660003662,0.03300086408853531,0.42216044664382935,0.38915958255529404
episode_000764,2,2,True,True,False,blue_tray,90770,0,2,0,2,,False,False,False,0,0,,,2,473,31.466666666666665,1.7166335342809642,0.16998280273614363,0.45497751235961914,0.5848948955535889,0.12991738319396973,-0.14324951171875,0.1302485466003418,0.2734980583190918,0.03118234872817993,0.3540346622467041,0.32285231351852417
episode_000765,2,2,True,True,False,blue_tray,90771,0,2,0,2,,True,True,True,0,0,,,2,598,39.8,2.034822249707774,0.19091213727727321,0.45621228218078613,0.6806981563568115,0.2244858741760254,-0.11567330360412598,0.2532254457473755,0.36889874935150146,0.03319021314382553,0.31593117117881775,0.2827409580349922
episode_000767,1,2,True,True,False,blue_tray,90773,0,1,0,1,,False,False,False,0,0,,,1,344,22.866666666666667,1.2410638781176,0.2693890638450986,0.508622407913208,0.6349561214447021,0.12633371353149414,-0.21052932739257812,0.1991673707962036,0.40969669818878174,0.03328318893909454,0.42262962460517883,0.3893464356660843
episode_000769,2,2,False,False,True,blue_tray,90775,0,2,0,2,,False,False,False,1,1,solver_recovery_exhausted,move_above_slot,1,904,60.199999999999996,3.3273379775567076,0.4150290123623458,0.3775869607925415,0.6059907674789429,0.22840380668640137,-0.2948873043060303,0.2830381393432617,0.577925443649292,0.03295018523931503,0.38705581426620483,0.3541056290268898
episode_000770,2,2,True,True,False,blue_tray,90776,0,2,0,2,,False,False,False,0,0,,,2,570,37.93333333333333,1.9506990536891,0.3893438272754381,0.4317857027053833,0.5732170343399048,0.14143133163452148,-0.20819127559661865,0.1130824089050293,0.32127368450164795,0.0316348522901535,0.5006534457206726,0.4690185934305191
episode_000771,1,2,True,True,False,blue_tray,90777,0,1,0,1,,False,False,False,0,0,,,1,201,13.333333333333334,0.786225299030283,0.186939705179394,0.5089457035064697,0.6532695293426514,0.14432382583618164,-0.23927903175354004,-0.04408884048461914,0.1951901912689209,0.03336656093597412,0.303896427154541,0.2705298662185669
episode_000772,2,2,True,True,False,blue_tray,90778,0,2,0,2,,False,False,False,0,0,,,2,541,36.0,1.9705195837904914,0.3556047114074236,0.4563100337982178,0.65798020362854,0.20167016983032227,-0.14357423782348633,0.13352251052856445,0.2770967483520508,0.03290156275033951,0.5259600877761841,0.4930585250258446
episode_000773,1,2,True,True,False,blue_tray,90779,0,1,0,1,,False,False,False,0,0,,,1,291,19.333333333333332,1.3269876256085622,0.24069613590614844,0.4883004426956177,0.5435782670974731,0.05527782440185547,-0.21630597114562988,0.2593390941619873,0.4756450653076172,0.03298879414796829,0.41985398530960083,0.38686519116163254
episode_000777,2,2,True,True,False,blue_tray,90783,1,2,1,1,blue_cube_0,False,False,False,0,0,,,2,260,17.266666666666666,1.1173027550511392,0.09556289012238309,0.4759937524795532,0.5588291883468628,0.08283543586730957,-0.12906193733215332,0.25240957736968994,0.38147151470184326,0.032126232981681824,0.23662137985229492,0.2044951468706131
episode_000778,2,2,True,True,False,blue_tray,90784,0,2,0,2,,True,False,False,0,0,,,2,527,35.06666666666666,2.032149457582306,0.34220678424938833,0.3902362585067749,0.6665209531784058,0.27628469467163086,-0.20769500732421875,0.18692922592163086,0.3946242332458496,0.03313497453927994,0.32635924220085144,0.2932242676615715
episode_000779,2,2,True,True,False,blue_tray,90785,0,2,0,2,,True,True,True,0,0,,,2,478,31.8,1.8041509529614994,0.34360243090942044,0.3847315311431885,0.6549665927886963,0.2702350616455078,-0.2118382453918457,0.1342780590057373,0.346116304397583,0.030184172093868256,0.2920960783958435,0.26191190630197525
episode_000784,2,2,False,False,True,blue_tray,90790,0,2,0,2,,True,False,False,1,2,solver_recovery_exhausted,align_yaw,1,1072,71.4,3.4058324156941144,0.5058983852696998,0.3842017650604248,0.6367578506469727,0.25255608558654785,-0.14922285079956055,0.29154109954833984,0.4407639503479004,0.03293793648481369,0.5323147773742676,0.4993768408894539
episode_000785,1,2,True,True,False,blue_tray,90791,0,1,0,1,,False,False,False,0,0,,,1,331,22.0,1.2847706648200163,0.6874889854079123,0.3931601047515869,0.5712628364562988,0.17810273170471191,-0.32634758949279785,0.255154013633728,0.5815016031265259,0.03306075185537338,0.5348199605941772,0.5017592087388039
episode_000786,1,2,True,True,False,blue_tray,90792,0,1,0,1,,False,False,False,0,0,,,1,244,16.2,0.9806498760692104,0.2749109064451281,0.5085008144378662,0.5297260284423828,0.0212252140045166,-0.20643043518066406,0.05577969551086426,0.2622101306915283,0.032771818339824677,0.45140957832336426,0.4186377599835396
episode_000787,1,2,True,True,False,blue_tray,90793,0,1,0,1,,False,False,False,0,0,,,1,332,22.066666666666666,1.2292236922708244,0.25101636115791903,0.4146900177001953,0.5042366981506348,0.08954668045043945,-0.21100234985351562,0.18264257907867432,0.39364492893218994,0.029048293828964233,0.41747379302978516,0.3884254992008209
episode_000790,2,2,False,False,True,blue_tray,90796,1,2,1,1,blue_cube_0,False,False,False,1,1,solver_recovery_exhausted,approach,1,506,33.666666666666664,1.597652326696728,0.2767738310399213,0.4505852460861206,0.6720254421234131,0.22144019603729248,-0.19284546375274658,0.1713869571685791,0.3642324209213257,0.10791719704866409,0.38388514518737793,0.27596794813871384
episode_000793,1,2,True,True,False,blue_tray,90799,0,1,0,1,,False,False,False,0,0,,,1,228,15.133333333333333,0.8452409632356933,0.39177634584928167,0.49893712997436523,0.5296769142150879,0.030739784240722656,-0.1145927906036377,0.25612592697143555,0.37071871757507324,0.03359818458557129,0.31249797344207764,0.27889978885650635
episode_000794,1,2,True,True,False,blue_tray,90800,0,1,0,1,,True,True,True,1,1,,,1,451,30.0,1.4783738618066211,0.3604686300104284,0.3834214210510254,0.5218793153762817,0.13845789432525635,-0.2088853120803833,0.012484550476074219,0.22136986255645752,0.032359711825847626,0.4741024971008301,0.44174278527498245
episode_000795,1,2,True,True,False,blue_tray,90801,0,1,0,1,,False,False,False,1,1,,,1,698,46.46666666666667,2.2355327420267717,0.4149245912025063,0.41400790214538574,0.5515305995941162,0.13752269744873047,-0.20449447631835938,0.25988101959228516,0.46437549591064453,0.03312108665704727,0.5071799755096436,0.4740588888525963
episode_000796,1,2,True,True,False,blue_tray,90802,0,1,0,1,,False,False,False,0,0,,,1,225,14.933333333333334,0.8259555576429116,0.4169729146295582,0.39577150344848633,0.5084152221679688,0.11264371871948242,-0.15255999565124512,0.2300412654876709,0.382601261138916,0.03158411383628845,0.31318530440330505,0.2816011905670166
episode_000797,2,2,True,True,False,blue_tray,90803,0,2,0,2,,False,False,False,0,1,,,2,879,58.53333333333333,3.3812407174503667,0.4913342818510595,0.36289894580841064,0.6432565450668335,0.28035759925842285,-0.13774633407592773,0.25519394874572754,0.3929402828216553,0.030729882419109344,0.48374074697494507,0.4530108645558357
episode_000798,1,2,True,True,False,blue_tray,90804,0,1,0,1,,False,False,False,0,0,,,1,220,14.6,0.8436901856478408,0.3380840758499296,0.41117191314697266,0.5082645416259766,0.0970926284790039,-0.20821142196655273,0.08197188377380371,0.29018330574035645,0.03284711390733719,0.3324822187423706,0.2996351048350334
episode_000799,2,2,True,True,False,blue_tray,90805,0,2,0,2,,False,False,False,0,0,,,2,510,33.93333333333333,2.1682149038721867,0.3939016160757909,0.39031529426574707,0.636350154876709,0.24603486061096191,-0.21011805534362793,0.2116795778274536,0.42179763317108154,0.032908402383327484,0.4623498320579529,0.4294414296746254
episode_000800,2,2,True,True,False,blue_tray,90806,0,2,0,2,,False,False,False,0,0,,,2,497,33.06666666666666,1.890716338003259,0.4993395413250219,0.38376712799072266,0.560577392578125,0.17681026458740234,-0.1433417797088623,0.20820093154907227,0.35154271125793457,0.0289226695895195,0.510999858379364,0.4820771887898445
episode_000801,2,2,True,True,False,blue_tray,90807,0,2,0,2,,False,False,False,0,0,,,2,546,36.333333333333336,1.974390909664788,0.5361484863776275,0.45562148094177246,0.6376825571060181,0.1820610761642456,-0.14268183708190918,0.25398850440979004,0.3966703414916992,0.033160947263240814,0.5423973202705383,0.5092363730072975
episode_000803,2,2,True,True,False,blue_tray,90809,1,2,1,1,blue_cube_1,False,False,False,0,0,,,2,237,15.733333333333333,0.7484461280464424,0.1392177837760125,0.4512028694152832,0.5655128955841064,0.11431002616882324,-0.2062990665435791,-0.03636002540588379,0.1699390411376953,0.03322049230337143,0.26749610900878906,0.23427561670541763
episode_000804,2,2,True,True,False,blue_tray,90810,0,2,0,2,,False,False,False,0,0,,,2,531,35.333333333333336,1.9332775979705294,0.3075751653604536,0.4424111843109131,0.5627856254577637,0.12037444114685059,-0.14230608940124512,0.19060802459716797,0.3329141139984131,0.03266789764165878,0.49477794766426086,0.4621100500226021
episode_000805,2,2,False,False,True,blue_tray,90811,0,2,0,2,,False,False,False,1,1,solver_recovery_exhausted,move_above_slot,1,773,51.46666666666667,2.9222853226763146,0.4386214597453214,0.45499682426452637,0.6046016216278076,0.14960479736328125,-0.16139507293701172,0.27918100357055664,0.44057607650756836,0.03194653242826462,0.3752560019493103,0.3433094695210457
episode_000807,1,2,True,True,False,blue_tray,90813,0,1,0,1,,False,False,False,0,0,,,1,314,20.866666666666667,1.309042167832605,0.16649212514567052,0.41169261932373047,0.6450004577636719,0.2333078384399414,-0.23111677169799805,0.20659542083740234,0.4377121925354004,0.03289809823036194,0.3194352388381958,0.28653714060783386
episode_000810,2,2,True,True,False,blue_tray,90816,1,2,1,1,blue_cube_0,False,False,False,0,0,,,2,191,12.666666666666666,0.6990049381509509,0.12212639778878553,0.46905672550201416,0.5611333847045898,0.09207665920257568,-0.2061779499053955,-0.05569183826446533,0.15048611164093018,0.0332188680768013,0.2659829258918762,0.23276405781507492
episode_000813,1,2,True,True,False,blue_tray,90819,0,1,0,1,,False,False,False,0,0,,,1,284,18.866666666666667,1.0457056952128627,0.540375971896338,0.5083757638931274,0.6240251064300537,0.11564934253692627,-0.1713252067565918,0.25454676151275635,0.42587196826934814,0.032866209745407104,0.4999362826347351,0.467070072889328
episode_000814,1,2,True,True,False,blue_tray,90820,0,1,0,1,,False,False,False,0,0,,,1,199,13.2,0.7794362575777076,0.17649380254797745,0.5094752311706543,0.6554839611053467,0.14600872993469238,-0.2030801773071289,-0.05205202102661133,0.15102815628051758,0.03267498314380646,0.32432591915130615,0.2916509360074997
episode_000815,1,2,False,False,True,blue_tray,90821,0,1,0,1,,False,False,False,1,1,solver_recovery_exhausted,approach,0,429,28.53333333333333,1.5662546549179939,0.20796953641700397,0.45004701614379883,0.657719612121582,0.2076725959777832,-0.08487415313720703,0.2309175729751587,0.3157917261123657,0.10599881410598755,0.38238540291786194,0.2763865888118744
episode_000816,1,2,True,True,False,blue_tray,90822,0,1,0,1,,False,False,False,0,0,,,1,288,19.133333333333333,1.1574439219937718,0.38315452409202355,0.37245607376098633,0.6334547996520996,0.2609987258911133,-0.30629992485046387,0.04517841339111328,0.35147833824157715,0.0326218381524086,0.5050292015075684,0.47240736335515976
episode_000817,2,2,True,True,False,blue_tray,90823,1,2,1,1,blue_cube_1,False,False,False,0,0,,,2,358,23.8,1.4292426056307845,0.14286077802541566,0.4283384084701538,0.603994607925415,0.17565619945526123,-0.24677419662475586,0.2899376153945923,0.5367118120193481,0.03279053419828415,0.22297069430351257,0.19018016010522842
episode_000818,2,2,True,True,False,blue_tray,90824,0,2,0,2,,False,False,False,0,0,,,2,531,35.333333333333336,1.9570551367508902,0.3628212028400616,0.3997403383255005,0.6541320085525513,0.2543916702270508,-0.20462262630462646,0.13083863258361816,0.33546125888824463,0.03265124559402466,0.4342198669910431,0.40156862139701843
episode_000820,1,2,True,True,False,blue_tray,90826,0,1,0,1,,False,False,False,0,0,,,1,281,18.666666666666668,1.0363246935471262,0.32787793270311716,0.4976639747619629,0.6083884239196777,0.11072444915771484,-0.14127898216247559,0.08363938331604004,0.22491836547851562,0.033314310014247894,0.5144875645637512,0.4811732545495033
episode_000822,2,2,True,True,False,blue_tray,90828,0,2,0,2,,False,False,False,0,0,,,2,793,52.8,2.4556640321042558,0.3061715148103641,0.38128888607025146,0.6526216268539429,0.2713327407836914,-0.21569716930389404,0.2538321018218994,0.46952927112579346,0.026355452835559845,0.42044442892074585,0.394088976085186
episode_000823,1,2,True,True,False,blue_tray,90829,0,1,0,1,,True,True,True,0,0,,,1,281,18.666666666666668,1.0946157221917368,0.5230236964322155,0.42778778076171875,0.5094265937805176,0.08163881301879883,-0.2209310531616211,0.23582220077514648,0.4567532539367676,0.031684838235378265,0.43210816383361816,0.4004233255982399
episode_000824,2,2,True,True,False,blue_tray,90830,0,2,0,2,,False,False,False,0,0,,,2,494,32.86666666666667,1.9480748235692196,0.34342509687301465,0.41624951362609863,0.6711187362670898,0.2548692226409912,-0.22066473960876465,0.14431285858154297,0.3649775981903076,0.03311742842197418,0.5042937397956848,0.47117631137371063
episode_000827,2,2,False,False,True,blue_tray,90833,0,2,0,2,,False,False,False,1,1,solver_recovery_exhausted,approach,1,724,48.2,2.395474128459786,0.45009486858678344,0.383805513381958,0.6565067768096924,0.2727012634277344,-0.22169280052185059,0.26860499382019043,0.490297794342041,0.029709622263908386,0.38005292415618896,0.3503433018922806
episode_000828,1,2,True,True,False,blue_tray,90834,0,1,0,1,,False,False,False,0,0,,,1,318,21.133333333333333,1.0963987747540613,0.33091229192229477,0.3661227226257324,0.5087008476257324,0.142578125,-0.14081835746765137,0.1426084041595459,0.28342676162719727,0.03371274471282959,0.4993160367012024,0.4656032919883728
episode_000829,2,2,True,True,False,blue_tray,90835,0,2,0,2,,False,False,False,1,1,,,2,1028,68.46666666666667,3.0649630310219873,0.20043643456847163,0.39050745964050293,0.6150615215301514,0.22455406188964844,-0.23001551628112793,0.24604618549346924,0.47606170177459717,0.03227440267801285,0.36846813559532166,0.3361937329173088
episode_000830,2,2,True,True,False,blue_tray,90836,0,2,0,2,,False,False,False,0,0,,,2,520,34.6,2.104594224785924,0.2869176826553282,0.45729589462280273,0.5596963167190552,0.10240042209625244,-0.2878681421279907,0.19685983657836914,0.48472797870635986,0.032171934843063354,0.4611552953720093,0.4289833605289459
episode_000831,1,2,True,True,False,blue_tray,90837,0,1,0,1,,False,False,False,0,0,,,1,277,18.4,0.9261885724569006,0.2784418993166664,0.39628100395202637,0.6040101051330566,0.20772910118103027,-0.2090919017791748,-0.05587053298950195,0.15322136878967285,0.03333698958158493,0.44526469707489014,0.4119277074933052
episode_000833,1,2,True,True,False,blue_tray,90839,0,1,0,1,,False,False,False,0,0,,,1,341,22.666666666666668,1.4391506375476704,0.1500166763942442,0.38405728340148926,0.5172919034957886,0.13323462009429932,-0.26683688163757324,0.2546321153640747,0.521468997001648,0.03295920789241791,0.26865512132644653,0.23569591343402863
episode_000834,1,2,True,True,False,blue_tray,90840,0,1,0,1,,True,True,True,0,0,,,1,215,14.266666666666666,0.919983633098562,0.43258703325127373,0.3946338891983032,0.5885770320892334,0.19394314289093018,-0.20754122734069824,0.20811772346496582,0.41565895080566406,0.032582856714725494,0.2765181064605713,0.2439352497458458
episode_000835,1,2,True,True,False,blue_tray,90841,0,1,0,1,,False,False,False,0,0,,,1,289,19.2,1.0381037469903212,0.4501869215191273,0.412045955657959,0.6429245471954346,0.23087859153747559,-0.2073514461517334,0.14411389827728271,0.3514653444290161,0.03345593065023422,0.4357168674468994,0.4022609367966652
episode_000837,2,2,True,True,False,blue_tray,90843,0,2,0,2,,False,False,False,1,1,,,2,1194,79.53333333333333,3.039418383672859,0.27096901406611723,0.4271371364593506,0.5969012975692749,0.16976416110992432,-0.18008780479431152,0.2618420124053955,0.44192981719970703,0.0304216668009758,0.4170352816581726,0.3866136148571968
episode_000838,1,2,True,True,False,blue_tray,90844,0,1,0,1,,False,False,False,0,0,,,1,308,20.466666666666665,1.099904419773865,0.3085162558249878,0.40526652336120605,0.5158623456954956,0.11059582233428955,-0.20285773277282715,0.20030903816223145,0.4031667709350586,0.03328792005777359,0.39222151041030884,0.35893359035253525
episode_000839,2,2,True,True,False,blue_tray,90845,0,2,0,2,,False,False,False,0,0,,,2,528,35.13333333333333,1.8824810968480823,0.5276256214816177,0.45609045028686523,0.6201562881469727,0.16406583786010742,-0.21145415306091309,0.2992994785308838,0.5107536315917969,0.03292655199766159,0.4051171839237213,0.3721906319260597
episode_000840,2,2,True,True,False,blue_tray,90846,0,2,0,2,,True,True,True,1,1,,,2,887,59.06666666666666,2.9216692879755106,0.2873707403923043,0.45040464401245117,0.5610241889953613,0.11061954498291016,-0.3079913854598999,0.23933911323547363,0.5473304986953735,0.03222428262233734,0.42319536209106445,0.3909710794687271
episode_000842,2,2,True,True,False,blue_tray,90848,1,2,1,1,blue_cube_0,False,False,False,0,0,,,2,300,19.933333333333334,1.2055705565119486,0.16157722026566992,0.4254770278930664,0.5622601509094238,0.13678312301635742,-0.21783339977264404,0.19837045669555664,0.4162038564682007,0.03326663374900818,0.27380651235580444,0.24053987860679626
episode_000843,1,2,True,True,False,blue_tray,90849,0,1,0,1,,False,False,False,0,0,,,1,279,18.53333333333333,1.0450604343390864,0.5151882352764239,0.49956703186035156,0.5843441486358643,0.0847771167755127,-0.20541715621948242,0.2597278356552124,0.4651449918746948,0.03316236287355423,0.40862348675727844,0.3754611238837242
episode_000844,1,2,True,True,False,blue_tray,90850,0,1,0,1,,False,False,False,0,0,,,1,226,15.0,0.8681505730865633,0.25053975902211145,0.5094983577728271,0.6357090473175049,0.12621068954467773,-0.28961634635925293,-0.000889897346496582,0.28872644901275635,0.03322439640760422,0.3498179614543915,0.31659356504678726
episode_000845,1,2,True,True,False,blue_tray,90851,0,1,0,1,,False,False,False,0,0,,,1,259,17.2,1.0840409560836783,0.36249904369559643,0.4134925603866577,0.5623337030410767,0.14884114265441895,-0.20618987083435059,0.25633883476257324,0.46252870559692383,0.03306114673614502,0.31881436705589294,0.2857532203197479
episode_000846,1,2,True,True,False,blue_tray,90852,0,1,0,1,,False,False,False,0,0,,,1,271,18.0,1.0934445528729255,0.6034663769368056,0.5072613954544067,0.6039338111877441,0.0966724157333374,-0.20606625080108643,0.2819192409515381,0.4879854917526245,0.03320807218551636,0.5295088291168213,0.49630075693130493
episode_000847,2,2,True,True,False,blue_tray,90853,1,2,1,1,blue_cube_1,False,False,False,0,0,,,2,312,20.733333333333334,1.3504410487103056,0.12275635721501967,0.44417858123779297,0.5624995231628418,0.11832094192504883,-0.21062231063842773,0.2852593660354614,0.49588167667388916,0.033031150698661804,0.21945519745349884,0.18642404675483704
episode_000849,2,2,False,False,True,blue_tray,90855,0,2,0,2,,True,True,True,1,1,solver_recovery_exhausted,move_above_slot,1,788,52.46666666666667,3.021093121238784,0.18824082936476014,0.3765990734100342,0.6194789409637451,0.24287986755371094,-0.2770566940307617,0.25430989265441895,0.5313665866851807,0.03333564102649689,0.37302982807159424,0.33969418704509735
episode_000852,2,2,True,True,False,blue_tray,90858,1,2,1,1,blue_cube_1,False,False,False,0,0,,,2,273,18.133333333333333,0.9733130717853437,0.1276414984555192,0.39685559272766113,0.5583133697509766,0.16145777702331543,-0.14391398429870605,0.15110349655151367,0.2950174808502197,0.02960992604494095,0.23451891541481018,0.20490898936986923
episode_000853,1,2,True,True,False,blue_tray,90859,0,1,0,1,,False,False,False,0,0,,,1,543,36.13333333333333,1.1483158566262155,0.34150296252272305,0.4094085693359375,0.5497437715530396,0.14033520221710205,0.00917959213256836,0.25186097621917725,0.2426813840866089,0.03168916702270508,0.48484665155410767,0.4531574845314026
episode_000854,2,2,False,False,True,blue_tray,90860,1,2,1,1,blue_cube_0,False,False,False,1,1,solver_recovery_exhausted,approach,1,466,31.0,1.6238583585856827,0.2162754640293744,0.4505300521850586,0.6482295989990234,0.19769954681396484,-0.18206393718719482,0.25113987922668457,0.4332038164138794,0.105509914457798,0.3837652802467346,0.2782553657889366
episode_000857,1,2,True,True,False,blue_tray,90863,0,1,0,1,,False,False,False,0,0,,,1,336,22.333333333333332,1.2314849797175542,0.14831413517629163,0.45598649978637695,0.5853025913238525,0.12931609153747559,-0.13556671142578125,0.29633283615112305,0.4318995475769043,0.033025339245796204,0.30856186151504517,0.27553652226924896
episode_000858,2,2,False,False,True,blue_tray,90864,0,2,0,2,,False,False,False,1,1,solver_recovery_exhausted,recenter_after_yaw,0,711,47.333333333333336,1.5124166978572942,0.3775963331225166,0.40864789485931396,0.652901291847229,0.24425339698791504,-0.054047226905822754,0.17551374435424805,0.2295609712600708,0.104094959795475,0.38313859701156616,0.27904363721609116
episode_000860,1,2,True,True,False,blue_tray,90866,0,1,0,1,,False,False,False,0,0,,,1,239,15.866666666666667,1.0083882592074542,0.1478669154582627,0.506610631942749,0.549344539642334,0.04273390769958496,-0.259456992149353,0.12274026870727539,0.3821972608566284,0.032835572957992554,0.2708803415298462,0.23804476857185364
episode_000861,1,2,True,True,False,blue_tray,90867,0,1,0,1,,False,False,False,0,0,,,1,304,20.2,0.9846553724211335,0.5592074003014242,0.4641913175582886,0.5675191879272461,0.10332787036895752,-0.2841615676879883,0.2548251152038574,0.5389866828918457,0.03345656394958496,0.3246350586414337,0.29117849469184875
episode_000863,1,2,True,True,False,blue_tray,90869,0,1,0,1,,True,True,True,0,0,,,1,306,20.333333333333332,1.1748805092489856,0.3802984855001867,0.4404335021972656,0.5403392314910889,0.09990572929382324,-0.2087254524230957,0.23618173599243164,0.44490718841552734,0.033014677464962006,0.43859320878982544,0.40557853132486343
episode_000864,1,2,True,True,False,blue_tray,90870,0,1,0,1,,False,False,False,0,0,,,1,240,15.933333333333334,0.795959131564099,0.16050733437531875,0.49912595748901367,0.6502678394317627,0.15114188194274902,-0.14085471630096436,0.03971147537231445,0.1805661916732788,0.032080717384815216,0.2586790919303894,0.2265983745455742
episode_000865,2,2,True,True,False,blue_tray,90871,0,2,0,2,,False,False,False,0,0,,,2,498,33.13333333333333,1.9798533664376499,0.2795004320751577,0.43240034580230713,0.6488653421401978,0.21646499633789062,-0.14069080352783203,0.25691866874694824,0.3976094722747803,0.03296062350273132,0.3520987927913666,0.31913816928863525
episode_000867,2,2,True,True,False,blue_tray,90873,1,2,1,1,blue_cube_1,False,False,False,0,0,,,2,348,23.133333333333333,1.3247366889570134,0.11087973504334017,0.42790985107421875,0.5627586841583252,0.13484883308410645,-0.21047306060791016,0.2806131839752197,0.4910862445831299,0.033240869641304016,0.23990434408187866,0.20666347444057465
episode_000869,2,2,True,True,False,blue_tray,90875,0,2,0,2,,False,False,False,0,0,,,2,610,40.6,2.3613535490955737,0.3961157111637198,0.44779491424560547,0.5848352909088135,0.137040376663208,-0.28099989891052246,0.25830304622650146,0.5393029451370239,0.03240714222192764,0.30400657653808594,0.2715994343161583
episode_000870,2,2,False,False,True,blue_tray,90876,0,2,0,2,,False,False,False,1,1,solver_recovery_exhausted,approach,1,698,46.46666666666667,2.155361056715285,0.28140210474460664,0.4116344451904297,0.5640701055526733,0.15243566036224365,-0.20459020137786865,0.12716364860534668,0.33175384998321533,0.029823608696460724,0.3818054497241974,0.35198184102773666
episode_000872,1,2,True,True,False,blue_tray,90878,0,1,0,1,,False,False,False,0,0,,,1,253,16.8,0.9639086243241068,0.509479936150926,0.4617443084716797,0.617530345916748,0.15578603744506836,-0.14225399494171143,0.291658878326416,0.43391287326812744,0.03324446082115173,0.43047600984573364,0.3972315490245819
episode_000873,1,2,True,True,False,blue_tray,90879,0,1,0,1,,False,False,False,0,0,,,1,346,23.0,1.2538092005239567,0.3076766609541938,0.4743911027908325,0.6133723258972168,0.13898122310638428,-0.18221664428710938,0.2536739110946655,0.4358905553817749,0.03274048864841461,0.45326223969459534,0.4205217510461807
episode_000874,1,2,True,True,False,blue_tray,90880,0,1,0,1,,True,True,True,0,0,,,1,328,21.8,1.2112324233763285,0.12334552120431712,0.462032675743103,0.6412038803100586,0.17917120456695557,-0.21485114097595215,0.16740918159484863,0.3822603225708008,0.033174067735672,0.30047285556793213,0.26729878783226013
episode_000876,1,2,True,True,False,blue_tray,90882,0,1,0,1,,False,False,False,0,0,,,1,248,16.466666666666665,0.8801117760359733,0.332541659337088,0.4928586483001709,0.5950052738189697,0.10214662551879883,-0.1414707899093628,0.04916572570800781,0.1906365156173706,0.032392196357250214,0.4600895047187805,0.4276973083615303
episode_000878,2,2,True,True,False,blue_tray,90884,0,2,0,2,,False,False,False,0,0,,,2,584,38.86666666666667,2.1315555616185833,0.40235634018567606,0.4565577507019043,0.5626091957092285,0.10605144500732422,-0.20743072032928467,0.21237897872924805,0.4198096990585327,0.03249708563089371,0.5249473452568054,0.4924502596259117
episode_000879,1,2,True,True,False,blue_tray,90885,0,1,0,1,,False,False,False,0,0,,,1,306,20.333333333333332,1.086177728719101,0.3667005738297459,0.5086464881896973,0.6128947734832764,0.1042482852935791,-0.21041393280029297,0.20887184143066406,0.41928577423095703,0.032843753695487976,0.39912691712379456,0.3662831634283066
episode_000881,1,2,True,True,False,blue_tray,90887,0,1,0,1,,False,False,False,0,0,,,1,275,18.266666666666666,1.2620096571990216,0.6408798047594836,0.5039365291595459,0.6078552007675171,0.10391867160797119,-0.2832150459289551,0.2621077299118042,0.5453227758407593,0.03304673731327057,0.5131092071533203,0.48006246984004974
episode_000882,1,2,True,True,False,blue_tray,90888,0,1,0,1,,False,False,False,0,0,,,1,313,20.8,1.0504948257062028,0.5593719007978187,0.5105154514312744,0.6024800539016724,0.09196460247039795,-0.20448243618011475,0.3019893169403076,0.5064717531204224,0.03289461135864258,0.42591190338134766,0.3930172920227051
episode_000883,2,2,True,True,False,blue_tray,90889,0,2,0,2,,True,False,False,0,0,,,2,549,36.53333333333333,1.7132416669208632,0.43198512098029285,0.4554290771484375,0.5823476314544678,0.12691855430603027,-0.211686372756958,0.23373210430145264,0.44541847705841064,0.03299812227487564,0.2730763256549835,0.24007820338010788
episode_000884,1,2,True,True,False,blue_tray,90890,0,1,0,1,,False,False,False,0,0,,,1,280,18.6,1.1201447619371838,0.5109332029377778,0.38311219215393066,0.5094859600067139,0.1263737678527832,-0.15379488468170166,0.22583317756652832,0.37962806224823,0.031886808574199677,0.5220069289207458,0.4901201203465462
episode_000886,1,2,True,True,False,blue_tray,90892,0,1,0,1,,False,False,False,0,0,,,1,288,19.133333333333333,1.0513786999990204,0.14592629370628876,0.39860033988952637,0.5091379880905151,0.11053764820098877,-0.20586693286895752,0.13340401649475098,0.3392709493637085,0.033682405948638916,0.32045459747314453,0.2867721915245056
episode_000887,2,2,True,True,False,blue_tray,90893,0,2,0,2,,False,False,False,0,0,,,2,685,45.6,2.154204758026319,0.17085912213095977,0.40401482582092285,0.5607690811157227,0.1567542552947998,-0.21441316604614258,0.19757139682769775,0.41198456287384033,0.03262358158826828,0.2716221213340759,0.23899853974580765
episode_000888,2,2,True,True,False,blue_tray,90894,0,2,0,2,,False,False,False,0,0,,,2,597,39.733333333333334,2.078821620014401,0.31452836029377074,0.4562091827392578,0.6492128372192383,0.19300365447998047,-0.1438000202178955,0.25700926780700684,0.40080928802490234,0.03271687775850296,0.4809250831604004,0.44820820540189743
episode_000890,1,2,True,True,False,blue_tray,90896,0,1,0,1,,False,False,False,0,0,,,1,254,16.866666666666667,0.8058226373292514,0.31167144020459486,0.43628954887390137,0.5505713224411011,0.11428177356719971,-0.20500469207763672,0.06880426406860352,0.27380895614624023,0.03193208575248718,0.32851162552833557,0.2965795397758484
episode_000893,2,2,True,True,False,blue_tray,90899,0,2,0,2,,False,False,False,0,0,,,2,640,42.6,2.321595786351849,0.15557605481242354,0.396598219871521,0.6354544162750244,0.23885619640350342,-0.25999999046325684,0.2559584379196167,0.5159584283828735,0.032864637672901154,0.29256439208984375,0.2596997544169426
episode_000894,1,2,True,True,False,blue_tray,90900,0,1,0,1,,False,False,False,0,0,,,1,270,17.933333333333334,1.1708840301381427,0.4998226341394055,0.40985071659088135,0.5112965106964111,0.10144579410552979,-0.2188788652420044,0.21489214897155762,0.433771014213562,0.028941772878170013,0.4910208582878113,0.46207908540964127
episode_000895,2,2,True,True,False,blue_tray,90901,1,2,1,1,blue_cube_0,False,False,False,0,0,,,2,257,17.066666666666666,0.918961120240802,0.13557887399222252,0.39574193954467773,0.5605037212371826,0.16476178169250488,-0.21068859100341797,0.032987117767333984,0.24367570877075195,0.033537358045578,0.27844300866127014,0.24490565061569214
episode_000900,2,2,True,True,False,blue_tray,90906,0,2,0,2,,False,False,False,0,0,,,2,581,38.666666666666664,2.130461830489492,0.3676978214775486,0.3673057556152344,0.6492345333099365,0.28192877769470215,-0.1443188190460205,0.2352147102355957,0.3795335292816162,0.032864198088645935,0.5060452222824097,0.47318102419376373
episode_000902,1,2,True,True,False,blue_tray,90908,0,1,0,1,,True,True,True,0,0,,,1,298,19.8,1.096737692923289,0.348834705099642,0.4207162857055664,0.5057039260864258,0.08498764038085938,-0.23714017868041992,0.039434194564819336,0.27657437324523926,0.03196209669113159,0.5340947508811951,0.5021326541900635
episode_000904,1,2,True,True,False,blue_tray,90910,0,1,0,1,,False,False,False,0,0,,,1,277,18.4,0.8800475198609242,0.31679397873478476,0.3720824718475342,0.5094813108444214,0.1373988389968872,-0.19798851013183594,0.10118603706359863,0.29917454719543457,0.027975142002105713,0.28860801458358765,0.26063287258148193
episode_000905,1,2,True,True,False,blue_tray,90911,0,1,0,1,,False,False,False,0,0,,,1,333,22.133333333333333,1.2301255178347044,0.3632197151053973,0.5067265033721924,0.6655876636505127,0.1588611602783203,-0.17269182205200195,0.18114221096038818,0.35383403301239014,0.0318966880440712,0.5117791891098022,0.47988250106573105
episode_000906,2,2,True,True,False,blue_tray,90912,1,2,1,1,blue_cube_1,True,True,True,0,0,,,2,246,16.333333333333332,0.8937682990679063,0.14080525014784592,0.4410276412963867,0.6254723072052002,0.18444466590881348,-0.21805870532989502,0.012083053588867188,0.2301417589187622,0.03321334719657898,0.24696457386016846,0.21375122666358948
episode_000907,1,2,True,True,False,blue_tray,90913,0,1,0,1,,False,False,False,0,0,,,1,371,24.666666666666668,1.3115116016276924,0.6286573009076526,0.40124356746673584,0.550400972366333,0.14915740489959717,-0.3175652027130127,0.2655975818634033,0.583162784576416,0.03293833136558533,0.4331815540790558,0.40024322271347046
episode_000908,2,2,True,True,False,blue_tray,90914,0,2,0,2,,False,False,False,0,0,,,2,567,37.733333333333334,2.0921101595053337,0.5120858588457902,0.39443087577819824,0.6538710594177246,0.25944018363952637,-0.20893561840057373,0.22791337966918945,0.4368489980697632,0.029211103916168213,0.4153330624103546,0.3861219584941864
episode_000909,2,2,True,True,False,blue_tray,90915,0,2,0,2,,False,False,False,1,1,,,2,998,66.46666666666667,3.460388694455882,0.32522654918357513,0.39333558082580566,0.6578772068023682,0.2645416259765625,-0.17398929595947266,0.28991055488586426,0.4638998508453369,0.032496899366378784,0.3847256898880005,0.3522287905216217
episode_000911,2,2,False,False,True,blue_tray,90917,0,2,0,2,,False,False,False,1,1,solver_recovery_exhausted,move_above_slot,1,699,46.53333333333333,2.91803282312789,0.11799271662247567,0.4498577117919922,0.6708381175994873,0.22098040580749512,-0.2564568519592285,0.2635641098022461,0.5200209617614746,0.03335709869861603,0.37262487411499023,0.3392677754163742
episode_000912,1,2,True,True,False,blue_tray,90918,0,1,0,1,,False,False,False,0,0,,,1,279,18.53333333333333,0.9172561784402649,0.36448092067809784,0.4228776693344116,0.5404137372970581,0.11753606796264648,-0.19868791103363037,-0.04214036464691162,0.15654754638671875,0.03341977298259735,0.5194900035858154,0.4860702306032181
episode_000913,1,2,True,True,False,blue_tray,90919,0,1,0,1,,False,False,False,0,0,,,1,288,19.133333333333333,1.2304809812710176,0.294193004580414,0.4977378845214844,0.5267066955566406,0.02896881103515625,-0.17256546020507812,0.2440958023071289,0.41666126251220703,0.03200218081474304,0.4647030830383301,0.43270090222358704
episode_000914,2,2,True,True,False,blue_tray,90920,0,2,0,2,,False,False,False,0,0,,,2,589,39.2,2.0148383527647504,0.25524612508338024,0.45542025566101074,0.5632295608520508,0.10780930519104004,-0.18423807621002197,0.18425822257995605,0.368496298789978,0.033294446766376495,0.420807421207428,0.3875129744410515
episode_000916,2,2,True,True,False,blue_tray,90922,1,2,1,1,blue_cube_1,False,False,False,0,0,,,2,209,13.866666666666667,0.694101870295804,0.0943724587977611,0.4783287048339844,0.5612637996673584,0.08293509483337402,-0.1996692419052124,-0.027014970779418945,0.17265427112579346,0.033599890768527985,0.21904204785823822,0.18544215708971024
episode_000918,1,2,True,True,False,blue_tray,90924,0,1,0,1,,False,False,False,0,0,,,1,240,15.933333333333334,1.0359957887188194,0.32685774481876917,0.5012965202331543,0.5362894535064697,0.03499293327331543,-0.2174144983291626,0.04804635047912598,0.2654608488082886,0.033027924597263336,0.5118139386177063,0.47878601402044296
episode_000919,1,2,True,True,False,blue_tray,90925,0,1,0,1,,False,False,False,0,0,,,1,256,17.0,1.0523280609414074,0.6133895948103816,0.458842396736145,0.5281237363815308,0.06928133964538574,-0.2739138603210449,0.26466941833496094,0.5385832786560059,0.03332643210887909,0.47719094157218933,0.44386450946331024
episode_000920,1,2,True,True,False,blue_tray,90926,0,1,0,1,,False,False,False,0,0,,,1,291,19.333333333333332,1.123142013030297,0.3639350222781459,0.45565640926361084,0.524369478225708,0.06871306896209717,-0.1999492645263672,0.12787199020385742,0.3278212547302246,0.033530645072460175,0.5261643528938293,0.49263370782136917
episode_000921,1,2,True,True,False,blue_tray,90927,0,1,0,1,,False,False,False,0,0,,,1,317,21.066666666666666,1.1578989821239132,0.2514097015477787,0.43933582305908203,0.5091562271118164,0.06982040405273438,-0.17232704162597656,0.19205796718597412,0.3643850088119507,0.0333416685461998,0.4244252145290375,0.3910835459828377
episode_000925,1,2,True,True,False,blue_tray,90931,0,1,0,1,,False,False,False,0,0,,,1,287,19.066666666666666,0.8270821788290179,0.1826771722744699,0.4789552688598633,0.6105883121490479,0.13163304328918457,-0.17290759086608887,-0.013666629791259766,0.1592409610748291,0.03126309812068939,0.33779066801071167,0.3065275698900223
episode_000926,2,2,True,True,False,blue_tray,90932,0,2,0,2,,True,True,True,0,0,,,2,495,32.93333333333333,2.0813964299105603,0.3695366480193733,0.40050601959228516,0.561288595199585,0.1607825756072998,-0.2538400888442993,0.19974565505981445,0.45358574390411377,0.032437168061733246,0.5127571821212769,0.4803200140595436
episode_000929,1,2,True,True,False,blue_tray,90935,0,1,0,1,,False,False,False,0,0,,,1,322,21.4,1.1419180325115077,0.44278593106495184,0.445906400680542,0.5441286563873291,0.09822225570678711,-0.1693727970123291,0.2221766710281372,0.3915494680404663,0.033348165452480316,0.5007023811340332,0.4673542156815529
episode_000932,2,2,True,True,False,blue_tray,90938,0,2,0,2,,False,False,False,0,0,,,2,522,34.733333333333334,2.029632878612614,0.37907218440890594,0.45077717304229736,0.5632909536361694,0.11251378059387207,-0.19896817207336426,0.19507217407226562,0.3940403461456299,0.032992199063301086,0.43747928738594055,0.40448708832263947
episode_000933,2,2,True,True,False,blue_tray,90939,1,2,1,1,blue_cube_1,False,False,False,0,0,,,2,282,18.733333333333334,1.220485015155257,0.1273134879550839,0.4388144016265869,0.5584077835083008,0.11959338188171387,-0.1762394905090332,0.25120115280151367,0.4274406433105469,0.03174632787704468,0.2337477207183838,0.2020013928413391
episode_000934,2,2,True,True,False,blue_tray,90940,1,2,1,1,blue_cube_0,False,False,False,0,0,,,2,262,17.4,0.7724579216361098,0.10771095972017845,0.4557814598083496,0.6091504096984863,0.15336894989013672,-0.18395018577575684,-0.02616727352142334,0.1577829122543335,0.03186853229999542,0.21055418252944946,0.17868565022945404
episode_000937,2,2,True,True,False,blue_tray,90943,0,2,0,2,,False,False,False,0,0,,,2,530,35.266666666666666,1.9597161767129234,0.2862716215136768,0.41150331497192383,0.6384086608886719,0.22690534591674805,-0.17105531692504883,0.17337000370025635,0.3444253206253052,0.03264763206243515,0.3893038034439087,0.35665617138147354
episode_000938,1,2,True,True,False,blue_tray,90944,0,1,0,1,,False,False,False,0,0,,,1,265,17.6,1.1523505812924557,0.3692166025045603,0.45192599296569824,0.6733694076538086,0.22144341468811035,-0.20605111122131348,0.09052419662475586,0.29657530784606934,0.03278446942567825,0.5180488228797913,0.485264353454113
episode_000939,1,2,True,True,False,blue_tray,90945,0,1,0,1,,True,True,True,0,0,,,1,246,16.333333333333332,0.8207799388527668,0.3299067288794354,0.4655270576477051,0.52895188331604,0.06342482566833496,-0.05835247039794922,0.26375913619995117,0.3221116065979004,0.03335770219564438,0.257192462682724,0.22383476048707962
episode_000940,2,2,False,False,True,blue_tray,90946,0,2,0,2,,False,False,False,1,1,solver_recovery_exhausted,approach,1,664,44.2,2.3262204480953734,0.2728646857971369,0.3669321537017822,0.6444323062896729,0.2775001525878906,-0.2013765573501587,0.15223217010498047,0.35360872745513916,0.032154329121112823,0.3809993267059326,0.3488449975848198
episode_000941,2,2,True,True,False,blue_tray,90947,0,2,0,2,,False,False,False,0,0,,,2,587,39.06666666666666,1.9878985753286527,0.2935400663078239,0.41021299362182617,0.637798547744751,0.2275855541229248,-0.17196297645568848,0.1888209581375122,0.3607839345932007,0.03271864354610443,0.4583006501197815,0.42558200657367706
episode_000942,2,2,False,False,True,blue_tray,90948,0,2,0,2,,False,False,False,1,1,solver_recovery_exhausted,descend,1,832,55.4,1.9779895426264007,0.4742621914846914,0.4185507297515869,0.6541333198547363,0.23558259010314941,-0.18580758571624756,0.11349892616271973,0.2993065118789673,0.03297697752714157,0.45624253153800964,0.4232655540108681
episode_000943,1,2,True,True,False,blue_tray,90949,0,1,0,1,,False,False,False,0,0,,,1,270,17.933333333333334,1.163450110543713,0.6355277751340519,0.5033928155899048,0.6322219371795654,0.12882912158966064,-0.28925609588623047,0.2692577838897705,0.558513879776001,0.033182427287101746,0.46251216530799866,0.4293297380208969
episode_000944,2,2,True,True,False,blue_tray,90950,0,2,0,2,,False,False,False,0,0,,,2,485,32.266666666666666,1.854879396728688,0.474325430350818,0.3641164302825928,0.5892629623413086,0.22514653205871582,-0.2126370668411255,0.2593836784362793,0.4720207452774048,0.03179119527339935,0.34516018629074097,0.3133689910173416
episode_000945,2,2,True,True,False,blue_tray,90951,0,2,0,2,,False,False,False,0,0,,,2,566,37.666666666666664,1.8277998894075949,0.2858948700095005,0.45491933822631836,0.5760834217071533,0.12116408348083496,-0.17099714279174805,0.15535128116607666,0.3263484239578247,0.0333278626203537,0.42314019799232483,0.38981233537197113
episode_000946,2,2,True,True,False,blue_tray,90952,0,2,0,2,,False,False,False,0,0,,,2,528,35.13333333333333,1.8634815942405067,0.24169970699107637,0.3663520812988281,0.5878124237060547,0.22146034240722656,-0.2622472047805786,0.10615158081054688,0.3683987855911255,0.03285680711269379,0.30391234159469604,0.27105553448200226
episode_000947,1,2,True,True,False,blue_tray,90953,0,1,0,1,,False,False,False,0,0,,,1,453,30.133333333333333,1.1498294886992837,0.6162597691581084,0.5131844282150269,0.6226602792739868,0.10947585105895996,-0.30893921852111816,0.2633843421936035,0.5723235607147217,0.03217043727636337,0.38410043716430664,0.35192999988794327
episode_000948,1,2,True,True,False,blue_tray,90954,0,1,0,1,,False,False,False,0,0,,,1,243,16.133333333333333,0.9777417093857812,0.30267746163679504,0.509179949760437,0.6489825248718262,0.13980257511138916,-0.1977839469909668,-0.01091921329498291,0.1868647336959839,0.03266580402851105,0.4844042658805847,0.45173846185207367
episode_000949,2,2,True,True,False,blue_tray,90955,0,2,0,2,,False,False,False,0,0,,,2,572,38.06666666666666,2.1382900587677733,0.36906963557486316,0.45473217964172363,0.5634574890136719,0.10872530937194824,-0.17139697074890137,0.24062514305114746,0.41202211380004883,0.03341751545667648,0.542716920375824,0.5092994049191475
episode_000952,2,2,True,True,False,blue_tray,90958,0,2,0,2,,False,False,False,0,0,,,2,612,40.733333333333334,2.181388888739703,0.3600542174788102,0.45245254039764404,0.5654029846191406,0.11295044422149658,-0.27650392055511475,0.2030479907989502,0.47955191135406494,0.032130882143974304,0.5382294654846191,0.5060985833406448
episode_000954,2,2,True,True,False,blue_tray,90960,0,2,0,2,,True,True,True,0,0,,,2,505,33.6,1.9589741691622775,0.10158780545140245,0.45125722885131836,0.5799126625061035,0.12865543365478516,-0.1855083703994751,0.18927001953125,0.3747783899307251,0.03240102529525757,0.2751634120941162,0.24276238679885864
episode_000955,1,2,True,True,False,blue_tray,90961,0,1,0,1,,False,False,False,0,0,,,1,354,23.53333333333333,1.1297249133191656,0.4919513257021136,0.5104000568389893,0.5920008420944214,0.08160078525543213,-0.27021288871765137,0.2539323568344116,0.524145245552063,0.03294963389635086,0.26854902505874634,0.23559939116239548
episode_000957,1,2,True,True,False,blue_tray,90963,0,1,0,1,,True,True,True,0,0,,,1,284,18.866666666666667,0.9884000235375061,0.21151924574596906,0.4555327892303467,0.6145882606506348,0.15905547142028809,-0.17040634155273438,0.0922856330871582,0.2626919746398926,0.03224007040262222,0.37325039505958557,0.34101032465696335
episode_000958,1,2,True,True,False,blue_tray,90964,0,1,0,1,,False,False,False,0,0,,,1,271,18.0,1.1521636570105298,0.21952248465682322,0.36548709869384766,0.6501338481903076,0.28464674949645996,-0.24417579174041748,0.09640049934387207,0.34057629108428955,0.032882899045944214,0.3437498211860657,0.31086692214012146
episode_000959,2,2,True,True,False,blue_tray,90965,1,2,1,1,blue_cube_1,False,False,False,0,0,,,2,304,20.2,1.369477256989732,0.13271756975691973,0.46069037914276123,0.5652289390563965,0.10453855991363525,-0.22835350036621094,0.2761385440826416,0.5044920444488525,0.032936565577983856,0.2726006507873535,0.23966408520936966
episode_000960,2,2,True,True,False,blue_tray,90966,0,2,0,2,,True,False,False,0,0,,,2,561,37.333333333333336,2.102866942497948,0.3074193669163237,0.3844050168991089,0.6067384481430054,0.22233343124389648,-0.19913208484649658,0.1763594150543213,0.37549149990081787,0.032998330891132355,0.4880908131599426,0.45509248226881027
episode_000964,1,2,True,True,False,blue_tray,90970,0,1,0,1,,False,False,False,0,0,,,1,287,19.066666666666666,1.1888244301313244,0.5365040570938551,0.37866806983947754,0.6758164167404175,0.29714834690093994,-0.19590377807617188,0.2154242992401123,0.4113280773162842,0.033016666769981384,0.48798686265945435,0.45497019588947296
episode_000965,1,2,True,True,False,blue_tray,90971,0,1,0,1,,False,False,False,0,0,,,1,299,19.866666666666667,1.1814640302326578,0.1506131144720139,0.42275476455688477,0.5510623455047607,0.12830758094787598,-0.23540377616882324,0.1815124750137329,0.41691625118255615,0.03343825787305832,0.31763535737991333,0.284197099506855
episode_000966,1,2,True,True,False,blue_tray,90972,0,1,0,1,,False,False,False,0,0,,,1,283,18.8,0.858582319939484,0.38778697670959705,0.4176363945007324,0.6057441234588623,0.18810772895812988,-0.1791667938232422,0.1767740249633789,0.3559408187866211,0.033411554992198944,0.30789270997047424,0.2744811549782753
episode_000967,1,2,True,True,False,blue_tray,90973,0,1,0,1,,False,False,False,0,0,,,1,314,20.866666666666667,1.3528254183720343,0.4745847573470283,0.3811148405075073,0.6545498371124268,0.27343499660491943,-0.2776193618774414,0.2630056142807007,0.5406249761581421,0.03322158008813858,0.4455602467060089,0.41233866661787033
episode_000968,1,2,True,True,False,blue_tray,90974,0,1,0,1,,False,False,False,0,0,,,1,230,15.266666666666666,0.9220869322338432,0.17502502355238753,0.39455997943878174,0.508185625076294,0.11362564563751221,-0.29979586601257324,0.017045974731445312,0.31684184074401855,0.03316868096590042,0.2769656181335449,0.2437969371676445
episode_000969,2,2,True,True,False,blue_tray,90975,0,2,0,2,,True,True,True,0,0,,,2,530,35.266666666666666,1.9837818923004873,0.13059864179919545,0.3968536853790283,0.6457693576812744,0.2489156723022461,-0.1743166446685791,0.11030161380767822,0.2846182584762573,0.032618217170238495,0.2971787452697754,0.2645605280995369
episode_000971,1,2,True,True,False,blue_tray,90977,0,1,0,1,,False,False,False,0,0,,,1,274,18.2,1.002817040589962,0.29398379833155763,0.3914910554885864,0.5076899528503418,0.11619889736175537,0.007043361663818359,0.261120080947876,0.2540767192840576,0.033498093485832214,0.46154117584228516,0.42804308235645294
episode_000972,1,2,True,True,False,blue_tray,90978,0,1,0,1,,True,True,True,0,0,,,1,276,18.333333333333332,1.1747943662547864,0.16191950627866117,0.38881468772888184,0.5807385444641113,0.1919238567352295,-0.22700190544128418,0.16229748725891113,0.3892993927001953,0.032579854130744934,0.2914982736110687,0.2589184194803238
episode_000973,2,2,True,True,False,blue_tray,90979,0,2,0,2,,False,False,False,0,0,,,2,513,34.13333333333333,1.7930883985434025,0.5224004017482148,0.4390568733215332,0.6028139591217041,0.1637570858001709,-0.17183566093444824,0.32200193405151367,0.4938375949859619,0.03319043666124344,0.3593694865703583,0.32617904990911484
episode_000975,1,2,True,True,False,blue_tray,90981,0,1,0,1,,False,False,False,0,0,,,1,294,19.53333333333333,1.2312714923895849,0.3431916190841153,0.5062572956085205,0.5692627429962158,0.06300544738769531,-0.09489035606384277,0.2647514343261719,0.35964179039001465,0.032971449196338654,0.5286288261413574,0.49565737694501877
episode_000976,1,2,True,True,False,blue_tray,90982,0,1,0,1,,False,False,False,0,0,,,1,264,17.53333333333333,0.8892375207019425,0.41887268076996426,0.5084865093231201,0.6818040609359741,0.173317551612854,-0.1982402801513672,0.11115670204162598,0.30939698219299316,0.03283028304576874,0.41258445382118225,0.3797541707754135
episode_000979,2,2,True,True,False,blue_tray,90985,1,2,1,1,blue_cube_0,False,False,False,0,0,,,2,346,23.0,1.4945836182595005,0.12747585854559085,0.392612099647522,0.573482871055603,0.18087077140808105,-0.28411102294921875,0.2706444263458252,0.554755449295044,0.03314003348350525,0.23971736431121826,0.206577330827713
episode_000980,2,2,True,True,False,blue_tray,90986,0,2,0,2,,False,False,False,0,0,,,2,575,38.266666666666666,2.29404601750991,0.35794745171643305,0.40711653232574463,0.6419810056686401,0.2348644733428955,-0.20391368865966797,0.1671280860900879,0.37104177474975586,0.03192048519849777,0.5300357341766357,0.49811524897813797
episode_000981,2,2,False,False,True,blue_tray,90987,1,2,1,1,blue_cube_1,False,False,False,1,1,solver_recovery_exhausted,approach,1,501,33.333333333333336,1.6393270503640265,0.28240116795066933,0.4295501708984375,0.6322057247161865,0.20265555381774902,-0.19415998458862305,0.24434804916381836,0.4385080337524414,0.1098998636007309,0.38371166586875916,0.27381180226802826
episode_000982,1,2,False,False,True,blue_tray,90988,0,1,0,1,,False,False,False,1,1,solver_recovery_exhausted,approach,0,492,32.733333333333334,1.5943231971367244,0.23859784251643346,0.4506208896636963,0.6192777156829834,0.1686568260192871,-0.16786181926727295,0.23979449272155762,0.40765631198883057,0.1086176261305809,0.3836608827114105,0.2750432565808296
episode_000984,1,2,True,True,False,blue_tray,90990,0,1,0,1,,False,False,False,0,0,,,1,237,15.733333333333333,0.9291063685107438,0.2943440705820751,0.49866199493408203,0.5272445678710938,0.02858257293701172,-0.19740259647369385,0.023339271545410156,0.220741868019104,0.03260945528745651,0.4657522439956665,0.43314278870821
episode_000988,2,2,True,True,False,blue_tray,90994,0,2,0,2,,False,False,False,0,0,,,2,547,36.4,1.8705991349726685,0.15001624307708938,0.45424723625183105,0.5933014154434204,0.13905417919158936,-0.19798219203948975,0.1404263973236084,0.33840858936309814,0.03276100009679794,0.3261784315109253,0.29341743141412735
episode_000989,2,2,True,True,False,blue_tray,90995,1,2,1,1,blue_cube_1,False,False,False,0,0,,,2,279,18.53333333333333,0.9954001899124387,0.14461820569342437,0.4489555358886719,0.5575711727142334,0.10861563682556152,-0.17469263076782227,0.13135671615600586,0.3060493469238281,0.03192739188671112,0.28058671951293945,0.24865932762622833
episode_000990,2,2,True,True,False,blue_tray,90996,1,2,1,1,blue_cube_0,False,False,False,0,0,,,2,258,17.133333333333333,1.1775510576248105,0.0904650044998629,0.4961826801300049,0.5650067329406738,0.06882405281066895,-0.18611454963684082,0.24022889137268066,0.4263434410095215,0.03253353387117386,0.2445010542869568,0.21196752041578293
episode_000991,1,2,True,True,False,blue_tray,90997,0,1,0,1,,True,True,True,0,0,,,1,273,18.133333333333333,0.9642618897185071,0.4498165997937347,0.5079149007797241,0.5984941720962524,0.09057927131652832,-0.11736249923706055,0.26004159450531006,0.3774040937423706,0.033160023391246796,0.4292319416999817,0.3960719183087349
episode_000992,2,2,False,False,True,blue_tray,90998,0,2,0,2,,False,False,False,1,1,solver_recovery_exhausted,move_above_slot,1,647,43.06666666666666,2.4076412028776635,0.4625106743320339,0.4188861846923828,0.575691819190979,0.1568056344985962,-0.20626294612884521,0.3263249397277832,0.5325878858566284,0.03260664641857147,0.37693917751312256,0.3443325310945511
episode_000995,1,2,True,True,False,blue_tray,91001,0,1,0,1,,False,False,False,0,0,,,1,343,22.8,1.4499607732351731,0.26736137478654337,0.4855778217315674,0.5594198703765869,0.07384204864501953,-0.20049309730529785,0.3303346633911133,0.5308277606964111,0.03312035650014877,0.4395064115524292,0.4063860550522804
episode_000996,1,2,True,True,False,blue_tray,91002,0,1,0,1,,False,False,False,0,0,,,1,271,18.0,1.1119745843947737,0.3185864585721961,0.46868884563446045,0.5195364952087402,0.050847649574279785,-0.19785559177398682,0.1813054084777832,0.37916100025177,0.03189871460199356,0.4490066468715668,0.4171079322695732
episode_000997,1,2,True,True,False,blue_tray,91003,0,1,0,1,,True,True,True,0,0,,,1,223,14.799999999999999,0.8771767903266852,0.15289554151921214,0.4851257801055908,0.5660638809204102,0.08093810081481934,-0.23332786560058594,0.032213687896728516,0.26554155349731445,0.03314916044473648,0.3145015239715576,0.28135236352682114
episode_000998,2,2,True,True,False,blue_tray,91004,1,2,1,1,blue_cube_0,False,False,False,0,0,,,2,263,17.466666666666665,1.093328196222306,0.13186823734082706,0.4595918655395508,0.5629124641418457,0.10332059860229492,-0.18381941318511963,0.18113923072814941,0.36495864391326904,0.03283432126045227,0.26784461736679077,0.2350102961063385
episode_000999,2,2,True,True,False,blue_tray,91005,0,2,0,2,,False,False,False,0,0,,,2,624,41.53333333333333,2.534013565351534,0.13957146390677858,0.4549652338027954,0.5860438346862793,0.1310786008834839,-0.21512055397033691,0.2606196403503418,0.4757401943206787,0.032824836671352386,0.32634761929512024,0.29352278262376785
episode_001000,1,2,True,True,False,blue_tray,91006,0,1,0,1,,False,False,False,0,0,,,1,321,21.333333333333332,1.1752959845308983,0.33040798220349865,0.4989842176437378,0.6378720998764038,0.13888788223266602,-0.20016086101531982,0.21571969985961914,0.41588056087493896,0.03345966339111328,0.4345344603061676,0.4010747969150543
episode_001002,1,2,True,True,False,blue_tray,91008,0,1,0,1,,False,False,False,0,0,,,1,247,16.4,0.8294317685563457,0.23516916388406725,0.4417576789855957,0.5087885856628418,0.0670309066772461,-0.1835346221923828,0.06551861763000488,0.2490532398223877,0.03350906819105148,0.3415175676345825,0.30800849944353104
episode_001004,1,2,True,True,False,blue_tray,91010,0,1,0,1,,False,False,False,0,0,,,1,237,15.733333333333333,0.82792877712798,0.3497760585828621,0.44247007369995117,0.5245469808578491,0.08207690715789795,-0.20087909698486328,0.13557910919189453,0.3364582061767578,0.031186051666736603,0.2805676758289337,0.2493816241621971
episode_001006,2,2,True,True,False,blue_tray,91012,1,2,1,1,blue_cube_1,False,False,False,0,0,,,2,235,15.6,1.0268409266917953,0.11476896279009446,0.3981006145477295,0.561819314956665,0.16371870040893555,-0.19755983352661133,0.12817883491516113,0.32573866844177246,0.032210737466812134,0.2339877188205719,0.20177698135375977
episode_001007,2,2,True,True,False,blue_tray,91013,1,2,1,1,blue_cube_1,False,False,False,0,0,,,2,317,21.066666666666666,1.1992191637002294,0.1110914761874356,0.4033362865447998,0.5709271430969238,0.16759085655212402,-0.13616418838500977,0.26353538036346436,0.3996995687484741,0.03298650681972504,0.24775436520576477,0.21476785838603973
episode_001008,1,2,False,False,True,blue_tray,91014,0,1,0,1,,True,True,True,1,1,solver_recovery_exhausted,align_yaw,0,531,35.333333333333336,1.37586061298575,0.243476457765827,0.4506237506866455,0.6453591585159302,0.19473540782928467,-0.009167075157165527,0.11696720123291016,0.12613427639007568,0.11271334439516068,0.3839198052883148,0.27120646089315414
episode_001009,2,2,False,False,True,blue_tray,91015,0,2,0,2,,False,False,False,1,1,solver_recovery_exhausted,approach,0,428,28.466666666666665,1.5545354150248394,0.43987353346177915,0.4322531223297119,0.6264669895172119,0.1942138671875,-0.012214899063110352,0.24685966968536377,0.2590745687484741,0.10846903920173645,0.5113320350646973,0.4028629958629608
episode_001011,2,2,True,True,False,blue_tray,91017,0,2,0,2,,False,False,False,0,0,,,2,652,43.4,2.499139810429072,0.35419794566401,0.3720012903213501,0.6334530115127563,0.26145172119140625,-0.24434661865234375,0.26352405548095703,0.5078706741333008,0.032758526504039764,0.44822806119918823,0.41546953469514847
episode_001012,1,2,True,True,False,blue_tray,91018,0,1,0,1,,False,False,False,0,0,,,1,241,16.0,0.9705856219333464,0.23280246391025772,0.5079922676086426,0.6448944807052612,0.13690221309661865,-0.19800341129302979,0.17592120170593262,0.3739246129989624,0.03285270929336548,0.2573619782924652,0.22450926899909973
episode_001013,1,2,True,True,False,blue_tray,91019,0,1,0,1,,False,False,False,0,0,,,1,244,16.2,0.9578183993301229,0.46306213777420135,0.4087681770324707,0.6138324737548828,0.2050642967224121,-0.1720256805419922,0.20720994472503662,0.3792356252670288,0.03286929428577423,0.43331488966941833,0.4004455953836441
episode_001014,2,2,True,True,False,blue_tray,91020,0,2,0,2,,False,False,False,0,0,,,2,478,31.8,1.8942695272746508,0.23920094353692029,0.40456485748291016,0.6082601547241211,0.20369529724121094,-0.18603694438934326,0.13648533821105957,0.32252228260040283,0.0323835164308548,0.38146325945854187,0.3490797430276871
episode_001015,2,2,False,False,True,blue_tray,91021,0,2,0,2,,False,False,False,1,1,solver_recovery_exhausted,move_above_slot,1,681,45.333333333333336,2.976405282552799,0.2244947211442102,0.3757866621017456,0.6640899181365967,0.2883032560348511,-0.22341370582580566,0.26530659198760986,0.4887202978134155,0.03284567594528198,0.37288355827331543,0.34003788232803345
episode_001016,2,2,True,True,False,blue_tray,91022,0,2,0,2,,False,False,False,0,0,,,2,469,31.2,1.8713936301577805,0.4793944160634834,0.42536842823028564,0.5620806217193604,0.1367121934890747,-0.2018829584121704,0.20092558860778809,0.4028085470199585,0.032419152557849884,0.539455771446228,0.5070366188883781
episode_001017,2,2,True,True,False,blue_tray,91023,1,2,1,1,blue_cube_0,False,False,False,0,0,,,2,281,18.666666666666668,0.9263368444840743,0.10688713890322361,0.38478517532348633,0.5546190738677979,0.16983389854431152,-0.1747438907623291,0.09615278244018555,0.27089667320251465,0.02976232022047043,0.22147276997566223,0.1917104497551918
episode_001019,1,2,True,True,False,blue_tray,91025,0,1,0,1,,True,True,True,0,0,,,1,411,27.333333333333332,1.2496088431819585,0.6168270783452107,0.5141079425811768,0.6073136329650879,0.09320569038391113,-0.31747889518737793,0.2584092617034912,0.5758881568908691,0.033022381365299225,0.3845488429069519,0.3515264615416527
episode_001020,2,2,True,True,False,blue_tray,91026,0,2,0,2,,False,False,False,0,0,,,2,517,34.4,2.160855153194511,0.3202258144330444,0.4543271064758301,0.6620194911956787,0.20769238471984863,-0.2522202730178833,0.2216038703918457,0.473824143409729,0.03189994394779205,0.4858395755290985,0.45393963158130646
episode_001022,1,2,True,True,False,blue_tray,91028,0,1,0,1,,False,False,False,0,0,,,1,298,19.8,1.0450320116408178,0.48920816561502095,0.42867612838745117,0.6258926391601562,0.19721651077270508,-0.1836479902267456,0.21720576286315918,0.4008537530899048,0.03327769786119461,0.4555542767047882,0.4222765788435936
episode_001025,2,2,True,True,False,blue_tray,91031,0,2,0,2,,False,False,False,0,0,,,2,563,37.46666666666667,1.8846862698207638,0.19796295732909752,0.45127344131469727,0.5813355445861816,0.13006210327148438,-0.23726487159729004,0.13325726985931396,0.370522141456604,0.031407132744789124,0.3758224546909332,0.3444153219461441
episode_001027,2,2,False,False,True,blue_tray,91033,0,2,0,2,,False,False,False,1,1,solver_recovery_exhausted,move_above_slot,1,731,48.666666666666664,2.6977471202310603,0.18921224590229482,0.45327579975128174,0.6197553873062134,0.16647958755493164,-0.17022371292114258,0.2625112533569336,0.43273496627807617,0.032943181693553925,0.37073540687561035,0.3377922251820564
episode_001028,1,2,True,True,False,blue_tray,91034,0,1,0,1,,False,False,False,0,0,,,1,266,17.666666666666668,1.0940168479458854,0.5669477066517893,0.5079234838485718,0.628570556640625,0.12064707279205322,-0.19750654697418213,0.23654723167419434,0.43405377864837646,0.03264210373163223,0.5393754243850708,0.5067333206534386
episode_001030,2,2,True,True,False,blue_tray,91036,0,2,0,2,,True,False,False,0,0,,,2,537,35.733333333333334,2.2086320766058423,0.25364777305410224,0.4203977584838867,0.5746312141418457,0.15423345565795898,-0.20720040798187256,0.2729485034942627,0.48014891147613525,0.03302145004272461,0.394293874502182,0.3612724244594574
episode_001032,2,2,True,True,False,blue_tray,91038,0,2,0,2,,False,False,False,1,1,,,2,856,57.0,3.089143535285956,0.22450840879190115,0.39174675941467285,0.6053036451339722,0.21355688571929932,-0.20181453227996826,0.18408203125,0.38589656352996826,0.031952813267707825,0.3831959664821625,0.35124315321445465
episode_001033,1,2,True,True,False,blue_tray,91039,0,1,0,1,,False,False,False,0,0,,,1,315,20.933333333333334,1.117881275108158,0.4724147492058098,0.3998253345489502,0.5072903633117676,0.10746502876281738,-0.16982674598693848,0.16409480571746826,0.33392155170440674,0.03348267823457718,0.5268598198890686,0.4933771416544914
episode_001034,2,2,True,True,False,blue_tray,91040,1,2,1,1,blue_cube_1,False,False,False,0,0,,,2,422,28.066666666666666,1.411219332583972,0.14461260277218668,0.4598221778869629,0.6521873474121094,0.19236516952514648,-0.20825660228729248,0.1802370548248291,0.3884936571121216,0.03355830907821655,0.27670741081237793,0.24314910173416138
episode_001035,1,2,True,True,False,blue_tray,91041,0,1,0,1,,False,False,False,0,0,,,1,230,15.266666666666666,0.923188796611723,0.26644669123701564,0.37575316429138184,0.5072741508483887,0.13152098655700684,-0.03547310829162598,0.26441335678100586,0.29988646507263184,0.032750487327575684,0.3496049642562866,0.31685447692871094
episode_001038,1,2,True,True,False,blue_tray,91044,0,1,0,1,,False,False,False,0,0,,,1,244,16.2,1.0142236165445244,0.5527805133516679,0.3934626579284668,0.5899288654327393,0.19646620750427246,-0.18282687664031982,0.3263688087463379,0.5091956853866577,0.03342084586620331,0.3869594633579254,0.3535386174917221
episode_001039,1,2,True,True,False,blue_tray,91045,0,1,0,1,,False,False,False,0,0,,,1,377,25.066666666666666,1.336888164883558,0.35388437270394324,0.39769816398620605,0.5557092428207397,0.1580110788345337,-0.2679145336151123,0.26537132263183594,0.5332858562469482,0.03345273435115814,0.378875195980072,0.3454224616289139
episode_001041,1,2,True,True,False,blue_tray,91047,0,1,0,1,,False,False,False,0,0,,,1,304,20.2,1.0622293400849923,0.5027702302636877,0.3688075542449951,0.5273041725158691,0.15849661827087402,-0.17269587516784668,0.23862648010253906,0.41132235527038574,0.03376424312591553,0.4774961471557617,0.4437319040298462
episode_001046,2,2,True,True,False,blue_tray,91052,1,2,1,1,blue_cube_1,True,True,True,0,0,,,2,280,18.6,0.8469980133747836,0.10222836998851675,0.46840929985046387,0.6366262435913086,0.16821694374084473,-0.1975383758544922,-0.0017995834350585938,0.1957387924194336,0.033354319632053375,0.22652524709701538,0.193170927464962
episode_001048,2,2,True,True,False,blue_tray,91054,0,2,0,2,,True,True,True,1,1,,,2,1067,71.06666666666666,3.128725113973444,0.5737844855452363,0.3739877939224243,0.6858245134353638,0.31183671951293945,-0.2138580083847046,0.2374739646911621,0.4513319730758667,0.02649252861738205,0.5380632281303406,0.5115706995129585
episode_001049,1,2,True,True,False,blue_tray,91055,0,1,0,1,,False,False,False,0,0,,,1,197,13.066666666666666,0.9089070632091031,0.44907837618886964,0.35830044746398926,0.5051729679107666,0.14687252044677734,-0.17882847785949707,0.22612488269805908,0.40495336055755615,0.027232348918914795,0.3482457399368286,0.3210133910179138
episode_001051,2,2,True,True,False,blue_tray,91057,0,2,0,2,,False,False,False,0,0,,,2,504,33.53333333333333,2.0250533759111047,0.49481561916379135,0.41526031494140625,0.6471221446990967,0.23186182975769043,-0.19020605087280273,0.1696089506149292,0.35981500148773193,0.03243003040552139,0.5149508714675903,0.48252084106206894
episode_001052,1,2,True,True,False,blue_tray,91058,0,1,0,1,,False,False,False,0,0,,,1,288,19.133333333333333,1.023824980080959,0.33738424270951867,0.508411169052124,0.6579198837280273,0.14950871467590332,-0.15398061275482178,0.12714219093322754,0.2811228036880493,0.0331646203994751,0.4643658995628357,0.4312012791633606
episode_001054,2,2,True,True,False,blue_tray,91060,0,2,0,2,,True,True,True,0,0,,,2,652,43.4,2.5174896144659398,0.5154984750652887,0.3898659944534302,0.6204812526702881,0.2306152582168579,-0.26295459270477295,0.276944637298584,0.5398992300033569,0.03287578374147415,0.41435977816581726,0.3814839944243431
episode_001055,2,2,True,True,False,blue_tray,91061,0,2,0,2,,False,False,False,0,0,,,2,537,35.733333333333334,1.6817458702514378,0.3964347646120402,0.43748974800109863,0.6116518974304199,0.1741621494293213,-0.18928074836730957,0.19821178913116455,0.3874925374984741,0.033336490392684937,0.2575054466724396,0.22416895627975464
episode_001057,1,2,True,True,False,blue_tray,91063,0,1,0,1,,False,False,False,0,0,,,1,269,17.866666666666667,0.8311442664807186,0.33386295041958614,0.5107853412628174,0.6350672245025635,0.1242818832397461,-0.10117912292480469,0.18719232082366943,0.2883714437484741,0.03313826769590378,0.30685991048812866,0.2737216427922249
episode_001058,2,2,True,True,False,blue_tray,91064,0,2,0,2,,False,False,False,0,0,,,2,554,36.86666666666667,2.014380910940688,0.6861412358456537,0.40073108673095703,0.5623278617858887,0.16159677505493164,-0.30988848209381104,0.2734997272491455,0.5833882093429565,0.033182643353939056,0.5122157335281372,0.47903309017419815
episode_001059,1,2,True,True,False,blue_tray,91065,0,1,0,1,,False,False,False,0,0,,,1,247,16.4,0.8966478002335212,0.4949177615943596,0.4780573844909668,0.5519888401031494,0.07393145561218262,-0.18314266204833984,0.2775838375091553,0.4607264995574951,0.03319612890481949,0.3655915856361389,0.3323954567313194
episode_001061,2,2,False,False,True,blue_tray,91067,0,2,0,2,,False,False,False,1,1,solver_recovery_exhausted,move_above_slot,1,767,51.06666666666666,3.11446124119453,0.3119501840371846,0.4499528408050537,0.5768139362335205,0.1268610954284668,-0.301800012588501,0.19563114643096924,0.4974311590194702,0.032833971083164215,0.38878604769706726,0.35595207661390305
episode_001064,2,2,True,True,False,blue_tray,91070,0,2,0,2,,False,False,False,0,0,,,2,496,33.0,1.7239892013379792,0.49687674785761204,0.4068315029144287,0.5580222606658936,0.15119075775146484,-0.15938878059387207,0.24532222747802734,0.4047110080718994,0.032056502997875214,0.4389069676399231,0.4068504646420479
episode_001065,2,2,True,True,False,blue_tray,91071,0,2,0,2,,True,False,False,0,0,,,2,584,38.86666666666667,2.225821187424646,0.17343505757293942,0.4503425359725952,0.6138708591461182,0.16352832317352295,-0.25395774841308594,0.19398891925811768,0.4479466676712036,0.03290720283985138,0.3171883821487427,0.2842811793088913
episode_001066,2,2,False,False,True,blue_tray,91072,0,2,0,2,,False,False,False,1,1,solver_recovery_exhausted,align_yaw,1,1087,72.4,3.0170165209085917,0.5482000093210877,0.44880735874176025,0.5847299098968506,0.13592255115509033,-0.28653764724731445,0.2777986526489258,0.5643362998962402,0.03318117558956146,0.3825947642326355,0.34941358864307404
episode_001067,1,2,True,True,False,blue_tray,91073,0,1,0,1,,False,False,False,0,0,,,1,445,29.599999999999998,1.6229387422493524,0.17109444266835086,0.5231599807739258,0.6286721229553223,0.10551214218139648,-0.2893407344818115,0.2676924467086792,0.5570331811904907,0.032865770161151886,0.308709979057312,0.2758442088961601
episode_001068,1,2,True,True,False,blue_tray,91074,0,1,0,1,,False,False,False,0,0,,,1,250,16.6,1.0837222699934734,0.3437876608708964,0.508491039276123,0.5839848518371582,0.07549381256103516,-0.16626369953155518,0.09327507019042969,0.25953876972198486,0.0331064835190773,0.5318469405174255,0.49874045699834824
episode_001069,2,2,True,True,False,blue_tray,91075,0,2,0,2,,True,False,False,0,0,,,2,579,38.53333333333333,2.3656850490015477,0.3238556098952962,0.43604469299316406,0.6318438053131104,0.1957991123199463,-0.25847935676574707,0.19007456302642822,0.4485539197921753,0.033150531351566315,0.4988393485546112,0.4656888172030449
episode_001070,1,2,True,True,False,blue_tray,91076,0,1,0,1,,False,False,False,0,0,,,1,283,18.8,0.9528705842694235,0.3672285253857828,0.5080171823501587,0.5965955257415771,0.08857834339141846,0.06190633773803711,0.27269721031188965,0.21079087257385254,0.03292872756719589,0.5007755756378174,0.4678468480706215
episode_001071,1,2,True,True,False,blue_tray,91077,0,1,0,1,,True,True,True,0,0,,,1,272,18.066666666666666,1.1046576436757511,0.4546929041360998,0.47890210151672363,0.6029706001281738,0.1240684986114502,-0.19049525260925293,0.23903882503509521,0.42953407764434814,0.03341003507375717,0.4555261731147766,0.42211613804101944
episode_001072,1,2,True,True,False,blue_tray,91078,0,1,0,1,,False,False,False,0,0,,,1,270,17.933333333333334,0.9348602262509043,0.09471201457799838,0.4694395065307617,0.5091395378112793,0.03970003128051758,-0.18031764030456543,0.10752606391906738,0.2878437042236328,0.03355748951435089,0.27960923314094543,0.24605174362659454
episode_001073,1,2,True,True,False,blue_tray,91079,0,1,0,1,,False,False,False,0,0,,,1,329,21.866666666666667,1.1623871615214523,0.2799081437018109,0.48696041107177734,0.5151510238647461,0.02819061279296875,-0.10999464988708496,0.24076926708221436,0.3507639169692993,0.03192714601755142,0.46260762214660645,0.430680476129055
episode_001074,2,2,True,True,False,blue_tray,91080,1,2,1,1,blue_cube_0,False,False,False,0,0,,,2,268,17.8,0.974032716980008,0.12649212645073538,0.4527989625930786,0.6431580781936646,0.19035911560058594,0.008299589157104492,0.2766847610473633,0.2683851718902588,0.032919786870479584,0.24591943621635437,0.2129996493458748
episode_001075,2,2,True,True,False,blue_tray,91081,0,2,0,2,,False,False,False,0,0,,,2,488,32.46666666666667,1.8064583910819494,0.47544795713692883,0.38535547256469727,0.6270191669464111,0.24166369438171387,-0.19364380836486816,0.26428914070129395,0.4579329490661621,0.028490155935287476,0.28273266553878784,0.25424250960350037
episode_001077,1,2,True,True,False,blue_tray,91083,0,1,0,1,,False,False,False,0,0,,,1,342,22.733333333333334,1.288963663803684,0.47798553293058466,0.44275712966918945,0.6462749242782593,0.20351779460906982,-0.2672274112701416,0.19169878959655762,0.4589262008666992,0.03345511853694916,0.527453601360321,0.4939984828233719
episode_001079,1,2,True,True,False,blue_tray,91085,0,1,0,1,,False,False,False,0,0,,,1,256,17.0,0.8248394267207493,0.2222690709554492,0.4597499370574951,0.5091500282287598,0.04940009117126465,-0.1886429786682129,0.08995664119720459,0.2785996198654175,0.033545538783073425,0.3003922998905182,0.26684676110744476
episode_001080,1,2,True,True,False,blue_tray,91086,0,1,0,1,,False,False,False,0,0,,,1,258,17.133333333333333,0.8007158760531718,0.366182185995276,0.48163747787475586,0.5271542072296143,0.0455167293548584,-0.1518268585205078,0.20364022254943848,0.3554670810699463,0.033299826085567474,0.27472829818725586,0.24142847210168839
episode_001081,2,2,True,True,False,blue_tray,91087,0,2,0,2,,False,False,False,0,0,,,2,629,41.86666666666667,2.4243394870999655,0.34882282357109873,0.4020981788635254,0.5917907953262329,0.18969261646270752,-0.2222588062286377,0.22928762435913086,0.45154643058776855,0.032577648758888245,0.5367043614387512,0.504126712679863
episode_001083,1,2,True,True,False,blue_tray,91089,0,1,0,1,,False,False,False,0,0,,,1,230,15.266666666666666,0.910588906783956,0.40177481015718775,0.5081913471221924,0.6820387840270996,0.17384743690490723,-0.18724679946899414,0.1276392936706543,0.31488609313964844,0.03283577412366867,0.36788812279701233,0.33505234867334366
episode_001084,1,2,False,False,True,blue_tray,91090,0,1,0,1,,False,False,False,1,1,solver_recovery_exhausted,approach,0,476,31.666666666666668,1.582336294800764,0.3552837746958941,0.4492194652557373,0.6746485233306885,0.22542905807495117,-0.01967000961303711,0.17113018035888672,0.19080018997192383,0.1076686680316925,0.43641263246536255,0.32874396443367004
episode_001085,1,2,True,True,False,blue_tray,91091,0,1,0,1,,False,False,False,0,0,,,1,307,20.4,1.044868074783003,0.5641889977416179,0.5085445642471313,0.6107879877090454,0.10224342346191406,-0.30316925048828125,0.1944030523300171,0.49757230281829834,0.0329073891043663,0.4486260712146759,0.4157186821103096
episode_001086,1,2,True,True,False,blue_tray,91092,0,1,0,1,,False,False,False,0,0,,,1,317,21.066666666666666,1.2575579522848155,0.42519652523233853,0.5052014589309692,0.6726527214050293,0.16745126247406006,-0.22992324829101562,0.2805008888244629,0.5104241371154785,0.032743021845817566,0.4407508373260498,0.40800781548023224
episode_001087,2,2,True,True,False,blue_tray,91093,1,2,1,1,blue_cube_0,False,False,False,0,0,,,2,282,18.733333333333334,1.1606549932746244,0.11506279842646175,0.4492015838623047,0.6365025043487549,0.1873009204864502,-0.20925521850585938,0.17789208889007568,0.38714730739593506,0.032265856862068176,0.20562642812728882,0.17336057126522064
episode_001088,1,2,True,True,False,blue_tray,91094,0,1,0,1,,False,False,False,0,0,,,1,276,18.333333333333332,0.8816335764983819,0.2249313420847246,0.5093693733215332,0.6746089458465576,0.16523957252502441,-0.1689293384552002,0.04546308517456055,0.21439242362976074,0.032932162284851074,0.3401828408241272,0.3072506785392761
episode_001091,1,2,True,True,False,blue_tray,91097,0,1,0,1,,False,False,False,0,0,,,1,293,19.466666666666665,1.0169953651749037,0.4009886975402056,0.47188353538513184,0.6020808219909668,0.13019728660583496,-0.1862502098083496,0.03543245792388916,0.22168266773223877,0.033336445689201355,0.5366629362106323,0.503326490521431
episode_001092,1,2,True,True,False,blue_tray,91098,0,1,0,1,,False,False,False,0,0,,,1,277,18.4,1.1685246638526687,0.26732057627273,0.3630843162536621,0.6085679531097412,0.2454836368560791,-0.2057034969329834,0.126129150390625,0.3318326473236084,0.032152384519577026,0.42801037430763245,0.3958579897880554
episode_001093,2,2,True,True,False,blue_tray,91099,0,2,0,2,,False,False,False,0,0,,,2,566,37.666666666666664,2.2670849090895757,0.4105729850411228,0.38998496532440186,0.6131244897842407,0.22313952445983887,-0.2895054817199707,0.18943989276885986,0.47894537448883057,0.03300397843122482,0.27755412459373474,0.24455014616250992
episode_001094,1,2,True,True,False,blue_tray,91100,0,1,0,1,,False,False,False,0,0,,,1,313,20.8,1.117747745591425,0.3109582256058134,0.3747079372406006,0.6716440916061401,0.29693615436553955,-0.01723504066467285,0.2763984203338623,0.29363346099853516,0.03324522823095322,0.4156176447868347,0.3823724165558815
episode_001095,1,2,True,True,False,blue_tray,91101,0,1,0,1,,False,False,False,0,0,,,1,281,18.666666666666668,0.9308001793653463,0.4655664754231456,0.4177970886230469,0.5030660629272461,0.08526897430419922,-0.19003653526306152,0.22547316551208496,0.4155097007751465,0.029595784842967987,0.38456401228904724,0.35496822744607925
episode_001098,2,2,False,False,True,blue_tray,91104,0,2,0,2,,False,False,False,1,1,solver_recovery_exhausted,move_above_slot,1,893,59.46666666666667,3.442921986830646,0.5350156647833967,0.4453272819519043,0.6063288450241089,0.1610015630722046,-0.23272180557250977,0.276425838470459,0.5091476440429688,0.03309805691242218,0.5376986265182495,0.5046005696058273
episode_001099,2,2,True,True,False,blue_tray,91105,0,2,0,2,,False,False,False,0,0,,,2,572,38.06666666666666,2.020840981174337,0.4847358504039951,0.36784982681274414,0.5617034435272217,0.19385361671447754,-0.20340991020202637,0.18212592601776123,0.3855358362197876,0.02679729461669922,0.4397566616535187,0.41295936703681946
episode_001104,2,2,True,True,False,blue_tray,91110,0,2,0,2,,False,False,False,0,0,,,2,527,35.06666666666666,1.9590317235029446,0.32136224885252695,0.45480966567993164,0.5639116764068604,0.10910201072692871,-0.15648162364959717,0.22610926628112793,0.3825908899307251,0.033135175704956055,0.4326035678386688,0.39946839213371277
episode_001105,1,2,True,True,False,blue_tray,91111,0,1,0,1,,False,False,False,0,0,,,1,298,19.8,1.1815555351644005,0.5002828666296234,0.4285416603088379,0.6756758689880371,0.24713420867919922,-0.20827341079711914,0.19234943389892578,0.4006228446960449,0.03358840197324753,0.47243085503578186,0.43884245306253433
episode_001107,1,2,True,True,False,blue_tray,91113,0,1,0,1,,True,True,True,0,0,,,1,252,16.733333333333334,0.9424077086657929,0.4911835142028638,0.3770616054534912,0.5019435882568359,0.12488198280334473,-0.1844005584716797,0.2655247449874878,0.4499253034591675,0.02861708402633667,0.336203932762146,0.3075868487358093
episode_001108,1,2,True,True,False,blue_tray,91114,0,1,0,1,,False,False,False,0,0,,,1,315,20.933333333333334,1.0222369221298393,0.38758523812840767,0.42250609397888184,0.6261458396911621,0.20363974571228027,-0.16220629215240479,0.1244058609008789,0.2866121530532837,0.032820478081703186,0.4283655285835266,0.3955450505018234
episode_001109,1,2,True,True,False,blue_tray,91115,0,1,0,1,,False,False,False,0,0,,,1,329,21.866666666666667,1.1330060463997689,0.5249260890649051,0.3935055732727051,0.5586897134780884,0.1651841402053833,-0.31015706062316895,0.1964414119720459,0.5065984725952148,0.032702960073947906,0.3253244161605835,0.2926214560866356
episode_001111,1,2,True,True,False,blue_tray,91117,0,1,0,1,,False,False,False,0,0,,,1,257,17.066666666666666,1.078028304857204,0.4675885641274656,0.46893954277038574,0.5831823348999023,0.1142427921295166,-0.18921995162963867,0.16688764095306396,0.35610759258270264,0.03293057531118393,0.48879000544548035,0.4558594301342964
episode_001114,2,2,True,True,False,blue_tray,91120,1,2,1,1,blue_cube_1,True,True,True,0,0,,,2,328,21.8,1.0571070898336725,0.13725139456956717,0.4350559711456299,0.56242835521698,0.1273723840713501,-0.02204132080078125,0.29844164848327637,0.3204829692840576,0.033110424876213074,0.2374383807182312,0.20432795584201813
episode_001116,2,2,True,True,False,blue_tray,91122,0,2,0,2,,False,False,False,0,0,,,2,542,36.06666666666666,2.001926494344853,0.21189396887048484,0.3866848945617676,0.5847153663635254,0.1980304718017578,-0.21035850048065186,0.12808966636657715,0.338448166847229,0.029559575021266937,0.39189958572387695,0.36234001070261
episode_001118,2,2,True,True,False,blue_tray,91124,0,2,0,2,,False,False,False,0,0,,,2,694,46.2,2.692133594884597,0.2710652153049906,0.38634395599365234,0.6461896896362305,0.2598457336425781,-0.20531976222991943,0.27322888374328613,0.47854864597320557,0.03284855931997299,0.4381569027900696,0.4053083434700966
episode_001119,1,2,True,True,False,blue_tray,91125,0,1,0,1,,False,False,False,0,0,,,1,254,16.866666666666667,0.9484941728929349,0.4523585748784072,0.5085198879241943,0.5797944068908691,0.0712745189666748,-0.18780970573425293,0.11698102951049805,0.304790735244751,0.03310190886259079,0.5148316621780396,0.48172975331544876
episode_001120,2,2,False,False,True,blue_tray,91126,0,2,0,2,,True,False,False,1,1,solver_recovery_exhausted,approach,1,865,57.6,2.394623022340685,0.4460603265737057,0.38441991806030273,0.641038179397583,0.2566182613372803,-0.28305888175964355,0.1121070384979248,0.39516592025756836,0.031913451850414276,0.38094404339790344,0.34903059154748917
episode_001121,2,2,False,False,True,blue_tray,91127,0,2,0,2,,False,False,False,1,1,solver_recovery_exhausted,move_above_slot,1,717,47.733333333333334,2.873716539303686,0.19688734246873,0.4167391061782837,0.6288461685180664,0.21210706233978271,-0.2516038417816162,0.19534564018249512,0.44694948196411133,0.03289064019918442,0.37033048272132874,0.3374398425221443
episode_001122,1,2,False,False,True,blue_tray,91128,0,1,0,1,,False,False,False,1,1,solver_recovery_exhausted,place_descend,0,431,28.666666666666668,1.6773236598983203,0.2116935968785283,0.5102128982543945,0.6705731153488159,0.1603602170944214,-0.20974159240722656,0.2928469181060791,0.5025885105133057,0.033157721161842346,0.37439873814582825,0.3412410169839859
episode_001123,1,2,True,True,False,blue_tray,91129,0,1,0,1,,False,False,False,0,0,,,1,245,16.266666666666666,0.9689405287291329,0.235514700511973,0.41450023651123047,0.5707919597625732,0.15629172325134277,-0.23068451881408691,0.024278998374938965,0.2549635171890259,0.03317437320947647,0.3999282419681549,0.36675386875867844
episode_001124,1,2,True,True,False,blue_tray,91130,0,1,0,1,,False,False,False,0,0,,,1,250,16.6,0.9150291144034466,0.21793169121922218,0.4517221450805664,0.514423131942749,0.06270098686218262,-0.2015237808227539,0.05035853385925293,0.25188231468200684,0.03335314244031906,0.39224687218666077,0.3588937297463417
episode_001125,1,2,True,True,False,blue_tray,91131,0,1,0,1,,False,False,False,0,0,,,1,229,15.2,0.8869029358389872,0.32193947854335403,0.478596568107605,0.5443986654281616,0.06580209732055664,-0.17965459823608398,0.1945209503173828,0.3741755485534668,0.03318274766206741,0.2686770558357239,0.23549430817365646
episode_001126,2,2,True,True,False,blue_tray,91132,1,2,1,1,blue_cube_1,False,False,False,0,0,,,2,307,20.4,1.281771481751023,0.13909727283514794,0.4400261640548706,0.6188375949859619,0.1788114309310913,-0.1902064085006714,0.27504444122314453,0.4652508497238159,0.03262589871883392,0.23778420686721802,0.2051583081483841
episode_001127,2,2,True,True,False,blue_tray,91133,1,2,1,1,blue_cube_0,False,False,False,0,0,,,2,310,20.6,1.2300939211667399,0.10634585933152955,0.3681654930114746,0.5565543174743652,0.18838882446289062,-0.1929788589477539,0.20209527015686035,0.39507412910461426,0.029130645096302032,0.2714996635913849,0.24236901849508286
episode_001128,1,2,True,True,False,blue_tray,91134,0,1,0,1,,False,False,False,0,0,,,1,206,13.666666666666666,0.8795854671813363,0.3143873956795673,0.44823741912841797,0.5981855392456055,0.1499481201171875,-0.1545865535736084,0.16377758979797363,0.31836414337158203,0.03225146234035492,0.2943589389324188,0.2621074765920639
episode_001129,1,2,True,True,False,blue_tray,91135,0,1,0,1,,False,False,False,0,0,,,1,247,16.4,0.8546270805493926,0.4047721168149497,0.42880213260650635,0.5059282779693604,0.077126145362854,-0.18438720703125,0.20080792903900146,0.38519513607025146,0.032251179218292236,0.2878970801830292,0.25564590096473694
episode_001131,1,2,True,True,False,blue_tray,91137,0,1,0,1,,False,False,False,0,0,,,1,344,22.866666666666667,1.2944921423765208,0.17714508994397157,0.47173190116882324,0.6424877643585205,0.17075586318969727,-0.28340721130371094,0.2144559621810913,0.49786317348480225,0.03319110721349716,0.2547686994075775,0.22157759219408035
episode_001132,1,2,True,True,False,blue_tray,91138,0,1,0,1,,True,True,True,0,0,,,1,258,17.133333333333333,0.9155455422810711,0.17799356094917237,0.49083447456359863,0.532243013381958,0.041408538818359375,-0.316417932510376,0.03689455986022949,0.35331249237060547,0.03357154130935669,0.2580581307411194,0.2244865894317627
episode_001133,1,2,True,True,False,blue_tray,91139,0,1,0,1,,False,False,False,0,0,,,1,303,20.133333333333333,0.9954294414487759,0.3477039292355498,0.4424523115158081,0.6303597688674927,0.18790745735168457,-0.16699457168579102,0.1943134069442749,0.3613079786300659,0.03344596177339554,0.31917059421539307,0.28572463244199753
episode_001134,1,2,False,False,True,blue_tray,91140,0,1,0,1,,False,False,False,1,1,solver_recovery_exhausted,move_above_slot,0,613,40.8,1.9184868530591377,0.2557318678567569,0.4013233184814453,0.6411865949630737,0.23986327648162842,-0.18159925937652588,0.2668445110321045,0.44844377040863037,0.03263634443283081,0.373788982629776,0.3411526381969452
episode_001135,2,2,True,True,False,blue_tray,91141,0,2,0,2,,True,True,True,0,0,,,2,687,45.733333333333334,2.2783218640745586,0.3531540245247215,0.37668776512145996,0.6868810653686523,0.3101933002471924,-0.1972794532775879,0.17798221111297607,0.37526166439056396,0.03266400098800659,0.4633406698703766,0.43067666888237
episode_001136,1,2,True,True,False,blue_tray,91142,0,1,0,1,,False,False,False,0,0,,,1,281,18.666666666666668,1.0534290148495806,0.39881170469267857,0.4634394645690918,0.6478097438812256,0.1843702793121338,-0.15425550937652588,0.1408829689025879,0.29513847827911377,0.03308103233575821,0.4610978066921234,0.4280167743563652
episode_001137,1,2,True,True,False,blue_tray,91143,0,1,0,1,,False,False,False,0,0,,,1,244,16.2,0.9969528221634292,0.3331145880015912,0.5060545206069946,0.6155140399932861,0.1094595193862915,-0.06373977661132812,0.19613218307495117,0.2598719596862793,0.03295036405324936,0.47808849811553955,0.4451381340622902
episode_001138,1,2,True,True,False,blue_tray,91144,0,1,0,1,,True,True,True,0,0,,,1,423,28.133333333333333,1.4565124054854461,0.38712013887128616,0.4297366142272949,0.6274236440658569,0.197687029838562,-0.23040294647216797,0.2719559669494629,0.5023589134216309,0.03282800316810608,0.49607378244400024,0.46324577927589417
episode_001139,2,2,True,True,False,blue_tray,91145,0,2,0,2,,False,False,False,0,0,,,2,550,36.6,1.9304889158806648,0.3387143424857905,0.3718888759613037,0.6845536231994629,0.3126647472381592,-0.18919682502746582,0.2378220558166504,0.4270188808441162,0.032916076481342316,0.4037558138370514,0.3708397373557091
episode_001140,1,2,True,True,False,blue_tray,91146,0,1,0,1,,False,False,False,0,0,,,1,324,21.53333333333333,1.0439373512990453,0.4123731824146556,0.5067923069000244,0.6368887424468994,0.130096435546875,-0.15661227703094482,0.10619783401489258,0.2628101110458374,0.031881578266620636,0.503698468208313,0.47181688994169235
episode_001141,2,2,True,True,False,blue_tray,91147,0,2,0,2,,False,False,False,0,0,,,2,626,41.666666666666664,2.4167080150929614,0.23447568405769248,0.4522172212600708,0.6318092346191406,0.17959201335906982,-0.3031928539276123,0.2877770662307739,0.5909699201583862,0.03266634792089462,0.3885829746723175,0.3559166267514229
episode_001142,1,2,True,True,False,blue_tray,91148,0,1,0,1,,False,False,False,0,0,,,1,231,15.333333333333334,0.8707166494003964,0.257629470651361,0.5081642866134644,0.6388387680053711,0.13067448139190674,0.06875276565551758,0.27372169494628906,0.20496892929077148,0.032948240637779236,0.39444759488105774,0.3614993542432785
episode_001143,1,2,True,True,False,blue_tray,91149,0,1,0,1,,False,False,False,0,0,,,1,318,21.133333333333333,1.4313844760657592,0.38895837210500006,0.38696813583374023,0.6583073139190674,0.27133917808532715,-0.2589099407196045,0.2045297622680664,0.4634397029876709,0.03085605800151825,0.5375521183013916,0.5066960602998734
episode_001144,1,2,True,True,False,blue_tray,91150,0,1,0,1,,False,False,False,0,0,,,1,270,17.933333333333334,1.0726084126671873,0.4132511629061574,0.40546560287475586,0.5078022480010986,0.10233664512634277,-0.15676629543304443,0.14606618881225586,0.3028324842453003,0.03297531604766846,0.5253804922103882,0.4924051761627197
episode_001145,1,2,True,True,False,blue_tray,91151,0,1,0,1,,False,False,False,0,0,,,1,238,15.799999999999999,0.9570601896307673,0.14979647944390734,0.4344315528869629,0.5148138999938965,0.0803823471069336,-0.03318023681640625,0.2921745777130127,0.32535481452941895,0.0329742431640625,0.2977868616580963,0.2648126184940338
episode_001146,2,2,True,True,False,blue_tray,91152,0,2,0,2,,False,False,False,0,0,,,2,514,34.2,1.9281095056319582,0.5550635470910262,0.4523826837539673,0.6105406284332275,0.15815794467926025,-0.2566390037536621,0.2785372734069824,0.5351762771606445,0.032107964158058167,0.33790531754493713,0.30579735338687897
episode_001147,2,2,True,True,False,blue_tray,91153,0,2,0,2,,False,False,False,0,0,,,2,598,39.8,1.9378412853967335,0.47514270955606097,0.45757126808166504,0.6282474994659424,0.17067623138427734,-0.18309974670410156,0.23552846908569336,0.4186282157897949,0.032787881791591644,0.5103301405906677,0.4775422587990761
episode_001148,1,2,True,True,False,blue_tray,91154,0,1,0,1,,False,False,False,0,0,,,1,280,18.6,0.9913802333677186,0.2737723227925549,0.367297887802124,0.5407562255859375,0.17345833778381348,-0.15184831619262695,0.2211015224456787,0.37294983863830566,0.03325109928846359,0.26939141750335693,0.23614031821489334
episode_001149,2,2,True,True,False,blue_tray,91155,1,2,1,1,blue_cube_0,False,False,False,0,0,,,2,318,21.133333333333333,1.2924271371515883,0.1099952274697687,0.4728212356567383,0.5786330699920654,0.10581183433532715,-0.24746417999267578,0.2277216911315918,0.4751858711242676,0.03274247795343399,0.23081879317760468,0.19807631522417068
episode_001150,1,2,True,True,False,blue_tray,91156,0,1,0,1,,True,True,True,0,0,,,1,321,21.333333333333332,1.3647854233766359,0.37056231575348847,0.4141726493835449,0.6281436681747437,0.21397101879119873,-0.20064520835876465,0.27849602699279785,0.4791412353515625,0.03364798426628113,0.49879032373428345,0.4651423394680023
episode_001152,1,2,True,True,False,blue_tray,91158,0,1,0,1,,False,False,False,0,0,,,1,267,17.733333333333334,0.9792220970156366,0.2580551654321826,0.4178965091705322,0.6090784072875977,0.19118189811706543,-0.15829002857208252,0.10088062286376953,0.25917065143585205,0.031772345304489136,0.3887637257575989,0.35699138045310974
episode_001153,2,2,False,False,True,blue_tray,91159,0,2,0,2,,False,False,False,1,1,solver_recovery_exhausted,move_above_slot,1,892,59.4,2.9099209203276284,0.3834123097666166,0.43764710426330566,0.5721514225006104,0.1345043182373047,-0.25115013122558594,0.19868135452270508,0.449831485748291,0.02724359929561615,0.44294634461402893,0.4157027453184128
episode_001154,1,2,True,True,False,blue_tray,91160,0,1,0,1,,True,True,True,0,0,,,1,226,15.0,0.8922578875929572,0.3658003108101167,0.48107755184173584,0.5219243764877319,0.040846824645996094,-0.10639655590057373,0.2810678482055664,0.38746440410614014,0.03320803493261337,0.26558780670166016,0.23237977176904678
episode_001157,1,2,True,True,False,blue_tray,91163,0,1,0,1,,False,False,False,0,0,,,1,221,14.666666666666666,0.8416025124976663,0.1412799801761832,0.5073757171630859,0.5844533443450928,0.07707762718200684,-0.026815176010131836,0.19191038608551025,0.2187255620956421,0.03309959918260574,0.32236573100090027,0.2892661318182945
episode_001158,1,2,True,True,False,blue_tray,91164,0,1,0,1,,False,False,False,0,0,,,1,282,18.733333333333334,1.1835722091544303,0.23691913113076124,0.49013185501098633,0.5281751155853271,0.03804326057434082,-0.09151124954223633,0.27922487258911133,0.37073612213134766,0.03348039090633392,0.4235247075557709,0.39004431664943695
episode_001160,1,2,True,True,False,blue_tray,91166,0,1,0,1,,False,False,False,0,0,,,1,372,24.733333333333334,1.413531893661089,0.33544380587478756,0.50848388671875,0.5987980365753174,0.09031414985656738,-0.21353518962860107,0.27544569969177246,0.48898088932037354,0.03325173258781433,0.5073012113571167,0.47404947876930237
episode_001162,1,2,True,True,False,blue_tray,91168,0,1,0,1,,False,False,False,0,0,,,1,369,24.53333333333333,1.3850034746579585,0.3332925621420574,0.505291223526001,0.5760154724121094,0.0707242488861084,-0.2687489986419678,0.2741556167602539,0.5429046154022217,0.03284282982349396,0.46005117893218994,0.427208349108696
episode_001164,2,2,True,True,False,blue_tray,91170,0,2,0,2,,False,False,False,0,0,,,2,595,39.6,2.1034589731426068,0.2607116706025445,0.43695950508117676,0.6165969371795654,0.17963743209838867,-0.15432322025299072,0.2746610641479492,0.42898428440093994,0.03338707983493805,0.4442093074321747,0.41082222759723663
episode_001166,1,2,True,True,False,blue_tray,91172,0,1,0,1,,False,False,False,1,1,,,1,599,39.86666666666667,1.9953168859984907,0.3502754284059736,0.4006307125091553,0.5595458745956421,0.15891516208648682,0.027510643005371094,0.27319812774658203,0.24568748474121094,0.03316762298345566,0.4943007230758667,0.46113310009241104
episode_001168,2,2,True,True,False,blue_tray,91174,0,2,0,2,,True,False,False,0,0,,,2,484,32.2,1.8138606348535258,0.5179269941440924,0.406843900680542,0.6434848308563232,0.23664093017578125,-0.1564624309539795,0.23255228996276855,0.38901472091674805,0.032999902963638306,0.49880099296569824,0.46580109000205994
episode_001169,2,2,True,True,False,blue_tray,91175,0,2,0,2,,False,False,False,0,0,,,2,554,36.86666666666667,2.3791959041515014,0.39000015630658635,0.41266798973083496,0.6309975385665894,0.2183295488357544,-0.2042100429534912,0.19590044021606445,0.40011048316955566,0.03306252509355545,0.5229969024658203,0.48993437737226486
episode_001170,1,2,True,True,False,blue_tray,91176,0,1,0,1,,False,False,False,0,0,,,1,299,19.866666666666667,1.3016420296351068,0.2556334331264751,0.4464850425720215,0.6862975358963013,0.23981249332427979,-0.1911470890045166,0.2785634994506836,0.4697105884552002,0.033228762447834015,0.33983293175697327,0.30660416930913925
episode_001171,1,2,True,True,False,blue_tray,91177,0,1,0,1,,False,False,False,0,0,,,1,247,16.4,1.1096773023928241,0.3787290219199452,0.4372868537902832,0.6672492027282715,0.22996234893798828,-0.1850271224975586,0.13044357299804688,0.31547069549560547,0.03240090608596802,0.4917679727077484,0.4593670666217804
episode_001172,1,2,True,True,False,blue_tray,91178,0,1,0,1,,False,False,False,0,0,,,1,220,14.6,0.8103998734803692,0.37268707768299764,0.4655416011810303,0.6618859767913818,0.19634437561035156,-0.15522027015686035,0.17441368103027344,0.3296339511871338,0.03253205120563507,0.26918813586235046,0.2366560846567154
episode_001173,1,2,True,True,False,blue_tray,91179,0,1,0,1,,False,False,False,0,0,,,1,281,18.666666666666668,1.1921917715623658,0.13998430604394507,0.4712862968444824,0.5798614025115967,0.10857510566711426,-0.24113011360168457,0.19301629066467285,0.4341464042663574,0.033219024538993835,0.2837854027748108,0.25056637823581696
episode_001175,1,2,True,True,False,blue_tray,91181,0,1,0,1,,False,False,False,0,0,,,1,275,18.266666666666666,0.9230022423478279,0.2785006027950544,0.3763141632080078,0.5059971809387207,0.1296830177307129,-0.19018054008483887,0.011816978454589844,0.2019975185394287,0.031934455037117004,0.4265778064727783,0.3946433514356613
episode_001176,1,2,True,True,False,blue_tray,91182,0,1,0,1,,False,False,False,0,0,,,1,224,14.866666666666667,0.8167013901046051,0.2367906027052292,0.4497358798980713,0.5067245960235596,0.05698871612548828,-0.1532813310623169,0.08547735214233398,0.23875868320465088,0.03221774846315384,0.3368344306945801,0.30461668223142624
episode_001177,2,2,False,False,True,blue_tray,91183,0,2,0,2,,False,False,False,0,0,state_timeout,retreat,1,826,55.0,2.9326070796414974,0.1770897585523918,0.40675079822540283,0.6202267408370972,0.21347594261169434,-0.2467670440673828,0.19490253925323486,0.4416695833206177,0.033139124512672424,0.3662671744823456,0.33312804996967316
episode_001179,2,2,True,True,False,blue_tray,91185,0,2,0,2,,True,False,False,0,1,,,2,737,49.06666666666666,2.384946940519715,0.10224282187694535,0.3918180465698242,0.6285724639892578,0.2367544174194336,-0.18738102912902832,0.16771042346954346,0.3550914525985718,0.03272874653339386,0.37723052501678467,0.3445017784833908
episode_001180,2,2,True,True,False,blue_tray,91186,0,2,0,2,,False,False,False,0,0,,,2,549,36.53333333333333,1.9383784796864252,0.18131670455635734,0.3851754665374756,0.6580181121826172,0.2728426456451416,-0.1807723045349121,0.1691913604736328,0.3499636650085449,0.03281024843454361,0.36357226967811584,0.33076202124357224
episode_001181,2,2,True,True,False,blue_tray,91187,1,2,1,1,blue_cube_0,True,True,True,1,1,,,2,748,49.8,2.295960613385001,0.07636061169954128,0.4495847225189209,0.6342340707778931,0.18464934825897217,-0.22194290161132812,0.20934998989105225,0.43129289150238037,0.0329136922955513,0.3862060010433197,0.3532923087477684
episode_001182,1,2,True,True,False,blue_tray,91188,0,1,0,1,,False,False,False,0,0,,,1,327,21.733333333333334,1.1878380892279476,0.12084140254060413,0.5079656839370728,0.5877866744995117,0.07982099056243896,-0.16711103916168213,0.27631235122680664,0.44342339038848877,0.033267974853515625,0.26623469591140747,0.23296672105789185
episode_001184,1,2,True,True,False,blue_tray,91190,0,1,0,1,,False,False,False,0,0,,,1,362,24.066666666666666,1.1628505653499803,0.20725947657185503,0.49979496002197266,0.6001918315887451,0.10039687156677246,-0.15443050861358643,0.192551851272583,0.34698235988616943,0.03192438930273056,0.3527190387248993,0.32079464942216873
episode_001185,1,2,True,True,False,blue_tray,91191,0,1,0,1,,False,False,False,0,0,,,1,251,16.666666666666668,0.9771902555839053,0.16656905283141374,0.5074084997177124,0.588025689125061,0.08061718940734863,-0.04101896286010742,0.3113445043563843,0.3523634672164917,0.03299851715564728,0.29347795248031616,0.2604794353246689
episode_001186,2,2,True,True,False,blue_tray,91192,0,2,0,2,,False,False,False,0,0,,,2,661,44.0,2.789591340277461,0.34516601947502634,0.4513859748840332,0.566705584526062,0.11531960964202881,-0.29895031452178955,0.31052541732788086,0.6094757318496704,0.032908566296100616,0.5173115134239197,0.48440294712781906
episode_001187,1,2,False,False,True,blue_tray,91193,0,1,0,1,,False,False,False,1,1,solver_recovery_exhausted,approach,0,487,32.4,1.5222340367671823,0.23235496743879072,0.45064496994018555,0.624971866607666,0.17432689666748047,-0.04099750518798828,0.22601580619812012,0.2670133113861084,0.10847409069538116,0.3837250769138336,0.27525098621845245
episode_001189,2,2,True,True,False,blue_tray,91195,1,2,1,1,blue_cube_0,False,False,False,0,0,,,2,306,20.333333333333332,1.2818077239719543,0.1527577756510684,0.44657647609710693,0.5633933544158936,0.11681687831878662,-0.25220608711242676,0.2041323184967041,0.45633840560913086,0.03317449986934662,0.2880069613456726,0.254832461476326
episode_001191,1,2,True,True,False,blue_tray,91197,0,1,0,1,,False,False,False,0,0,,,1,275,18.266666666666666,0.8424015772774888,0.3457281770928946,0.5058703422546387,0.6067671775817871,0.10089683532714844,-0.1873793601989746,0.10578560829162598,0.2931649684906006,0.03150973469018936,0.33995506167411804,0.3084453269839287
episode_001192,2,2,True,True,False,blue_tray,91198,1,2,1,1,blue_cube_1,False,False,False,0,0,,,2,244,16.2,0.7810951907870457,0.14889674194182448,0.4404160976409912,0.560513973236084,0.12009787559509277,-0.19064652919769287,0.0031309127807617188,0.1937774419784546,0.03200417011976242,0.2683310806751251,0.2363269105553627
episode_001193,1,2,True,True,False,blue_tray,91199,0,1,0,1,,False,False,False,0,0,,,1,273,18.133333333333333,1.0813690356907377,0.5559442695776037,0.38816869258880615,0.6266211271286011,0.23845243453979492,-0.3112301826477051,0.1927422285079956,0.5039724111557007,0.03280100226402283,0.3886197507381439,0.3558187484741211
episode_001194,2,2,True,True,False,blue_tray,91200,0,2,0,2,,False,False,False,0,0,,,2,638,42.46666666666667,2.299587264382617,0.6045392739490449,0.4541127681732178,0.6297347545623779,0.17562198638916016,-0.2705305814743042,0.27436351776123047,0.5448940992355347,0.03301297873258591,0.44012650847435,0.40711352974176407
episode_001195,1,2,True,True,False,blue_tray,91201,0,1,0,1,,False,False,False,0,0,,,1,323,21.466666666666665,1.30012848916707,0.31389955871168446,0.35996460914611816,0.6335422992706299,0.2735776901245117,-0.2405719757080078,0.14246129989624023,0.38303327560424805,0.030494853854179382,0.47197186946868896,0.4414770156145096
episode_001196,1,2,True,True,False,blue_tray,91202,0,1,0,1,,False,False,False,0,0,,,1,266,17.666666666666668,1.0255807491323263,0.3118208724582416,0.4195990562438965,0.6851239204406738,0.26552486419677734,-0.15884184837341309,0.16602396965026855,0.32486581802368164,0.03020618110895157,0.31514468789100647,0.2849385067820549
episode_001197,1,2,True,True,False,blue_tray,91203,0,1,0,1,,False,False,False,0,0,,,1,323,21.466666666666665,1.2458374381949708,0.3378805391874172,0.3892395496368408,0.608674168586731,0.21943461894989014,-0.09144163131713867,0.33378708362579346,0.42522871494293213,0.03367100656032562,0.47896069288253784,0.4452896863222122
