episode_id,blue_cube_count,progress_stage,num_remaining,target_index,successful,x_m,y_m,z_m,position_stratum,tray_x_m,tray_y_m
episode_000001,2,0,2,0,True,0.5506641908825622,0.16257875612248546,0.026,16,0.51,-0.16525924989546875
episode_000001,2,0,2,1,True,0.4613446499054541,0.017832016916893585,0.026,9,0.51,-0.16525924989546875
episode_000003,2,1,1,1,True,0.46695499305621513,0.0047470367577214,0.026,9,0.51,-0.1830017277641439
episode_000004,2,0,2,0,True,0.5219448213394675,-0.10877348202333237,0.026,13,0.51,0.199856978609068
episode_000004,2,0,2,1,True,0.48038893692665513,-0.239095734600489,0.026,6,0.51,0.199856978609068
episode_000005,1,0,1,0,True,0.5079864672480693,0.14879002893632454,0.026,10,0.51,-0.16525924989546875
episode_000007,2,1,1,1,True,0.4629816747683907,0.1422856236473535,0.026,10,0.51,-0.1830017277641439
episode_000008,1,0,1,0,True,0.4862288726990995,-0.01028629391956272,0.026,8,0.51,0.199856978609068
episode_000009,2,0,2,0,True,0.5679286014910818,0.040369182424164735,0.026,15,0.51,-0.16525924989546875
episode_000009,2,0,2,1,True,0.4455276304219549,0.19070663549887856,0.026,10,0.51,-0.16525924989546875
episode_000010,1,0,1,0,True,0.4506250417882503,-0.06384620080051694,0.026,8,0.51,0.21146746279684422
episode_000011,2,0,2,0,False,0.5782246460245781,0.227005451288032,0.026,17,0.51,-0.1830017277641439
episode_000011,2,0,2,1,False,0.5140306217593655,-0.00508994930578735,0.026,8,0.51,-0.1830017277641439
episode_000012,1,0,1,0,True,0.4711591424357361,-0.24685364054954134,0.026,6,0.51,0.199856978609068
episode_000013,1,0,1,0,True,0.47533515158392137,0.04600111382623375,0.026,9,0.51,-0.16525924989546875
episode_000014,2,0,2,0,True,0.6134183513173522,-0.22956823940846266,0.026,18,0.51,0.21146746279684422
episode_000014,2,0,2,1,True,0.3795667381402382,-0.06052740813755865,0.026,2,0.51,0.21146746279684422
episode_000016,1,0,1,0,True,0.4542437437513243,0.01219416646347361,0.026,9,0.51,0.199856978609068
episode_000019,1,0,1,0,True,0.6046214313076146,0.12125496960567006,0.026,22,0.51,-0.1830017277641439
episode_000020,1,0,1,0,True,0.5892658609477541,-0.093830039530938,0.026,20,0.51,0.199856978609068
episode_000021,2,0,2,0,True,0.6357275870663478,0.18754884511043435,0.026,22,0.51,-0.16525924989546875
episode_000021,2,0,2,1,True,0.43695907110803395,0.01636351527490901,0.026,3,0.51,-0.16525924989546875
episode_000022,1,0,1,0,True,0.6068564131094781,-0.00958408061480423,0.026,20,0.51,0.21146746279684422
episode_000023,1,0,1,0,True,0.5942434171658536,0.28042368819548724,0.026,23,0.51,-0.1830017277641439
episode_000024,1,0,1,0,False,0.6257660366640966,-0.22568118827731132,0.026,18,0.51,0.199856978609068
episode_000027,1,0,1,0,True,0.6089647542491702,0.056997464836574925,0.026,21,0.51,-0.1830017277641439
episode_000028,1,0,1,0,True,0.4098649731314225,-0.16441666839069435,0.026,1,0.51,0.199856978609068
episode_000029,2,0,2,0,True,0.6435478516916596,0.08752688685057841,0.026,21,0.51,-0.16525924989546875
episode_000029,2,0,2,1,True,0.39240375683874074,0.2934607965667356,0.026,5,0.51,-0.16525924989546875
episode_000031,2,1,1,0,True,0.5998402524439566,-0.00809578802555129,0.026,20,0.51,-0.1830017277641439
episode_000033,2,0,2,0,True,0.609354454645434,0.0380107609962878,0.026,21,0.51,-0.16525924989546875
episode_000033,2,0,2,1,True,0.43551898457102944,0.10185502458516021,0.026,4,0.51,-0.16525924989546875
episode_000034,1,0,1,0,False,0.37412680434632484,-0.01582787299029144,0.026,2,0.51,0.21146746279684422
episode_000037,1,0,1,0,True,0.4111102683957418,0.2465653131770768,0.026,5,0.51,-0.16525924989546875
episode_000038,2,0,2,0,True,0.6144016902484433,-0.2899587796422029,0.026,18,0.51,0.21146746279684422
episode_000038,2,0,2,1,True,0.3865381983218069,-0.19170990713095012,0.026,1,0.51,0.21146746279684422
episode_000039,1,0,1,0,True,0.3918132240522197,0.2320497806937618,0.026,5,0.51,-0.1830017277641439
episode_000040,1,0,1,0,True,0.41993021989942575,-0.21712327179701446,0.026,0,0.51,0.199856978609068
episode_000041,2,0,2,0,True,0.4528237752122214,0.12173545116901864,0.026,10,0.51,-0.16525924989546875
episode_000041,2,0,2,1,True,0.5798731819891906,0.012918755268035317,0.026,15,0.51,-0.16525924989546875
episode_000042,2,1,1,1,True,0.5839438765839371,0.009762149267377894,0.026,15,0.51,0.21146746279684422
episode_000043,1,0,1,0,True,0.4299962482316017,0.05544960734708218,0.026,3,0.51,-0.1830017277641439
episode_000044,1,0,1,0,True,0.5772937079305912,-0.11582147187583239,0.026,13,0.51,0.199856978609068
episode_000047,1,0,1,0,True,0.5219727259377304,0.11349843118810267,0.026,16,0.51,-0.1830017277641439
episode_000049,1,0,1,0,True,0.5228709266703666,0.2757920798204857,0.026,17,0.51,-0.16525924989546875
episode_000053,2,0,2,0,True,0.4508185357705024,0.019248397429341695,0.026,9,0.51,-0.16525924989546875
episode_000053,2,0,2,1,True,0.5838493317076885,0.2787788893530614,0.026,17,0.51,-0.16525924989546875
episode_000054,1,0,1,0,True,0.5443949469400382,-0.23756607177433586,0.026,12,0.51,0.21146746279684422
episode_000055,2,0,2,0,True,0.4956109809279674,-0.006387942063710711,0.026,8,0.51,-0.1830017277641439
episode_000055,2,0,2,1,True,0.5696338882487906,0.18461899839740215,0.026,16,0.51,-0.1830017277641439
episode_000056,2,0,2,0,False,0.4640867797927308,0.015616480767991459,0.026,9,0.51,0.199856978609068
episode_000056,2,0,2,1,False,0.5198613577243354,-0.18643326129968235,0.026,13,0.51,0.199856978609068
episode_000058,1,0,1,0,True,0.5281334865329546,-0.2053016473538301,0.026,12,0.51,0.21146746279684422
episode_000059,1,0,1,0,True,0.5572060001792529,0.08645189739693648,0.026,15,0.51,-0.1830017277641439
episode_000061,2,0,2,0,True,0.4890347768775347,0.29042053886410535,0.026,11,0.51,-0.16525924989546875
episode_000061,2,0,2,1,True,0.5254907908397657,0.08662854986040407,0.026,15,0.51,-0.16525924989546875
episode_000063,1,0,1,0,True,0.46868248755884684,0.18807364318727648,0.026,10,0.51,-0.1830017277641439
episode_000066,1,0,1,0,True,0.46136235479978754,-0.011635463398713214,0.026,8,0.51,0.21146746279684422
episode_000070,1,0,1,0,True,0.4930924114247954,-0.0028621056459766786,0.026,8,0.51,0.21146746279684422
episode_000071,1,0,1,0,True,0.448519539487144,0.22089956795260343,0.026,11,0.51,-0.1830017277641439
episode_000072,2,0,2,0,True,0.4184037680105279,-0.2899788866330676,0.026,0,0.51,0.199856978609068
episode_000072,2,0,2,1,True,0.5892731155142692,-0.0955119588411144,0.026,20,0.51,0.199856978609068
episode_000074,1,0,1,0,True,0.47071244003070695,-0.23046772655184328,0.026,6,0.51,0.21146746279684422
episode_000075,2,0,2,0,True,0.40954253847884414,0.15429758013409722,0.026,4,0.51,-0.1830017277641439
episode_000075,2,0,2,1,True,0.6347288693072376,0.004074211720639681,0.026,21,0.51,-0.1830017277641439
episode_000076,1,0,1,0,True,0.5071539428356344,0.012681773500504001,0.026,9,0.51,0.199856978609068
episode_000079,1,0,1,0,True,0.6003704351175472,0.10164944393082648,0.026,22,0.51,-0.1830017277641439
episode_000080,2,1,1,1,True,0.6073858835808702,-0.28058024903928125,0.026,18,0.51,0.199856978609068
episode_000082,2,0,2,0,True,0.42785227739485343,-0.034073844149822605,0.026,2,0.51,0.21146746279684422
episode_000082,2,0,2,1,True,0.6035677925872172,-0.21902427891628318,0.026,18,0.51,0.21146746279684422
episode_000083,1,0,1,0,True,0.636347975593005,0.17477471046171042,0.026,22,0.51,-0.1830017277641439
episode_000084,2,1,1,0,True,0.4411724406018041,0.000985501572696146,0.026,3,0.51,0.199856978609068
episode_000085,1,0,1,0,True,0.6047770521244499,0.2128676568936358,0.026,23,0.51,-0.16525924989546875
episode_000086,2,0,2,0,True,0.4124623526198776,-0.24951395277457017,0.026,0,0.51,0.21146746279684422
episode_000086,2,0,2,1,True,0.59484774864949,-0.09985873887141276,0.026,19,0.51,0.21146746279684422
episode_000087,2,1,1,1,True,0.4672885085153056,-0.01086566231444834,0.026,8,0.51,-0.1830017277641439
episode_000088,2,0,2,0,True,0.5513873365175064,-0.14014567011465712,0.026,13,0.51,0.199856978609068
episode_000088,2,0,2,1,True,0.4781832635231914,0.01707635865354636,0.026,9,0.51,0.199856978609068
episode_000090,2,0,2,0,False,0.5613476738187098,-0.140964990664992,0.026,13,0.51,0.21146746279684422
episode_000090,2,0,2,1,False,0.511604959957772,-0.2951203012486775,0.026,6,0.51,0.21146746279684422
episode_000091,2,0,2,0,True,0.5295974760925872,-0.004937836723868952,0.026,14,0.51,-0.1830017277641439
episode_000091,2,0,2,1,True,0.49805974630307037,0.19655101486201698,0.026,10,0.51,-0.1830017277641439
episode_000092,1,0,1,0,True,0.6315979458859262,-0.2470671951995021,0.026,18,0.51,0.199856978609068
episode_000093,1,0,1,0,True,0.5888903128803248,0.0068486218115979105,0.026,21,0.51,-0.16525924989546875
episode_000096,1,0,1,0,True,0.6036769396677666,0.0042917397710897425,0.026,21,0.51,0.199856978609068
episode_000097,1,0,1,0,True,0.3785383547505792,0.10784487160899067,0.026,4,0.51,-0.16525924989546875
episode_000098,1,0,1,0,True,0.4042117216553099,-0.07405546986943912,0.026,2,0.51,0.21146746279684422
episode_000099,2,0,2,0,True,0.5500463040834253,0.08120790133213066,0.026,15,0.51,-0.1830017277641439
episode_000099,2,0,2,1,True,0.40819442592005306,0.19627309677601845,0.026,4,0.51,-0.1830017277641439
episode_000100,2,0,2,0,False,0.5153998992375125,-0.28298114091249693,0.026,12,0.51,0.199856978609068
episode_000100,2,0,2,1,False,0.44558700447952426,-0.13205896434617442,0.026,7,0.51,0.199856978609068
episode_000103,1,0,1,0,True,0.4153183533746879,-0.004922604093138855,0.026,2,0.51,-0.1830017277641439
episode_000108,1,0,1,0,True,0.43044863284147694,-0.20880836150532958,0.026,0,0.51,0.199856978609068
episode_000109,1,0,1,0,True,0.40260770155273323,0.07638367375631239,0.026,3,0.51,-0.16525924989546875
episode_000110,2,0,2,0,True,0.5934504438107743,-0.2474151507631383,0.026,18,0.51,0.21146746279684422
episode_000110,2,0,2,1,True,0.3719925564776002,-0.008456546585415156,0.026,2,0.51,0.21146746279684422
episode_000111,2,0,2,0,True,0.5982083797660009,0.1681562173682004,0.026,22,0.51,-0.1830017277641439
episode_000111,2,0,2,1,True,0.39067222695197457,0.0015175314689463272,0.026,3,0.51,-0.1830017277641439
episode_000113,1,0,1,0,True,0.42480693339164605,0.015166290268354895,0.026,3,0.51,-0.16525924989546875
episode_000114,2,0,2,0,True,0.6348584002278669,-0.16838420079952796,0.026,19,0.51,0.21146746279684422
episode_000114,2,0,2,1,True,0.37429943202133736,-0.2669959843213618,0.026,0,0.51,0.21146746279684422
episode_000115,1,0,1,0,True,0.5618185287513,0.19216434942213012,0.026,16,0.51,-0.1830017277641439
episode_000116,1,0,1,0,True,0.5395041407078163,-0.0542900542984516,0.026,14,0.51,0.199856978609068
episode_000117,1,0,1,0,True,0.5239212580639604,0.26803855394934545,0.026,17,0.51,-0.16525924989546875
episode_000118,2,0,2,0,True,0.6474117688779623,-0.01386279356803971,0.026,20,0.51,0.21146746279684422
episode_000118,2,0,2,1,True,0.3718010177556873,-0.2987384003273393,0.026,0,0.51,0.21146746279684422
episode_000120,2,1,1,0,True,0.6094898141479431,0.01650326501238151,0.026,21,0.51,0.199856978609068
episode_000121,1,0,1,0,True,0.5373441786973785,0.22455774547238064,0.026,17,0.51,-0.16525924989546875
episode_000122,1,0,1,0,True,0.5579941198900177,-0.29468681250501355,0.026,12,0.51,0.21146746279684422
episode_000124,2,0,2,0,True,0.632589377976675,-0.22438448682128784,0.026,18,0.51,0.199856978609068
episode_000124,2,0,2,1,True,0.4223215847257288,-0.16284082848455922,0.026,1,0.51,0.199856978609068
episode_000125,2,0,2,0,True,0.45025548647424235,0.14971541925715584,0.026,10,0.51,-0.16525924989546875
episode_000125,2,0,2,1,True,0.5819745415691695,0.07364171189292604,0.026,15,0.51,-0.16525924989546875
episode_000126,1,0,1,0,True,0.578423486473095,0.02309406562449132,0.026,15,0.51,0.21146746279684422
episode_000127,1,0,1,0,True,0.4968698195286909,0.1483773926021355,0.026,10,0.51,-0.1830017277641439
episode_000129,2,0,2,0,True,0.4734670834628084,0.13326368767087596,0.026,10,0.51,-0.16525924989546875
episode_000129,2,0,2,1,True,0.5821163407880927,0.009868542416750106,0.026,15,0.51,-0.16525924989546875
episode_000131,2,0,2,0,True,0.49377210862528964,-0.001982875906071657,0.026,8,0.51,-0.1830017277641439
episode_000131,2,0,2,1,True,0.5293364769379532,0.27668238602721407,0.026,17,0.51,-0.1830017277641439
episode_000133,1,0,1,0,True,0.4516907153913911,0.1690994134915671,0.026,10,0.51,-0.16525924989546875
episode_000135,2,0,2,0,True,0.4543465982047985,-0.00558137328786612,0.026,8,0.51,-0.1830017277641439
episode_000135,2,0,2,1,True,0.5410160996583571,0.19998012867226211,0.026,16,0.51,-0.1830017277641439
episode_000136,1,0,1,0,True,0.4718979541703752,-0.05119397645743309,0.026,8,0.51,0.199856978609068
episode_000137,2,1,1,1,True,0.5317502546221667,0.1414197507758014,0.026,16,0.51,-0.16525924989546875
episode_000138,2,0,2,0,False,0.4878168954968457,-0.25367793272609007,0.026,6,0.51,0.21146746279684422
episode_000138,2,0,2,1,False,0.5794550455326193,-0.12647958961550249,0.026,13,0.51,0.21146746279684422
episode_000139,2,1,1,0,True,0.41262771518479213,0.1430701518520675,0.026,4,0.51,-0.1830017277641439
episode_000141,1,0,1,0,True,0.47862957671912115,0.23281804884563168,0.026,11,0.51,-0.16525924989546875
episode_000142,1,0,1,0,True,0.47182723329246934,-0.2402437920859731,0.026,6,0.51,0.21146746279684422
episode_000143,2,0,2,0,True,0.3973223555682676,0.16600396545493368,0.026,4,0.51,-0.1830017277641439
episode_000143,2,0,2,1,True,0.6036610078075489,0.002516550036150624,0.026,21,0.51,-0.1830017277641439
episode_000144,2,0,2,0,True,0.3954661850238031,-0.1928879097184863,0.026,1,0.51,0.199856978609068
episode_000144,2,0,2,1,True,0.6115969739040547,-0.24265776155011026,0.026,18,0.51,0.199856978609068
episode_000146,2,0,2,0,True,0.3765666246034687,-0.01567892658746757,0.026,2,0.51,0.21146746279684422
episode_000146,2,0,2,1,True,0.6179872246308971,-0.26724457961833264,0.026,18,0.51,0.21146746279684422
episode_000150,2,0,2,0,True,0.4046397065896827,0.022683047204922934,0.026,3,0.51,0.21146746279684422
episode_000150,2,0,2,1,True,0.6029491033699069,-0.16246865447194023,0.026,19,0.51,0.21146746279684422
episode_000151,2,0,2,0,False,0.4324439232414692,-0.22004569814408725,0.026,0,0.51,0.23208123069127348
episode_000151,2,0,2,1,False,0.6258041058215009,-0.19483558185569363,0.026,19,0.51,0.23208123069127348
episode_000153,1,0,1,0,True,0.48246337124000277,0.024879635516870155,0.026,9,0.51,-0.23771861983736764
episode_000155,1,0,1,0,True,0.5870933516401559,-0.18414117460946133,0.026,19,0.51,0.23208123069127348
episode_000156,2,0,2,0,True,0.5797048014828209,-0.2571534991784124,0.026,12,0.51,0.21314741073137272
episode_000156,2,0,2,1,True,0.44217320601202975,-0.020380508061634106,0.026,8,0.51,0.21314741073137272
episode_000157,2,0,2,0,True,0.5369518533119433,0.1784277241251866,0.026,16,0.51,-0.23771861983736764
episode_000157,2,0,2,1,True,0.47908183519192915,0.03655802808049816,0.026,9,0.51,-0.23771861983736764
episode_000158,2,0,2,0,False,0.5822762088200031,-0.1607862905629645,0.026,13,0.51,0.2456055205640743
episode_000158,2,0,2,1,False,0.49170184695706226,-0.28658592691514884,0.026,6,0.51,0.2456055205640743
episode_000161,2,0,2,0,True,0.5581777264457971,-0.046050582368841776,0.026,14,0.51,-0.23771861983736764
episode_000161,2,0,2,1,True,0.5110778906619277,0.1549920473957497,0.026,10,0.51,-0.23771861983736764
episode_000162,1,0,1,0,True,0.6183214724302858,-0.03633963789414525,0.026,20,0.51,0.2456055205640743
episode_000163,2,0,2,0,False,0.5399205117104409,0.007268359227362303,0.026,15,0.51,0.23208123069127348
episode_000163,2,0,2,1,False,0.4640286093302112,-0.1595005347297177,0.026,7,0.51,0.23208123069127348
episode_000165,1,0,1,0,True,0.5903273782097663,-0.006193426833573004,0.026,20,0.51,-0.23771861983736764
episode_000170,1,0,1,0,True,0.5947915297270432,-0.252944462422648,0.026,18,0.51,0.2456055205640743
episode_000172,2,0,2,0,True,0.5400786238850894,-0.2834701938020163,0.026,12,0.51,0.21314741073137272
episode_000172,2,0,2,1,True,0.46984442097167567,-0.10052296049515712,0.026,7,0.51,0.21314741073137272
episode_000173,2,0,2,0,True,0.6401231390807077,0.19444591823024984,0.026,22,0.51,-0.23771861983736764
episode_000173,2,0,2,1,True,0.3878732429307576,-0.0643769963187357,0.026,2,0.51,-0.23771861983736764
episode_000174,2,0,2,0,False,0.6348679893979268,-0.15271389032664423,0.026,19,0.51,0.2456055205640743
episode_000174,2,0,2,1,False,0.37627930797157877,0.04073937942238453,0.026,3,0.51,0.2456055205640743
episode_000175,1,0,1,0,True,0.6302031087475343,-0.2324775771794085,0.026,18,0.51,0.23208123069127348
episode_000177,2,1,1,0,True,0.6417842551799889,-0.03339552208579137,0.026,20,0.51,-0.23771861983736764
episode_000179,1,0,1,0,True,0.6034914698413038,0.011708539367428137,0.026,21,0.51,0.23208123069127348
episode_000180,2,0,2,0,True,0.6114674847201492,-0.04494988741335619,0.026,20,0.51,0.21314741073137272
episode_000180,2,0,2,1,True,0.40438472285098004,-0.21366135766980454,0.026,0,0.51,0.21314741073137272
episode_000181,1,0,1,0,True,0.38233347420694946,0.1037923687128256,0.026,4,0.51,-0.23771861983736764
episode_000184,2,0,2,0,True,0.6398836533458108,0.0008718517504489298,0.026,21,0.51,0.21314741073137272
episode_000184,2,0,2,1,True,0.4294812565853491,-0.19692535395278288,0.026,1,0.51,0.21314741073137272
episode_000185,2,0,2,0,True,0.5927274016121599,0.24252778583461881,0.026,23,0.51,-0.23771861983736764
episode_000185,2,0,2,1,True,0.42812747564463727,-0.056174069902683206,0.026,2,0.51,-0.23771861983736764
episode_000186,1,0,1,0,True,0.39511952219064855,-0.052766587630404316,0.026,2,0.51,0.2456055205640743
episode_000187,1,0,1,0,True,0.39300506467059176,-0.03621116670563056,0.026,2,0.51,0.23208123069127348
episode_000189,2,0,2,0,True,0.441895866778504,0.11741168767277636,0.026,10,0.51,-0.23771861983736764
episode_000189,2,0,2,1,True,0.5693283138815446,-0.022523129383828777,0.026,14,0.51,-0.23771861983736764
episode_000191,2,0,2,0,True,0.5023445942100215,-0.10881942655360918,0.026,7,0.51,0.23208123069127348
episode_000191,2,0,2,1,True,0.5192743352970464,0.01991386655656137,0.026,15,0.51,0.23208123069127348
episode_000195,2,0,2,0,True,0.49337878209881975,-0.18921739222574352,0.026,7,0.51,0.23208123069127348
episode_000195,2,0,2,1,True,0.6171361062952506,-0.219416828463382,0.026,18,0.51,0.23208123069127348
episode_000196,1,0,1,0,True,0.41473695482464956,-0.28665855521797995,0.026,0,0.51,0.21314741073137272
episode_000197,2,1,1,1,True,0.5201342358132235,0.12511563028845565,0.026,16,0.51,-0.23771861983736764
episode_000198,1,0,1,0,True,0.4292889719501134,-0.23413021893400462,0.026,0,0.51,0.2456055205640743
episode_000200,2,0,2,0,True,0.5030537484015968,0.01726966190546586,0.026,9,0.51,0.21314741073137272
episode_000200,2,0,2,1,True,0.5289238172249743,-0.1266262909630353,0.026,13,0.51,0.21314741073137272
episode_000203,2,0,2,0,True,0.44577190474830314,-0.2528489101313601,0.026,6,0.51,0.23208123069127348
episode_000203,2,0,2,1,True,0.5725116648113973,-0.1092915723844763,0.026,13,0.51,0.23208123069127348
episode_000204,1,0,1,0,True,0.4139126591582495,0.029074142056281765,0.026,3,0.51,0.21314741073137272
episode_000205,1,0,1,0,True,0.5303883938389575,0.1423860431358873,0.026,16,0.51,-0.23771861983736764
episode_000206,2,0,2,0,True,0.41474960129333255,-0.20081451808335574,0.026,0,0.51,0.2456055205640743
episode_000206,2,0,2,1,True,0.6585452486010522,-0.05377885853617306,0.026,20,0.51,0.2456055205640743
episode_000207,2,0,2,0,False,0.43540386706600637,-0.175361443545896,0.026,1,0.51,0.23208123069127348
episode_000207,2,0,2,1,False,0.6541615631337288,0.0008693125079220562,0.026,21,0.51,0.23208123069127348
episode_000208,1,0,1,0,True,0.5472359969424624,-0.02806996015843405,0.026,14,0.51,0.21314741073137272
episode_000210,1,0,1,0,True,0.5547393625546558,-0.0020783712811790617,0.026,14,0.51,0.2456055205640743
episode_000212,2,1,1,0,True,0.38626972678961935,-0.11893285689514362,0.026,1,0.51,0.21314741073137272
episode_000213,1,0,1,0,True,0.5549418794394778,0.221814218095891,0.026,17,0.51,-0.23771861983736764
episode_000215,1,0,1,0,True,0.5215394120054087,-0.2879448502805944,0.026,12,0.51,0.23208123069127348
episode_000217,1,0,1,0,True,0.5675520543508413,0.058606767843300364,0.026,15,0.51,-0.23771861983736764
episode_000218,2,1,1,0,True,0.3813450267257952,-0.06139904959265929,0.026,2,0.51,0.2456055205640743
episode_000219,1,0,1,0,True,0.49254701334223294,-0.15922576500581292,0.026,7,0.51,0.23208123069127348
episode_000220,1,0,1,0,True,0.47468656117556607,-0.05694648627554611,0.026,8,0.51,0.21314741073137272
episode_000222,2,0,2,0,True,0.4127768509337332,0.027980707617809592,0.026,3,0.51,0.2456055205640743
episode_000222,2,0,2,1,True,0.6023859275405803,-0.15867097339240133,0.026,19,0.51,0.2456055205640743
episode_000223,1,0,1,0,True,0.49502768383423873,-0.028587648834769303,0.026,8,0.51,0.23208123069127348
episode_000224,1,0,1,0,True,0.46056317273990044,-0.25239674482534347,0.026,6,0.51,0.21314741073137272
episode_000225,1,0,1,0,True,0.49705242326145577,0.016450992641737862,0.026,9,0.51,-0.23771861983736764
episode_000226,2,0,2,0,False,0.3815951347261762,-0.2899869014941242,0.026,0,0.51,0.2456055205640743
episode_000226,2,0,2,1,False,0.6310466289095449,-0.15841821274871604,0.026,19,0.51,0.2456055205640743
episode_000227,1,0,1,0,True,0.45165425550014326,0.03996139457079617,0.026,9,0.51,0.23208123069127348
episode_000229,1,0,1,0,True,0.6511293700129206,0.1740167018818644,0.026,22,0.51,-0.23771861983736764
episode_000230,1,0,1,0,True,0.6484742224120906,-0.019880647479941033,0.026,20,0.51,0.2456055205640743
episode_000233,1,0,1,0,True,0.5914762986636173,-0.0530505510144954,0.026,20,0.51,-0.23771861983736764
episode_000234,2,0,2,0,False,0.5505960993661249,-0.24075332763151852,0.026,12,0.51,0.2456055205640743
episode_000234,2,0,2,1,False,0.4651184834221203,-0.024384637614968882,0.026,8,0.51,0.2456055205640743
episode_000236,2,0,2,0,True,0.5584733559538686,-0.15138595443802882,0.026,13,0.51,0.21314741073137272
episode_000236,2,0,2,1,True,0.48966723254266964,0.03821064441132167,0.026,9,0.51,0.21314741073137272
episode_000237,1,0,1,0,False,0.6328553668919086,0.20849203979421488,0.026,23,0.51,-0.23771861983736764
episode_000238,1,0,1,0,True,0.6311691830552735,-0.2134195373085152,0.026,18,0.51,0.2456055205640743
episode_000239,2,0,2,0,True,0.5574701720172734,-0.10261205865423453,0.026,13,0.51,0.23208123069127348
episode_000239,2,0,2,1,True,0.46643611698952836,-0.2608273974778437,0.026,6,0.51,0.23208123069127348
episode_000240,2,0,2,0,True,0.5365992152382743,-0.006305853015601159,0.026,14,0.51,0.21314741073137272
episode_000240,2,0,2,1,True,0.4722072186756047,-0.24697046650615312,0.026,6,0.51,0.21314741073137272
episode_000242,2,0,2,0,True,0.5756459962505475,0.030659110403997027,0.026,15,0.51,0.2456055205640743
episode_000242,2,0,2,1,True,0.4752028691057074,-0.15194278087804616,0.026,7,0.51,0.2456055205640743
episode_000243,2,0,2,0,True,0.5788861931166531,-0.30049665302325185,0.026,12,0.51,0.23208123069127348
episode_000243,2,0,2,1,True,0.4669036581119445,-0.17402564502523027,0.026,7,0.51,0.23208123069127348
episode_000244,1,0,1,0,True,0.6286526719022067,0.0436764099446636,0.026,21,0.51,0.21314741073137272
episode_000246,2,0,2,0,True,0.5934183317761226,-0.25515663034174657,0.026,18,0.51,0.2456055205640743
episode_000246,2,0,2,1,True,0.4005192274912696,-0.029437943198529395,0.026,2,0.51,0.2456055205640743
episode_000252,2,1,1,0,True,0.6350062408350559,-0.12510109415537204,0.026,19,0.51,0.21314741073137272
episode_000253,1,0,1,0,True,0.38410571700158774,0.12695051833279505,0.026,4,0.51,-0.23771861983736764
episode_000254,1,0,1,0,True,0.42682942633002885,-0.08961906331987386,0.026,2,0.51,0.2456055205640743
episode_000255,1,0,1,0,True,0.4226869805562067,-0.01446092871251689,0.026,2,0.51,0.23208123069127348
episode_000256,1,0,1,0,True,0.39635076149855325,-0.24501320179773806,0.026,0,0.51,0.21314741073137272
episode_000257,1,0,1,0,True,0.4148325898862278,0.010898378443116748,0.026,3,0.51,-0.23771861983736764
episode_000258,2,0,2,0,True,0.6504742527129279,-0.16748522621487386,0.026,19,0.51,0.2456055205640743
episode_000258,2,0,2,1,True,0.38808221382841035,-0.2949448712773037,0.026,0,0.51,0.2456055205640743
episode_000261,2,0,2,0,False,0.6462560216654444,-0.05585929445521491,0.026,20,0.51,-0.23771861983736764
episode_000261,2,0,2,1,False,0.3718264225152693,0.15872087851898445,0.026,4,0.51,-0.23771861983736764
episode_000262,1,0,1,0,True,0.43594589103821985,0.05320690438526825,0.026,3,0.51,0.2456055205640743
episode_000264,1,0,1,0,True,0.5834960667163323,-0.1806731257521858,0.026,13,0.51,0.21314741073137272
episode_000265,1,0,1,0,True,0.539910803788223,0.18467581126966293,0.026,16,0.51,-0.23771861983736764
episode_000266,2,0,2,0,True,0.5999475175901218,0.04914329864386483,0.026,21,0.51,0.2456055205640743
episode_000266,2,0,2,1,True,0.3842199619974253,-0.19386663991656558,0.026,1,0.51,0.2456055205640743
episode_000267,1,0,1,0,True,0.5567715631989254,-0.02080491247563364,0.026,14,0.51,0.23208123069127348
episode_000268,1,0,1,0,True,0.5593361723537025,-0.20540195017831275,0.026,12,0.51,0.21314741073137272
episode_000270,1,0,1,0,True,0.527267297929549,-0.22006539171938444,0.026,12,0.51,0.2456055205640743
episode_000275,1,0,1,0,True,0.5637987394138059,0.02145439516226411,0.026,15,0.51,0.23208123069127348
episode_000276,1,0,1,0,True,0.513145036288435,-0.1832342693817849,0.026,7,0.51,0.21314741073137272
episode_000277,2,1,1,0,True,0.6187417474385031,0.21926782901583913,0.026,23,0.51,-0.23771861983736764
episode_000278,2,0,2,0,True,0.48120746192911856,-0.20456790547150244,0.026,6,0.51,0.2456055205640743
episode_000278,2,0,2,1,True,0.55035781069891,-0.01984571540829154,0.026,14,0.51,0.2456055205640743
episode_000279,1,0,1,0,True,0.49512139801914634,-0.06468988387110003,0.026,8,0.51,0.23208123069127348
episode_000280,1,0,1,0,True,0.46333349762516896,-0.03668915869377089,0.026,8,0.51,0.21314741073137272
episode_000281,2,0,2,0,True,0.49118341352134165,0.19795874912211975,0.026,10,0.51,-0.23771861983736764
episode_000281,2,0,2,1,True,0.531255677004176,0.03754377340746006,0.026,15,0.51,-0.23771861983736764
episode_000282,2,0,2,0,True,0.47606424580998663,-0.1552761656498532,0.026,7,0.51,0.2456055205640743
episode_000282,2,0,2,1,True,0.5655680990780512,-0.28031730761873813,0.026,12,0.51,0.2456055205640743
episode_000283,2,1,1,1,True,0.5520942832976758,-0.2749159132871315,0.026,12,0.51,0.23208123069127348
episode_000284,1,0,1,0,True,0.4671687439820574,-0.24573178699647005,0.026,6,0.51,0.21314741073137272
episode_000287,2,1,1,1,True,0.5806783259105847,-0.18658251032709106,0.026,13,0.51,0.23208123069127348
episode_000289,1,0,1,0,True,0.4936432019849185,0.035362744748440395,0.026,9,0.51,-0.23771861983736764
episode_000290,1,0,1,0,True,0.4527556062020256,0.05245086135880709,0.026,9,0.51,0.2456055205640743
episode_000292,1,0,1,0,True,0.6572264008285875,-0.17443780976502188,0.026,19,0.51,0.21314741073137272
episode_000293,1,0,1,0,True,0.6491120472284979,0.19368127581470257,0.026,22,0.51,-0.23771861983736764
episode_000294,2,0,2,0,False,0.48403584837968855,-0.2147650993529319,0.026,6,0.51,0.2456055205640743
episode_000294,2,0,2,1,False,0.6110235095803169,-0.1465046550345204,0.026,19,0.51,0.2456055205640743
episode_000297,1,0,1,0,True,0.647308631714349,-0.06386977666128754,0.026,20,0.51,-0.23771861983736764
episode_000298,2,0,2,0,False,0.43637003094074517,-0.2776007927033549,0.026,0,0.51,0.2456055205640743
episode_000298,2,0,2,1,False,0.6361790791328152,-0.045403294929410726,0.026,20,0.51,0.2456055205640743
episode_000300,2,1,1,1,True,0.6096119588461755,0.020403650885006036,0.026,21,0.51,0.21314741073137272
episode_000301,1,0,1,0,True,0.5963234903245952,0.22122433455327997,0.026,23,0.51,-0.18428208917862735
episode_000303,2,0,2,0,True,0.41873262125976074,0.07019548286684148,0.026,3,0.51,-0.16322128580691445
episode_000303,2,0,2,1,True,0.6087907917689248,0.25565219758838886,0.026,23,0.51,-0.16322128580691445
episode_000304,2,0,2,0,True,0.3741680765898529,-0.05770968105774779,0.026,2,0.51,0.131850133372295
episode_000304,2,0,2,1,True,0.5876387459385284,-0.2545643400119075,0.026,18,0.51,0.131850133372295
episode_000305,1,0,1,0,True,0.5994915691389617,0.0018902208565127223,0.026,21,0.51,-0.18428208917862735
episode_000306,1,0,1,0,True,0.616122118417878,0.014622385341718313,0.026,21,0.51,0.23362449161660007
episode_000307,1,0,1,0,True,0.4088739711518277,0.1118588759156999,0.026,4,0.51,-0.16322128580691445
episode_000308,1,0,1,0,True,0.3690642647438249,-0.0627891022247927,0.026,2,0.51,0.131850133372295
episode_000311,2,0,2,0,False,0.38058146164374984,0.08617651670810507,0.026,3,0.51,-0.16322128580691445
episode_000311,2,0,2,1,False,0.6025368731905225,0.1218450704721289,0.026,22,0.51,-0.16322128580691445
episode_000313,2,1,1,0,True,0.4168967349307032,0.2618655343341478,0.026,5,0.51,-0.18428208917862735
episode_000314,1,0,1,0,True,0.3761081422943111,-0.04964144829273596,0.026,2,0.51,0.23362449161660007
episode_000316,1,0,1,0,True,0.4391728101786381,-0.22581212008117707,0.026,0,0.51,0.131850133372295
episode_000317,2,0,2,0,True,0.5723393692643493,0.19475084584384675,0.026,16,0.51,-0.18428208917862735
episode_000317,2,0,2,1,True,0.5051966407747759,-0.0022866553913497706,0.026,8,0.51,-0.18428208917862735
episode_000319,2,0,2,0,True,0.5543805890917906,0.14691641873762257,0.026,16,0.51,-0.16322128580691445
episode_000319,2,0,2,1,True,0.4481391718670426,0.026703544766138065,0.026,9,0.51,-0.16322128580691445
episode_000320,2,0,2,0,False,0.5490360021078733,-0.17498427229682442,0.026,13,0.51,0.131850133372295
episode_000320,2,0,2,1,False,0.4950614791447822,-0.2987187368805958,0.026,6,0.51,0.131850133372295
episode_000321,2,0,2,0,True,0.5749140063318708,-0.006684527317906239,0.026,14,0.51,-0.18428208917862735
episode_000321,2,0,2,1,True,0.4763030450976983,0.12009146639758915,0.026,10,0.51,-0.18428208917862735
episode_000322,2,0,2,0,True,0.5192585232930291,0.05642128453887962,0.026,15,0.51,0.23362449161660007
episode_000322,2,0,2,1,True,0.5096573462927592,-0.1956949597175462,0.026,7,0.51,0.23362449161660007
episode_000323,2,0,2,0,True,0.5277506796127994,0.2149200490897099,0.026,17,0.51,-0.16322128580691445
episode_000323,2,0,2,1,True,0.4941949866357798,0.03254721080221828,0.026,9,0.51,-0.16322128580691445
episode_000324,1,0,1,0,True,0.4180645648042248,-0.23443809883790212,0.026,0,0.51,0.131850133372295
episode_000327,1,0,1,0,True,0.4032994966463366,0.028091669628568388,0.026,3,0.51,-0.16322128580691445
episode_000328,1,0,1,0,True,0.5173198451104385,-0.15295118140945907,0.026,13,0.51,0.131850133372295
episode_000329,2,0,2,0,False,0.598750844219194,0.10050963541055657,0.026,22,0.51,-0.18428208917862735
episode_000329,2,0,2,1,False,0.4406175968337879,-0.0028515975515951697,0.026,2,0.51,-0.18428208917862735
episode_000330,2,0,2,0,True,0.5901306472776261,-0.17353949588791134,0.026,19,0.51,0.23362449161660007
episode_000330,2,0,2,1,True,0.37102007038495916,0.051579086520928026,0.026,3,0.51,0.23362449161660007
episode_000331,1,0,1,0,True,0.5239590474890089,0.11868456863890382,0.026,16,0.51,-0.16322128580691445
episode_000332,2,0,2,0,True,0.6281402754064418,-0.13902881087363578,0.026,19,0.51,0.131850133372295
episode_000332,2,0,2,1,True,0.43037409225838874,-0.29727923548357493,0.026,0,0.51,0.131850133372295
episode_000334,2,0,2,0,True,0.5955724000789129,-0.0641970150821502,0.026,20,0.51,0.23362449161660007
episode_000334,2,0,2,1,True,0.4264316106635913,-0.24985685045556077,0.026,0,0.51,0.23362449161660007
episode_000336,2,1,1,1,True,0.42618680477975496,-0.10507604785672503,0.026,1,0.51,0.131850133372295
episode_000338,2,0,2,0,True,0.5904958990375059,-0.21701347066502175,0.026,18,0.51,0.23362449161660007
episode_000338,2,0,2,1,True,0.40652380816356304,-0.1387355624513181,0.026,1,0.51,0.23362449161660007
episode_000340,2,0,2,0,True,0.5096395597571038,-0.2257385897960658,0.026,6,0.51,0.131850133372295
episode_000340,2,0,2,1,True,0.5804574140287173,-0.07033290538787793,0.026,14,0.51,0.131850133372295
episode_000341,1,0,1,0,True,0.5804001473561147,-0.002500520199006484,0.026,14,0.51,-0.18428208917862735
episode_000342,1,0,1,0,True,0.5604869170817061,-0.21536328553825462,0.026,12,0.51,0.23362449161660007
episode_000343,2,0,2,0,True,0.4889555214952933,0.1365347217158227,0.026,10,0.51,-0.16322128580691445
episode_000343,2,0,2,1,True,0.5686091285485225,0.005996984921755508,0.026,15,0.51,-0.16322128580691445
episode_000345,2,1,1,1,True,0.5625803915765956,0.24857925488199833,0.026,17,0.51,-0.18428208917862735
episode_000352,1,0,1,0,True,0.5656575840663947,-0.21509782981193898,0.026,12,0.51,0.131850133372295
episode_000356,2,0,2,0,True,0.4443926505420863,-0.04591859972507914,0.026,8,0.51,0.131850133372295
episode_000356,2,0,2,1,True,0.5396322782672852,-0.27842448260898295,0.026,12,0.51,0.131850133372295
episode_000357,1,0,1,0,True,0.576613325422846,0.08561303943091257,0.026,15,0.51,-0.18428208917862735
episode_000358,1,0,1,0,True,0.445717121892503,-0.1573713438455915,0.026,7,0.51,0.23362449161660007
episode_000359,2,0,2,0,True,0.4888884911688207,0.09936160213187653,0.026,9,0.51,-0.16322128580691445
episode_000359,2,0,2,1,True,0.6307254779388679,0.11694437015748746,0.026,22,0.51,-0.16322128580691445
episode_000361,1,0,1,0,True,0.45126215759495303,0.18229692402785708,0.026,10,0.51,-0.18428208917862735
episode_000362,2,0,2,0,True,0.48397367699451943,-0.2812142453874571,0.026,6,0.51,0.23362449161660007
episode_000362,2,0,2,1,True,0.547213182412356,-0.12431215327202261,0.026,13,0.51,0.23362449161660007
episode_000365,2,0,2,0,True,0.4378646579853747,0.1258415277697602,0.026,4,0.51,-0.18428208917862735
episode_000365,2,0,2,1,True,0.6457591101028599,-0.011927379623690088,0.026,20,0.51,-0.18428208917862735
episode_000366,2,0,2,0,False,0.3875833294318992,-0.1541035314118675,0.026,1,0.51,0.23362449161660007
episode_000366,2,0,2,1,False,0.6067475461000992,0.011033835738034032,0.026,21,0.51,0.23362449161660007
episode_000367,1,0,1,0,True,0.47389620167745955,0.26039929249213706,0.026,11,0.51,-0.16322128580691445
episode_000368,1,0,1,0,True,0.4451808013871976,-0.23432242271254625,0.026,6,0.51,0.131850133372295
episode_000370,2,0,2,0,True,0.4278360637213687,-0.10028095478662595,0.026,1,0.51,0.23362449161660007
episode_000370,2,0,2,1,True,0.620104591493301,-0.22551419062876,0.026,18,0.51,0.23362449161660007
episode_000371,2,0,2,0,True,0.4182033624338901,0.050799284842577945,0.026,3,0.51,-0.16322128580691445
episode_000371,2,0,2,1,True,0.6237063407810816,0.1481721583850392,0.026,22,0.51,-0.16322128580691445
episode_000375,1,0,1,0,True,0.4449157399660852,0.03621550141082933,0.026,9,0.51,-0.16322128580691445
episode_000376,2,1,1,0,True,0.3904174703743892,-0.25549772347078104,0.026,0,0.51,0.131850133372295
episode_000377,2,0,2,0,True,0.3970296053101063,0.22229262678517128,0.026,5,0.51,-0.18428208917862735
episode_000377,2,0,2,1,True,0.6020531902497421,-0.003982251437272669,0.026,20,0.51,-0.18428208917862735
episode_000378,2,0,2,0,True,0.550123488049687,-0.22674318173272395,0.026,12,0.51,0.23362449161660007
episode_000378,2,0,2,1,True,0.495388052819075,-0.07402898555899973,0.026,8,0.51,0.23362449161660007
episode_000379,2,1,1,1,True,0.46776147589789796,0.006641320105938287,0.026,9,0.51,-0.16322128580691445
episode_000380,1,0,1,0,True,0.5023989580105362,-0.13292466011974685,0.026,7,0.51,0.131850133372295
episode_000381,2,0,2,0,True,0.5660531959589135,-0.0010158966096499578,0.026,14,0.51,-0.18428208917862735
episode_000381,2,0,2,1,True,0.5024539287610019,0.2697065510553416,0.026,11,0.51,-0.18428208917862735
episode_000385,2,0,2,0,True,0.5828133395692826,-0.0030015269186411675,0.026,14,0.51,-0.18428208917862735
episode_000385,2,0,2,1,True,0.47870827268081695,0.12610093736182637,0.026,10,0.51,-0.18428208917862735
episode_000388,1,0,1,0,True,0.6454796051720529,-0.18424755742705953,0.026,19,0.51,0.131850133372295
episode_000389,1,0,1,0,False,0.6366142111816612,0.18970381890516705,0.026,22,0.51,-0.18428208917862735
episode_000390,2,0,2,0,True,0.5847713868723984,0.03183995773308877,0.026,15,0.51,0.23362449161660007
episode_000390,2,0,2,1,True,0.49171843703865215,-0.12419409316241392,0.026,7,0.51,0.23362449161660007
episode_000391,1,0,1,0,True,0.6067593825964515,0.24203994988019073,0.026,23,0.51,-0.16322128580691445
episode_000392,2,1,1,1,True,0.5093398265404476,-0.18212835512779063,0.026,7,0.51,0.131850133372295
episode_000393,2,0,2,0,True,0.6453017307133417,0.13626626446408596,0.026,22,0.51,-0.18428208917862735
episode_000393,2,0,2,1,True,0.41305864379591006,-0.0023886771774136867,0.026,2,0.51,-0.18428208917862735
episode_000399,1,0,1,0,False,0.6418338698089954,0.21826409803380337,0.026,23,0.51,-0.16322128580691445
episode_000402,1,0,1,0,True,0.6348153699487881,-0.24219888132858694,0.026,18,0.51,0.23362449161660007
episode_000403,2,1,1,0,True,0.593343871496738,0.1850944204354063,0.026,22,0.51,-0.16322128580691445
episode_000404,2,0,2,0,True,0.6132588727356426,-0.10971213412383707,0.026,19,0.51,0.131850133372295
episode_000404,2,0,2,1,True,0.41637356893139493,-0.2980324341412113,0.026,0,0.51,0.131850133372295
episode_000405,1,0,1,0,True,0.5901434230360421,0.02285607590532542,0.026,21,0.51,-0.18428208917862735
episode_000407,2,0,2,0,True,0.6510869315064302,0.09453336315976846,0.026,21,0.51,-0.16322128580691445
episode_000407,2,0,2,1,True,0.424081794519466,0.19645944284891664,0.026,4,0.51,-0.16322128580691445
episode_000409,2,1,1,0,True,0.5963842518145186,0.09116234200123696,0.026,21,0.51,-0.18428208917862735
episode_000410,1,0,1,0,True,0.4344221996992996,-0.19475778886205433,0.026,1,0.51,0.23362449161660007
episode_000412,1,0,1,0,True,0.41585912200932634,-0.08875789618869867,0.026,2,0.51,0.131850133372295
episode_000413,1,0,1,0,True,0.4276622547041795,-0.008790387035005773,0.026,2,0.51,-0.18428208917862735
episode_000414,1,0,1,0,True,0.406796700007287,-0.26492324410981,0.026,0,0.51,0.23362449161660007
episode_000416,1,0,1,0,True,0.39657645396174346,-0.22517748267274135,0.026,0,0.51,0.131850133372295
episode_000417,2,0,2,0,True,0.5872339238311243,0.19995137305152597,0.026,23,0.51,-0.18428208917862735
episode_000417,2,0,2,1,True,0.42955378805779293,-0.008137537705048145,0.026,2,0.51,-0.18428208917862735
episode_000418,1,0,1,0,True,0.4122790331848269,0.00408478556351541,0.026,3,0.51,0.23362449161660007
episode_000419,1,0,1,0,True,0.5835632905154765,0.12412028000517183,0.026,16,0.51,-0.16322128580691445
episode_000420,2,0,2,0,True,0.4779113205849443,-0.22095307554004445,0.026,6,0.51,0.131850133372295
episode_000420,2,0,2,1,True,0.5333533973654357,-0.05655732465977077,0.026,14,0.51,0.131850133372295
episode_000421,2,0,2,0,True,0.4699756034329691,0.12111934396579117,0.026,10,0.51,-0.18428208917862735
episode_000421,2,0,2,1,True,0.5468481541554385,0.0012885539883584955,0.026,15,0.51,-0.18428208917862735
episode_000422,1,0,1,0,True,0.5585744791721731,-0.0408864056103012,0.026,14,0.51,0.23362449161660007
episode_000424,2,1,1,0,True,0.4536855512246704,-0.1708503392706197,0.026,7,0.51,0.131850133372295
episode_000425,1,0,1,0,True,0.5623856322583858,-0.0052932048086495875,0.026,14,0.51,-0.18428208917862735
episode_000427,1,0,1,0,True,0.5389299950703881,0.20681661417118152,0.026,17,0.51,-0.16322128580691445
episode_000429,1,0,1,0,True,0.5154551520807173,0.07945719707706969,0.026,15,0.51,-0.18428208917862735
episode_000431,2,1,1,1,True,0.6519755122804822,0.11896260811857524,0.026,22,0.51,-0.16322128580691445
episode_000433,2,0,2,0,True,0.47233371803654894,0.04110896303761003,0.026,9,0.51,-0.18428208917862735
episode_000433,2,0,2,1,True,0.5196318547788444,0.1704898359225149,0.026,16,0.51,-0.18428208917862735
episode_000434,2,0,2,0,True,0.46327367560401617,-0.2326917463831755,0.026,6,0.51,0.23362449161660007
episode_000434,2,0,2,1,True,0.5488856950924728,-0.10550558591101654,0.026,13,0.51,0.23362449161660007
episode_000436,1,0,1,0,True,0.5701887958903561,-0.121421725633802,0.026,13,0.51,0.131850133372295
episode_000437,1,0,1,0,True,0.5021711739542755,0.19730026077180393,0.026,10,0.51,-0.18428208917862735
episode_000439,2,0,2,0,True,0.4052618470790971,0.18116557719533233,0.026,4,0.51,-0.16322128580691445
episode_000439,2,0,2,1,True,0.6181070532927025,0.008029748496353788,0.026,21,0.51,-0.16322128580691445
episode_000440,2,0,2,0,True,0.39527942881855105,-0.1046631528825524,0.026,1,0.51,0.131850133372295
episode_000440,2,0,2,1,True,0.5915330173229791,-0.2207848027533783,0.026,18,0.51,0.131850133372295
episode_000441,1,0,1,0,True,0.4806415907230205,0.12817951378888168,0.026,10,0.51,-0.18428208917862735
episode_000442,1,0,1,0,True,0.4660549443514231,-0.09963839570877102,0.026,8,0.51,0.23362449161660007
episode_000443,2,0,2,0,False,0.4329910589562551,0.04071332134393775,0.026,3,0.51,-0.16322128580691445
episode_000443,2,0,2,1,False,0.5893354681220274,0.23265807951927298,0.026,23,0.51,-0.16322128580691445
episode_000444,1,0,1,0,True,0.4667849392759205,-0.25704980164872887,0.026,6,0.51,0.131850133372295
episode_000445,2,0,2,0,False,0.3763760376157155,-0.004779417436379149,0.026,2,0.51,-0.18428208917862735
episode_000445,2,0,2,1,False,0.6130406531218313,0.10231735750662985,0.026,22,0.51,-0.18428208917862735
episode_000446,1,0,1,0,True,0.4987878300495753,-0.2626219922531541,0.026,6,0.51,0.23362449161660007
episode_000447,2,0,2,0,True,0.41422416110731136,0.0857166444496238,0.026,3,0.51,-0.16322128580691445
episode_000447,2,0,2,1,True,0.6254430880583164,0.11561027876457561,0.026,22,0.51,-0.16322128580691445
episode_000449,2,0,2,0,True,0.39688799555584314,0.22188740297719592,0.026,5,0.51,-0.18428208917862735
episode_000449,2,0,2,1,True,0.6237907449232325,-0.011177973530691804,0.026,20,0.51,-0.18428208917862735
episode_000450,2,0,2,0,False,0.5757526075730484,-0.27862145258551274,0.026,12,0.51,0.23362449161660007
episode_000450,2,0,2,1,False,0.5020724014035634,-0.07773232396003868,0.026,8,0.51,0.23362449161660007
episode_000451,1,0,1,0,True,0.4455589851236039,0.05544959224196137,0.026,9,0.51,-0.20043241881058907
episode_000453,2,1,1,1,True,0.45134248066980814,-0.24409742705011836,0.026,6,0.51,0.15642461766217414
episode_000455,1,0,1,0,False,0.5973877188464429,0.18535352123932602,0.026,22,0.51,-0.20043241881058907
episode_000456,1,0,1,0,True,0.6195825576512332,-0.05488368165639782,0.026,20,0.51,0.24409679091038788
episode_000457,1,0,1,0,True,0.6600537838023929,-0.07519828390946776,0.026,20,0.51,0.15642461766217414
episode_000459,1,0,1,0,False,0.6185022694713672,0.2568123042360253,0.026,23,0.51,-0.20043241881058907
episode_000461,1,0,1,0,True,0.6001062062059196,-0.22214396610897474,0.026,18,0.51,0.15642461766217414
episode_000462,2,1,1,0,True,0.5284046432918592,-0.10691526284976524,0.026,13,0.51,0.14459381827709752
episode_000463,1,0,1,0,True,0.6053664402228882,0.09678870542943889,0.026,21,0.51,-0.20043241881058907
episode_000464,2,0,2,0,False,0.5695761846477674,-0.05617336619074939,0.026,14,0.51,0.24409679091038788
episode_000464,2,0,2,1,False,0.4896265503246554,-0.26845088767575453,0.026,6,0.51,0.24409679091038788
episode_000465,1,0,1,0,True,0.4121617159325752,-0.1960417160945976,0.026,1,0.51,0.15642461766217414
episode_000466,2,0,2,0,True,0.5408038339082627,-0.2655774662070429,0.026,12,0.51,0.14459381827709752
episode_000466,2,0,2,1,True,0.46808558990031895,-0.14158247799850793,0.026,7,0.51,0.14459381827709752
episode_000467,1,0,1,0,True,0.3929382544196778,0.17827919780434748,0.026,4,0.51,-0.20043241881058907
episode_000468,1,0,1,0,True,0.3810866606941112,-0.013716196760371419,0.026,2,0.51,0.24409679091038788
episode_000469,1,0,1,0,True,0.3855424854194635,-0.26494111163858836,0.026,0,0.51,0.15642461766217414
episode_000470,1,0,1,0,True,0.3782808906544428,-0.19854847545301157,0.026,0,0.51,0.14459381827709752
episode_000471,1,0,1,0,True,0.4169584730697301,0.057790401300203215,0.026,3,0.51,-0.20043241881058907
episode_000472,1,0,1,0,True,0.5178555833988265,-0.15980676964817203,0.026,13,0.51,0.24409679091038788
episode_000475,1,0,1,0,True,0.5714981621690757,0.12608267004742135,0.026,16,0.51,-0.20043241881058907
episode_000477,2,0,2,0,False,0.5683370616944753,-0.24760208180661702,0.026,12,0.51,0.15642461766217414
episode_000477,2,0,2,1,False,0.4547983387222517,-0.104126346064848,0.026,7,0.51,0.15642461766217414
episode_000478,1,0,1,0,True,0.528336921847157,-0.06992323999039748,0.026,14,0.51,0.14459381827709752
episode_000479,1,0,1,0,True,0.5348906572596333,0.2629649479512131,0.026,17,0.51,-0.20043241881058907
episode_000480,2,0,2,0,False,0.5939276088710399,-0.2251982016451638,0.026,18,0.51,0.24409679091038788
episode_000480,2,0,2,1,False,0.38906533913023433,-0.051490430509023834,0.026,2,0.51,0.24409679091038788
episode_000481,2,0,2,0,True,0.649662746089654,-0.1925576897521045,0.026,19,0.51,0.15642461766217414
episode_000481,2,0,2,1,True,0.40327906760385807,-0.21131114710827992,0.026,0,0.51,0.15642461766217414
episode_000483,1,0,1,0,True,0.5333968367498259,0.00571817060143625,0.026,15,0.51,-0.20043241881058907
episode_000484,1,0,1,0,True,0.5227434176673564,0.027337259215259313,0.026,15,0.51,0.24409679091038788
episode_000486,2,1,1,0,True,0.6030793279910643,-0.12008734817567326,0.026,19,0.51,0.14459381827709752
episode_000487,2,0,2,0,True,0.6387093532565136,-0.0035177582645875838,0.026,20,0.51,-0.20043241881058907
episode_000487,2,0,2,1,True,0.4383852559789242,0.10728124726280659,0.026,4,0.51,-0.20043241881058907
episode_000488,1,0,1,0,True,0.46606685495001593,-0.12137836188865937,0.026,7,0.51,0.24409679091038788
episode_000491,1,0,1,0,True,0.5044103553681104,0.1277035294537595,0.026,10,0.51,-0.20043241881058907
episode_000492,1,0,1,0,True,0.49884425847848557,-0.04932723958455667,0.026,8,0.51,0.24409679091038788
episode_000493,1,0,1,0,True,0.4719382294803489,-0.2758965079486893,0.026,6,0.51,0.15642461766217414
episode_000495,1,0,1,0,True,0.4505375807972667,0.09744273728964965,0.026,9,0.51,-0.20043241881058907
episode_000496,2,0,2,0,True,0.5893807208375279,0.01715531529821153,0.026,21,0.51,0.24409679091038788
episode_000496,2,0,2,1,True,0.4133627361100174,-0.14070614140144694,0.026,1,0.51,0.24409679091038788
episode_000498,2,0,2,0,False,0.640108662388429,-0.22319984890356004,0.026,18,0.51,0.14459381827709752
episode_000498,2,0,2,1,False,0.41212596388829,-0.1734019620499051,0.026,1,0.51,0.14459381827709752
episode_000499,2,1,1,1,True,0.561629255542704,-0.030746018515866405,0.026,14,0.51,-0.20043241881058907
episode_000500,1,0,1,0,True,0.4626953032372279,0.05869018938689985,0.026,9,0.51,0.24409679091038788
episode_000504,1,0,1,0,True,0.616743144940527,-0.14233755653656432,0.026,19,0.51,0.24409679091038788
episode_000505,2,0,2,0,True,0.49479232765823744,-0.1816667833741739,0.026,7,0.51,0.15642461766217414
episode_000505,2,0,2,1,True,0.5213873880106421,-0.30151715935136963,0.026,12,0.51,0.15642461766217414
episode_000510,2,0,2,0,True,0.5139743918413592,-0.19300301587364327,0.026,7,0.51,0.14459381827709752
episode_000510,2,0,2,1,True,0.6415696270977572,-0.210049405615154,0.026,18,0.51,0.14459381827709752
episode_000515,2,0,2,0,True,0.4879538202564657,-0.023646177201019136,0.026,8,0.51,-0.20043241881058907
episode_000515,2,0,2,1,True,0.5826028650958636,0.10393053340071164,0.026,16,0.51,-0.20043241881058907
episode_000516,2,0,2,0,True,0.45561469019514483,0.02744971668592321,0.026,9,0.51,0.24409679091038788
episode_000516,2,0,2,1,True,0.5771246247805986,-0.18317656493384712,0.026,13,0.51,0.24409679091038788
episode_000518,2,0,2,0,True,0.4496116860399937,-0.2906014744752813,0.026,6,0.51,0.14459381827709752
episode_000518,2,0,2,1,True,0.5781768950105868,-0.10512308132066063,0.026,13,0.51,0.14459381827709752
episode_000519,2,0,2,0,True,0.38670237398713375,0.18853389841094248,0.026,4,0.51,-0.20043241881058907
episode_000519,2,0,2,1,True,0.5972980451438843,-0.020463595636166745,0.026,20,0.51,-0.20043241881058907
episode_000520,2,1,1,1,True,0.5879396459673233,0.02956311257845995,0.026,21,0.51,0.24409679091038788
episode_000521,1,0,1,0,True,0.6240517843851854,-0.09403800674538934,0.026,20,0.51,0.15642461766217414
episode_000522,1,0,1,0,True,0.6122425618015518,-0.035121099919497634,0.026,20,0.51,0.14459381827709752
episode_000524,2,0,2,0,True,0.42298597276617295,-0.14655224243608023,0.026,1,0.51,0.24409679091038788
episode_000524,2,0,2,1,True,0.5917659236897131,-0.2102558124503839,0.026,18,0.51,0.24409679091038788
episode_000525,2,0,2,0,True,0.4254115760329088,-0.035969675606561266,0.026,2,0.51,0.15642461766217414
episode_000525,2,0,2,1,True,0.6345394086167613,-0.19951651653456354,0.026,18,0.51,0.15642461766217414
episode_000527,2,0,2,0,True,0.3830925723420858,0.08923286341910547,0.026,3,0.51,-0.20043241881058907
episode_000527,2,0,2,1,True,0.642402802857777,0.09969418698362843,0.026,22,0.51,-0.20043241881058907
episode_000528,2,0,2,0,False,0.39969312438927096,-0.2636748049107086,0.026,0,0.51,0.24409679091038788
episode_000528,2,0,2,1,False,0.621048066064317,-0.13967500607987898,0.026,19,0.51,0.24409679091038788
episode_000529,1,0,1,0,True,0.5900417351228427,-0.21021398377469008,0.026,18,0.51,0.15642461766217414
episode_000530,1,0,1,0,True,0.5986558490855083,-0.2737214559236143,0.026,18,0.51,0.14459381827709752
episode_000532,2,0,2,0,True,0.5585406698145495,-0.25814256624593057,0.026,12,0.51,0.24409679091038788
episode_000532,2,0,2,1,True,0.4796376459261881,-0.0500359844586701,0.026,8,0.51,0.24409679091038788
episode_000533,1,0,1,0,True,0.6590306843406717,-0.13369155264548566,0.026,19,0.51,0.15642461766217414
episode_000534,1,0,1,0,True,0.39746554893325964,-0.12052731779399316,0.026,1,0.51,0.14459381827709752
episode_000536,1,0,1,0,True,0.3825829064934353,-0.04550028290100937,0.026,2,0.51,0.24409679091038788
episode_000537,1,0,1,0,True,0.3895276158491245,-0.015827341218355703,0.026,2,0.51,0.15642461766217414
episode_000538,2,1,1,0,False,0.5540943589705961,-0.14394930878583068,0.026,13,0.51,0.14459381827709752
episode_000540,2,0,2,0,True,0.5594054878998492,-0.18450065476828847,0.026,13,0.51,0.24409679091038788
episode_000540,2,0,2,1,True,0.41376757897779465,-0.2907152349484014,0.026,0,0.51,0.24409679091038788
episode_000541,2,0,2,0,True,0.5271396450294795,-0.0944311969746468,0.026,14,0.51,0.15642461766217414
episode_000541,2,0,2,1,True,0.46724211182238257,-0.2441394555128374,0.026,6,0.51,0.15642461766217414
episode_000545,2,1,1,1,True,0.47125510107674345,-0.10079567197496778,0.026,7,0.51,0.15642461766217414
episode_000546,1,0,1,0,True,0.4408526395193727,-0.2667949751302499,0.026,0,0.51,0.14459381827709752
episode_000547,1,0,1,0,True,0.37823679401923077,0.08590841686927354,0.026,3,0.51,-0.20043241881058907
episode_000548,2,1,1,0,True,0.5709698052170488,-0.2505286004109424,0.026,12,0.51,0.24409679091038788
episode_000549,1,0,1,0,True,0.41834208510536697,-0.15494782033626914,0.026,1,0.51,0.15642461766217414
episode_000550,2,0,2,0,True,0.6147491823072266,-0.23474667201300742,0.026,18,0.51,0.14459381827709752
episode_000550,2,0,2,1,True,0.3751033459528108,-0.07138070613150291,0.026,2,0.51,0.14459381827709752
episode_000551,1,0,1,0,True,0.5177816532133486,0.19668252043252538,0.026,16,0.51,-0.20043241881058907
episode_000552,2,0,2,0,True,0.6543167322158752,-0.15324917828964513,0.026,19,0.51,0.24409679091038788
episode_000552,2,0,2,1,True,0.43141229062643954,0.0018384051677149398,0.026,3,0.51,0.24409679091038788
episode_000553,2,1,1,0,True,0.6097633327949813,-0.15994562272737806,0.026,19,0.51,0.15642461766217414
episode_000555,2,0,2,0,True,0.6216757440047146,-0.003400947954215597,0.026,20,0.51,-0.20043241881058907
episode_000555,2,0,2,1,True,0.3915118945401,0.11525104837420128,0.026,4,0.51,-0.20043241881058907
episode_000556,1,0,1,0,True,0.5768607603491963,-0.01679305181849762,0.026,14,0.51,0.24409679091038788
episode_000557,1,0,1,0,True,0.5353733420134201,-0.02304570329368341,0.026,14,0.51,0.15642461766217414
episode_000558,2,0,2,0,True,0.6258349114820815,-0.20462897203794836,0.026,18,0.51,0.14459381827709752
episode_000558,2,0,2,1,True,0.38063485732239677,-0.11425035028919935,0.026,1,0.51,0.14459381827709752
episode_000560,1,0,1,0,True,0.542843675913129,-0.21875107936300975,0.026,12,0.51,0.24409679091038788
episode_000561,1,0,1,0,True,0.5535781842860629,-0.2683189438687138,0.026,12,0.51,0.15642461766217414
episode_000562,2,0,2,0,True,0.6234453221925904,-0.1989328433443757,0.026,18,0.51,0.14459381827709752
episode_000562,2,0,2,1,True,0.39676128281434914,-0.1489030032990843,0.026,1,0.51,0.14459381827709752
episode_000563,1,0,1,0,True,0.5821630477871347,0.07008283362811088,0.026,15,0.51,-0.20043241881058907
episode_000564,1,0,1,0,True,0.465294982376158,-0.14624133556553473,0.026,7,0.51,0.24409679091038788
episode_000565,2,0,2,0,True,0.5078800509946788,-0.24633988212491517,0.026,6,0.51,0.15642461766217414
episode_000565,2,0,2,1,True,0.5402253779453268,-0.06170994044209137,0.026,14,0.51,0.15642461766217414
episode_000567,2,0,2,0,True,0.45423803173380006,0.11466084791789767,0.026,10,0.51,-0.20043241881058907
episode_000567,2,0,2,1,True,0.5829431394312413,0.044227593067755214,0.026,15,0.51,-0.20043241881058907
episode_000568,1,0,1,0,True,0.448174957818107,-0.08095123918041645,0.026,8,0.51,0.24409679091038788
episode_000571,2,0,2,0,True,0.48352471578899947,-0.006125033902885796,0.026,8,0.51,-0.20043241881058907
episode_000571,2,0,2,1,True,0.5557728469004383,0.2983257553747804,0.026,17,0.51,-0.20043241881058907
episode_000572,1,0,1,0,True,0.45358295232546963,-0.04568808120030303,0.026,8,0.51,0.24409679091038788
episode_000573,2,1,1,1,True,0.5228157251153234,-0.24471292024150548,0.026,12,0.51,0.15642461766217414
episode_000574,2,1,1,0,True,0.4686554461232571,-0.20425817888810557,0.026,6,0.51,0.14459381827709752
episode_000575,1,0,1,0,True,0.4532660124619196,0.24738052624836732,0.026,11,0.51,-0.20043241881058907
episode_000576,2,1,1,1,True,0.6482108327993064,-0.18267673722186553,0.026,19,0.51,0.24409679091038788
episode_000577,2,0,2,0,True,0.3795191892658608,-0.2329952457898538,0.026,0,0.51,0.15642461766217414
episode_000577,2,0,2,1,True,0.6306394301852508,-0.0725832899948037,0.026,20,0.51,0.15642461766217414
episode_000578,1,0,1,0,True,0.48119630997555857,-0.2786543016709391,0.026,6,0.51,0.14459381827709752
episode_000579,1,0,1,0,True,0.4847354165084388,0.09053609809851,0.026,9,0.51,-0.20043241881058907
episode_000582,2,0,2,0,True,0.4289204367708166,-0.14982067902280966,0.026,1,0.51,0.14459381827709752
episode_000582,2,0,2,1,True,0.6227140838011156,-0.2096416297136099,0.026,18,0.51,0.14459381827709752
episode_000584,1,0,1,0,True,0.6606602352271705,-0.15150798450917746,0.026,19,0.51,0.24409679091038788
episode_000585,1,0,1,0,True,0.6007336730290422,-0.07535877632931066,0.026,20,0.51,0.15642461766217414
episode_000586,1,0,1,0,True,0.6241576144899464,-0.0646544238599521,0.026,20,0.51,0.14459381827709752
episode_000587,2,1,1,1,True,0.6055024824063299,0.23209332198657856,0.026,23,0.51,-0.20043241881058907
episode_000588,1,0,1,0,True,0.6318428183142765,-0.24035595573236146,0.026,18,0.51,0.24409679091038788
episode_000589,1,0,1,0,True,0.6007249375331346,-0.2872861506424216,0.026,18,0.51,0.15642461766217414
episode_000591,2,0,2,0,True,0.39817997514640635,-0.016546826263254377,0.026,2,0.51,-0.20043241881058907
episode_000591,2,0,2,1,True,0.6536118731759767,0.17435328747022436,0.026,22,0.51,-0.20043241881058907
episode_000592,1,0,1,0,True,0.6272822735448039,0.013292160777047004,0.026,21,0.51,0.24409679091038788
episode_000594,1,0,1,0,True,0.41544654472627,-0.11657932383420762,0.026,1,0.51,0.14459381827709752
episode_000595,2,1,1,1,True,0.6164059947936963,0.15278932651908156,0.026,22,0.51,-0.20043241881058907
episode_000598,2,0,2,0,True,0.4041708396992926,-0.21757418097161685,0.026,0,0.51,0.14459381827709752
episode_000598,2,0,2,1,True,0.6089939792596766,-0.1156132753073862,0.026,19,0.51,0.14459381827709752
episode_000600,1,0,1,0,True,0.42526476425798365,-0.094565734383233,0.026,2,0.51,0.24409679091038788
episode_000601,2,0,2,0,True,0.5216760266337882,-0.26321986410150494,0.026,12,0.51,0.16646424062890236
episode_000601,2,0,2,1,True,0.48129874177235776,-0.04036512485779117,0.026,8,0.51,0.16646424062890236
episode_000602,1,0,1,0,True,0.37479614711957415,-0.037155125270121506,0.026,2,0.51,-0.23138396521796142
episode_000604,1,0,1,0,True,0.3880996135860361,0.231303181590717,0.026,5,0.51,-0.19802663536787454
episode_000606,2,0,2,0,True,0.5482084309682708,0.17463656228917213,0.026,16,0.51,-0.23138396521796142
episode_000606,2,0,2,1,True,0.5040630888954544,0.035349440410986706,0.026,9,0.51,-0.23138396521796142
episode_000607,1,0,1,0,True,0.4130371707151202,-0.22360214555712768,0.026,0,0.51,0.17327835567955346
episode_000610,1,0,1,0,True,0.39737562613105143,0.08008537322655203,0.026,3,0.51,-0.23138396521796142
episode_000611,2,0,2,0,True,0.5447744801878552,-0.192408775267215,0.026,13,0.51,0.17327835567955346
episode_000611,2,0,2,1,True,0.41429234333348003,-0.2593448404553315,0.026,0,0.51,0.17327835567955346
episode_000612,1,0,1,0,True,0.5666607028923532,0.14224305067333365,0.026,16,0.51,-0.19802663536787454
episode_000613,2,0,2,0,True,0.5468407177361932,-0.005284981203251687,0.026,14,0.51,0.16646424062890236
episode_000613,2,0,2,1,True,0.45538310430057627,-0.2903928332256459,0.026,6,0.51,0.16646424062890236
episode_000615,2,0,2,0,True,0.5790380194054129,-0.2735161895092169,0.026,12,0.51,0.17327835567955346
episode_000615,2,0,2,1,True,0.4452476284702547,-0.18081868108642815,0.026,7,0.51,0.17327835567955346
episode_000616,1,0,1,0,True,0.5160153427659353,0.16595560976571302,0.026,16,0.51,-0.19802663536787454
episode_000617,2,0,2,0,True,0.5622204162992848,-0.2521521055222095,0.026,12,0.51,0.16646424062890236
episode_000617,2,0,2,1,True,0.4591238849807779,-0.12035659567293197,0.026,7,0.51,0.16646424062890236
episode_000618,1,0,1,0,True,0.5839867796333785,-0.06193460118977357,0.026,14,0.51,-0.23138396521796142
episode_000619,1,0,1,0,True,0.5439276264103688,-0.22599342756066382,0.026,12,0.51,0.17327835567955346
episode_000620,1,0,1,0,True,0.5626246769864398,0.05257192560209,0.026,15,0.51,-0.19802663536787454
episode_000621,1,0,1,0,True,0.5355489776477694,-0.1501959548995331,0.026,13,0.51,0.16646424062890236
episode_000625,1,0,1,0,True,0.501038247687408,-0.10689818727814485,0.026,7,0.51,0.16646424062890236
episode_000626,1,0,1,0,True,0.5118006227025158,0.12142139548426499,0.026,10,0.51,-0.23138396521796142
episode_000627,1,0,1,0,True,0.4897122480464939,-0.09114496496660773,0.026,8,0.51,0.17327835567955346
episode_000628,2,0,2,0,True,0.662933821320135,0.14312932387294086,0.026,22,0.51,-0.19802663536787454
episode_000628,2,0,2,1,True,0.42466748397963827,-0.015517857259057646,0.026,2,0.51,-0.19802663536787454
episode_000630,2,1,1,1,True,0.419377043420527,0.058701811490850096,0.026,3,0.51,-0.23138396521796142
episode_000631,2,0,2,0,True,0.6291963208912286,-0.12339657399125337,0.026,19,0.51,0.17327835567955346
episode_000631,2,0,2,1,True,0.4239788554507285,-0.27927928584953476,0.026,0,0.51,0.17327835567955346
episode_000632,2,0,2,0,True,0.619527745772531,-0.014634608613037309,0.026,20,0.51,-0.19802663536787454
episode_000632,2,0,2,1,True,0.40408765609395214,0.11561262315982829,0.026,4,0.51,-0.19802663536787454
episode_000634,2,1,1,0,True,0.6369818210626988,0.09893028037211077,0.026,21,0.51,-0.23138396521796142
episode_000635,1,0,1,0,True,0.448616247247536,-0.27891687091295014,0.026,6,0.51,0.17327835567955346
episode_000636,1,0,1,0,True,0.5076014557336754,0.04468638258275303,0.026,9,0.51,-0.19802663536787454
episode_000637,1,0,1,0,True,0.44863304543848614,-0.16137601746639868,0.026,7,0.51,0.16646424062890236
episode_000638,1,0,1,0,False,0.6442350403889571,0.15240215847251704,0.026,22,0.51,-0.23138396521796142
episode_000640,2,1,1,0,True,0.6044277981488989,0.2417542548488757,0.026,23,0.51,-0.19802663536787454
episode_000641,2,1,1,0,True,0.5141648194523186,-0.2678727551872109,0.026,6,0.51,0.16646424062890236
episode_000642,2,0,2,0,True,0.463122658222969,0.12967844098910672,0.026,10,0.51,-0.23138396521796142
episode_000642,2,0,2,1,True,0.5709274542291544,0.0003090440884984526,0.026,15,0.51,-0.23138396521796142
episode_000646,2,0,2,0,True,0.48705618310646565,-0.03280274196761242,0.026,8,0.51,-0.23138396521796142
episode_000646,2,0,2,1,True,0.5428951310145459,0.219434546877553,0.026,17,0.51,-0.23138396521796142
episode_000648,1,0,1,0,False,0.6182008180965584,0.16538147196645664,0.026,22,0.51,-0.19802663536787454
episode_000649,1,0,1,0,True,0.6128769643280415,-0.05804081386294981,0.026,20,0.51,0.16646424062890236
episode_000651,2,0,2,0,True,0.4504593639669563,-0.04865776897779125,0.026,8,0.51,0.17327835567955346
episode_000651,2,0,2,1,True,0.544034387467096,-0.21630435203241907,0.026,12,0.51,0.17327835567955346
episode_000652,1,0,1,0,True,0.6404618444755182,0.22500828259345254,0.026,23,0.51,-0.19802663536787454
episode_000653,1,0,1,0,True,0.6053612553415757,-0.2593098836210883,0.026,18,0.51,0.16646424062890236
episode_000654,2,0,2,0,True,0.465783322547314,0.029725129989905265,0.026,9,0.51,-0.23138396521796142
episode_000654,2,0,2,1,True,0.5389523725652576,0.16646983615157324,0.026,16,0.51,-0.23138396521796142
episode_000655,2,1,1,0,True,0.502056623650984,-0.21723415855662084,0.026,6,0.51,0.17327835567955346
episode_000660,2,0,2,0,True,0.4019968829331951,0.14190996007168458,0.026,4,0.51,-0.19802663536787454
episode_000660,2,0,2,1,True,0.6046065197680136,-0.025800310751996708,0.026,20,0.51,-0.19802663536787454
episode_000661,1,0,1,0,True,0.6312260267512607,-0.17121461476232977,0.026,19,0.51,0.16646424062890236
episode_000662,2,0,2,0,False,0.377995825363133,0.18330091728397208,0.026,4,0.51,-0.23138396521796142
episode_000662,2,0,2,1,False,0.654058212319952,0.06407213441340805,0.026,21,0.51,-0.23138396521796142
episode_000663,1,0,1,0,True,0.40254309733604116,-0.12219785189249568,0.026,1,0.51,0.17327835567955346
episode_000665,1,0,1,0,True,0.44134062658796824,-0.09471227572231944,0.026,2,0.51,0.16646424062890236
episode_000666,2,0,2,0,True,0.40748033190574995,-0.020243096923371298,0.026,2,0.51,-0.23138396521796142
episode_000666,2,0,2,1,True,0.625921031271645,0.21834990264559762,0.026,23,0.51,-0.23138396521796142
episode_000667,1,0,1,0,True,0.4150612332550312,-0.06757148311139186,0.026,2,0.51,0.17327835567955346
episode_000668,1,0,1,0,True,0.4297576471975819,0.23009601708854158,0.026,5,0.51,-0.19802663536787454
episode_000669,1,0,1,0,True,0.40696282240201137,-0.2940049809369237,0.026,0,0.51,0.16646424062890236
episode_000670,2,0,2,0,True,0.3861200685478497,-0.01054634098251335,0.026,2,0.51,-0.23138396521796142
episode_000670,2,0,2,1,True,0.6517954847935153,0.13283108476662533,0.026,22,0.51,-0.23138396521796142
episode_000672,2,0,2,0,True,0.37936074623176425,0.0013487072869224745,0.026,3,0.51,-0.19802663536787454
episode_000672,2,0,2,1,True,0.6440135287265701,0.1527208032896109,0.026,22,0.51,-0.19802663536787454
episode_000673,1,0,1,0,True,0.42344670188951283,-0.14091195347749563,0.026,1,0.51,0.16646424062890236
episode_000674,2,1,1,1,True,0.637086060548957,-0.016238405434511785,0.026,20,0.51,-0.23138396521796142
episode_000676,2,0,2,0,True,0.5502886074341714,0.1313077795131707,0.026,16,0.51,-0.19802663536787454
episode_000676,2,0,2,1,True,0.46993240878000875,-0.02895501651331643,0.026,8,0.51,-0.19802663536787454
episode_000678,1,0,1,0,True,0.5860239426375276,0.12940295097370816,0.026,16,0.51,-0.23138396521796142
episode_000680,2,0,2,0,True,0.5534091063220018,0.1406247329159297,0.026,16,0.51,-0.19802663536787454
episode_000680,2,0,2,1,True,0.503223110569294,0.013574595540491688,0.026,9,0.51,-0.19802663536787454
episode_000681,1,0,1,0,True,0.5559781538875023,-0.098823265130398,0.026,14,0.51,0.16646424062890236
episode_000685,1,0,1,0,True,0.535862891361861,-0.025491217023410617,0.026,14,0.51,0.16646424062890236
episode_000686,2,0,2,0,True,0.5861083169409201,-0.036769679550022236,0.026,14,0.51,-0.23138396521796142
episode_000686,2,0,2,1,True,0.5068475213709768,0.22145193007817313,0.026,11,0.51,-0.23138396521796142
episode_000687,1,0,1,0,True,0.5514930545884559,-0.22374577474865226,0.026,12,0.51,0.17327835567955346
episode_000689,1,0,1,0,True,0.5476516501495562,-0.28320753164731277,0.026,12,0.51,0.16646424062890236
episode_000690,1,0,1,0,True,0.5822588692062819,0.05605415484736864,0.026,15,0.51,-0.23138396521796142
episode_000691,2,1,1,0,True,0.5290285625709292,-0.05704113462295343,0.026,14,0.51,0.17327835567955346
episode_000692,2,0,2,0,True,0.564897641314698,0.04039122471483108,0.026,15,0.51,-0.19802663536787454
episode_000692,2,0,2,1,True,0.4907985876002847,0.1737216925559483,0.026,10,0.51,-0.19802663536787454
episode_000695,2,1,1,0,True,0.5426570918506933,-0.2211429101363139,0.026,12,0.51,0.17327835567955346
episode_000696,1,0,1,0,True,0.4981743562318247,0.18119797527677795,0.026,10,0.51,-0.19802663536787454
episode_000698,2,0,2,0,True,0.6534393741340578,0.1262679416381222,0.026,22,0.51,-0.23138396521796142
episode_000698,2,0,2,1,True,0.396968244168126,-0.037254574767895135,0.026,2,0.51,-0.23138396521796142
episode_000699,2,0,2,0,True,0.6402988433776884,-0.12618479937719884,0.026,19,0.51,0.17327835567955346
episode_000699,2,0,2,1,True,0.4025468221171482,0.002152293684919578,0.026,3,0.51,0.17327835567955346
episode_000700,1,0,1,0,True,0.4796997399479914,0.15986591220867075,0.026,10,0.51,-0.19802663536787454
episode_000702,1,0,1,0,True,0.4818185630434288,-0.011986372288218,0.026,8,0.51,-0.23138396521796142
episode_000703,2,1,1,1,True,0.3949909346210526,-0.24662129977151648,0.026,0,0.51,0.17327835567955346
episode_000704,2,0,2,0,True,0.6540454092366433,-0.020031677635604414,0.026,20,0.51,-0.19802663536787454
episode_000704,2,0,2,1,True,0.3775668227945258,0.15179121928138595,0.026,4,0.51,-0.19802663536787454
episode_000705,2,1,1,1,True,0.3770674695432199,-0.19732933880096254,0.026,1,0.51,0.16646424062890236
episode_000707,2,1,1,1,True,0.4309742887883495,-0.1784340068116137,0.026,1,0.51,0.17327835567955346
episode_000709,2,1,1,0,True,0.46368816505424937,-0.2573684644225587,0.026,6,0.51,0.16646424062890236
episode_000710,2,0,2,0,True,0.4923862610155239,0.10908128734294091,0.026,10,0.51,-0.23138396521796142
episode_000710,2,0,2,1,True,0.6331181527802843,0.060948067680933735,0.026,21,0.51,-0.23138396521796142
episode_000711,2,0,2,0,True,0.48736335801999314,-0.18527738798241633,0.026,7,0.51,0.17327835567955346
episode_000711,2,0,2,1,True,0.6281432960012071,-0.25161181900749896,0.026,18,0.51,0.17327835567955346
episode_000712,2,0,2,0,True,0.44309097938647063,-0.028442551326895896,0.026,8,0.51,-0.19802663536787454
episode_000712,2,0,2,1,True,0.5435366232065227,0.11286172959402836,0.026,16,0.51,-0.19802663536787454
episode_000714,2,0,2,0,True,0.49191611942336033,0.06915834035484444,0.026,9,0.51,-0.23138396521796142
episode_000714,2,0,2,1,True,0.5777735218466193,0.19702995657411665,0.026,16,0.51,-0.23138396521796142
episode_000715,1,0,1,0,True,0.48919944567655865,-0.20527242128520656,0.026,6,0.51,0.17327835567955346
episode_000716,2,0,2,0,True,0.45562380862703383,0.23473900896252148,0.026,11,0.51,-0.19802663536787454
episode_000716,2,0,2,1,True,0.5308049234821349,-0.013538293760792311,0.026,14,0.51,-0.19802663536787454
episode_000718,1,0,1,0,True,0.49173408504740845,0.016807762645114806,0.026,9,0.51,-0.23138396521796142
episode_000719,1,0,1,0,True,0.5461142754791317,0.0005259573042345906,0.026,15,0.51,0.17327835567955346
episode_000722,2,0,2,0,True,0.43611631059163586,0.1021181728286845,0.026,4,0.51,-0.23138396521796142
episode_000722,2,0,2,1,True,0.6575635884369863,-0.05242499040668221,0.026,20,0.51,-0.23138396521796142
episode_000723,2,0,2,0,True,0.369452146190145,-0.10539697446442707,0.026,1,0.51,0.17327835567955346
episode_000723,2,0,2,1,True,0.6131962201620293,-0.2823149461119434,0.026,18,0.51,0.17327835567955346
episode_000724,1,0,1,0,True,0.6291266232681824,0.12891684631425268,0.026,22,0.51,-0.19802663536787454
episode_000725,1,0,1,0,True,0.6332211261668665,-0.07544358531489684,0.026,20,0.51,0.16646424062890236
episode_000726,2,0,2,0,True,0.38333048098834116,-0.015517368760294803,0.026,2,0.51,-0.23138396521796142
episode_000726,2,0,2,1,True,0.6132875885429929,0.28869634894029506,0.026,23,0.51,-0.23138396521796142
episode_000727,1,0,1,0,True,0.646946389386663,-0.0716623108742433,0.026,20,0.51,0.17327835567955346
episode_000730,2,0,2,0,False,0.39605427678854516,-0.02736467190926238,0.026,2,0.51,-0.23138396521796142
episode_000730,2,0,2,1,False,0.5964484030028843,0.19516175144993986,0.026,22,0.51,-0.23138396521796142
episode_000731,2,0,2,0,True,0.4260861892181288,-0.2031173563982624,0.026,0,0.51,0.17327835567955346
episode_000731,2,0,2,1,True,0.645723911088222,-0.15623741193411106,0.026,19,0.51,0.17327835567955346
episode_000732,2,1,1,1,True,0.5937272529272104,-0.005390896473723858,0.026,20,0.51,-0.19802663536787454
episode_000733,1,0,1,0,True,0.6095168265818646,-0.24536987871147958,0.026,18,0.51,0.16646424062890236
episode_000734,1,0,1,0,True,0.6414693505153575,0.06946184197128777,0.026,21,0.51,-0.23138396521796142
episode_000735,1,0,1,0,True,0.6025685512781911,0.0019339955006656777,0.026,21,0.51,0.17327835567955346
episode_000736,2,0,2,0,True,0.5634444369639832,0.17175642011470205,0.026,16,0.51,-0.19802663536787454
episode_000736,2,0,2,1,True,0.44922864930890544,-0.012879887724125683,0.026,8,0.51,-0.19802663536787454
episode_000737,2,0,2,0,True,0.5223465138498861,-0.16783777164847874,0.026,13,0.51,0.16646424062890236
episode_000737,2,0,2,1,True,0.4569598076892405,-0.3006170728292142,0.026,6,0.51,0.16646424062890236
episode_000742,2,0,2,0,True,0.5505903900164001,-0.056665482899062085,0.026,14,0.51,-0.23138396521796142
episode_000742,2,0,2,1,True,0.48306976036425775,0.23767415147599186,0.026,11,0.51,-0.23138396521796142
episode_000743,2,1,1,0,True,0.5838632795849906,-0.04257931537729801,0.026,14,0.51,0.17327835567955346
episode_000746,2,1,1,0,True,0.5355487694850789,0.06596456793101657,0.026,15,0.51,-0.23138396521796142
episode_000747,1,0,1,0,True,0.3917318391874704,-0.19699650984577435,0.026,1,0.51,0.17327835567955346
episode_000748,2,0,2,0,True,0.5282359569829167,0.2556841875522115,0.026,17,0.51,-0.19802663536787454
episode_000748,2,0,2,1,True,0.5031545745263695,-0.00012684315311516092,0.026,8,0.51,-0.19802663536787454
episode_000750,1,0,1,0,True,0.43194751006984194,0.13658026310111787,0.026,4,0.51,-0.23138396521796142
episode_000751,2,0,2,0,True,0.6325628531346423,0.1277641916905204,0.026,22,0.51,-0.2455270450998372
episode_000751,2,0,2,1,True,0.38482602713050357,-0.041524755208438104,0.026,2,0.51,-0.2455270450998372
episode_000752,1,0,1,0,True,0.4324244277083871,-0.00412208277576763,0.026,2,0.51,-0.1775204619674452
episode_000754,1,0,1,0,False,0.40028795806129314,0.2666621040597337,0.026,5,0.51,-0.24165228313839224
episode_000755,2,0,2,0,True,0.592723807264837,0.13516496919767015,0.026,22,0.51,-0.2455270450998372
episode_000755,2,0,2,1,True,0.4273864413821593,0.05948284564335492,0.026,3,0.51,-0.2455270450998372
episode_000756,2,0,2,0,True,0.654032644836366,-0.007599105824793298,0.026,20,0.51,-0.1775204619674452
episode_000756,2,0,2,1,True,0.41576633960064163,0.21636707038316388,0.026,5,0.51,-0.1775204619674452
episode_000757,2,0,2,0,True,0.6353524877179946,-0.029398550058445577,0.026,20,0.51,0.22235008797807299
episode_000757,2,0,2,1,True,0.4198056686439454,-0.2529518796060478,0.026,0,0.51,0.22235008797807299
episode_000758,1,0,1,0,True,0.39881265080592676,0.0017937720722224573,0.026,3,0.51,-0.24165228313839224
episode_000759,1,0,1,0,True,0.43077873218894835,0.02574753152789904,0.026,3,0.51,-0.2455270450998372
episode_000760,1,0,1,0,True,0.5264083568246601,0.1109008594981746,0.026,16,0.51,-0.1775204619674452
episode_000762,2,0,2,0,True,0.6110793017352589,0.06911147888859287,0.026,21,0.51,-0.24165228313839224
episode_000762,2,0,2,1,True,0.41995896696470125,0.1125365099486979,0.026,4,0.51,-0.24165228313839224
episode_000763,2,0,2,0,True,0.6143938631763832,0.25997522155575187,0.026,23,0.51,-0.2455270450998372
episode_000763,2,0,2,1,True,0.425664197534225,-0.023615447197622277,0.026,2,0.51,-0.2455270450998372
episode_000764,2,0,2,0,True,0.49395388287180153,0.12152014048728137,0.026,10,0.51,-0.1775204619674452
episode_000764,2,0,2,1,True,0.5822447715444393,-0.003987854304999469,0.026,14,0.51,-0.1775204619674452
episode_000765,2,0,2,0,True,0.4959414302533402,-0.11019806083485559,0.026,7,0.51,0.22235008797807299
episode_000765,2,0,2,1,True,0.5683796509336059,0.017357880096298312,0.026,15,0.51,0.22235008797807299
episode_000767,1,0,1,0,True,0.5828313784473365,0.19157587803037343,0.026,16,0.51,-0.2455270450998372
episode_000769,2,0,2,0,False,0.48297093233425237,-0.11832092651912701,0.026,7,0.51,0.22235008797807299
episode_000769,2,0,2,1,False,0.5299679451403367,-0.28353247566612316,0.026,12,0.51,0.22235008797807299
episode_000770,2,0,2,0,True,0.4853808686489751,-0.03951177390602418,0.026,8,0.51,-0.24165228313839224
episode_000770,2,0,2,1,True,0.5696832716959156,0.10538075599663838,0.026,16,0.51,-0.24165228313839224
episode_000771,1,0,1,0,True,0.563849741379183,-0.044898368915825056,0.026,14,0.51,-0.2455270450998372
episode_000772,2,0,2,0,True,0.4914317073737928,0.07895457454025483,0.026,9,0.51,-0.1775204619674452
episode_000772,2,0,2,1,True,0.639118675322901,0.1330678150852881,0.026,22,0.51,-0.1775204619674452
episode_000773,1,0,1,0,True,0.5437871975489048,-0.21689173332723877,0.026,12,0.51,0.22235008797807299
episode_000777,2,1,1,1,True,0.5264891599692239,-0.12548635951380321,0.026,13,0.51,0.22235008797807299
episode_000778,2,0,2,0,True,0.3905698391531319,0.1874672533797913,0.026,4,0.51,-0.24165228313839224
episode_000778,2,0,2,1,True,0.6281418851457051,-0.03572458080081915,0.026,20,0.51,-0.24165228313839224
episode_000779,2,0,2,0,True,0.3989200132507015,0.12990583998609753,0.026,4,0.51,-0.2455270450998372
episode_000779,2,0,2,1,True,0.6514410842225884,0.020988061413802578,0.026,21,0.51,-0.2455270450998372
episode_000784,2,0,2,0,False,0.4365869295328144,-0.0028710798051181513,0.026,2,0.51,-0.1775204619674452
episode_000784,2,0,2,1,False,0.5973452798827448,0.278422965272011,0.026,23,0.51,-0.1775204619674452
episode_000785,1,0,1,0,True,0.5718463175182664,-0.21662569348026672,0.026,12,0.51,0.22235008797807299
episode_000786,1,0,1,0,True,0.5153466381015982,0.04885750284662974,0.026,15,0.51,-0.24165228313839224
episode_000787,1,0,1,0,True,0.45759828336703295,0.173442104594529,0.026,10,0.51,-0.2455270450998372
episode_000790,2,1,1,1,False,0.639962199917542,0.17751596904169845,0.026,22,0.51,-0.24165228313839224
episode_000793,1,0,1,0,True,0.5042778200588446,-0.03882578380846636,0.026,8,0.51,0.22235008797807299
episode_000794,1,0,1,0,True,0.4432974999301946,-0.02194560383482269,0.026,8,0.51,-0.24165228313839224
episode_000795,1,0,1,0,True,0.5102338090822163,0.25265670349852504,0.026,11,0.51,-0.2455270450998372
episode_000796,1,0,1,0,True,0.46544725920676,0.07020550113904102,0.026,9,0.51,-0.1775204619674452
episode_000797,2,0,2,0,True,0.3709662022389422,0.0003364109857609725,0.026,3,0.51,0.22235008797807299
episode_000797,2,0,2,1,True,0.6282958663570832,-0.1338953562622489,0.026,19,0.51,0.22235008797807299
episode_000798,1,0,1,0,True,0.45484218982200103,0.07288036850555571,0.026,9,0.51,-0.24165228313839224
episode_000799,2,0,2,0,True,0.39339235021716634,0.21204379517155764,0.026,5,0.51,-0.2455270450998372
episode_000799,2,0,2,1,True,0.6364164314354894,-0.02483809434739906,0.026,20,0.51,-0.2455270450998372
episode_000800,2,0,2,0,True,0.5295657032979838,0.11518670313679792,0.026,16,0.51,-0.1775204619674452
episode_000800,2,0,2,1,True,0.39409692147725284,0.0919160481954612,0.026,3,0.51,-0.1775204619674452
episode_000801,2,0,2,0,True,0.5850382066582872,-0.1018024598243158,0.026,13,0.51,0.22235008797807299
episode_000801,2,0,2,1,True,0.48290915131680956,0.03500871229077589,0.026,9,0.51,0.22235008797807299
episode_000803,2,1,1,0,True,0.5260647452531655,-0.04375715958335864,0.026,14,0.51,-0.2455270450998372
episode_000804,2,0,2,0,True,0.5259446478935152,-0.004706298207925577,0.026,14,0.51,-0.1775204619674452
episode_000804,2,0,2,1,True,0.454507854252766,0.18574305806312685,0.026,10,0.51,-0.1775204619674452
episode_000805,2,0,2,0,False,0.53344655199961,0.035904345248033515,0.026,15,0.51,0.22235008797807299
episode_000805,2,0,2,1,False,0.4650803988103739,-0.09967285772790432,0.026,7,0.51,0.22235008797807299
episode_000807,1,0,1,0,True,0.6456323124849588,0.20090145208248283,0.026,22,0.51,-0.2455270450998372
episode_000810,2,1,1,1,True,0.5014607930759731,-0.05630912544153364,0.026,8,0.51,-0.24165228313839224
episode_000813,1,0,1,0,True,0.6146584494930458,-0.009130498952783131,0.026,20,0.51,0.22235008797807299
episode_000814,1,0,1,0,True,0.6556771427401316,-0.052705061630994504,0.026,20,0.51,-0.24165228313839224
episode_000815,1,0,1,0,False,0.6144517433195404,0.2725586483349472,0.026,23,0.51,-0.2455270450998372
episode_000816,1,0,1,0,True,0.6326442165377463,0.04561349308625468,0.026,21,0.51,-0.1775204619674452
episode_000817,2,1,1,0,True,0.6034483284236922,-0.23449620670836538,0.026,18,0.51,0.22235008797807299
episode_000818,2,0,2,0,True,0.6527006796652353,0.1222551064419977,0.026,22,0.51,-0.24165228313839224
episode_000818,2,0,2,1,True,0.40077207665159487,0.03927835921446142,0.026,3,0.51,-0.24165228313839224
episode_000820,1,0,1,0,True,0.608959025826422,0.07567421237388386,0.026,21,0.51,-0.1775204619674452
episode_000822,2,0,2,0,True,0.6513388390414316,-0.02177742451075798,0.026,20,0.51,-0.24165228313839224
episode_000822,2,0,2,1,True,0.4387378394781046,0.25755818317233775,0.026,5,0.51,-0.24165228313839224
episode_000823,1,0,1,0,True,0.4387429232966008,0.1652140724810462,0.026,4,0.51,-0.2455270450998372
episode_000824,2,0,2,0,True,0.6183963961360537,-0.0018252339237152804,0.026,20,0.51,-0.1775204619674452
episode_000824,2,0,2,1,True,0.4281760368277424,0.1400865798393357,0.026,4,0.51,-0.1775204619674452
episode_000827,2,0,2,0,False,0.6300678685092815,0.09901416733267193,0.026,21,0.51,-0.2455270450998372
episode_000827,2,0,2,1,False,0.39286971011988514,0.1124004363846281,0.026,4,0.51,-0.2455270450998372
episode_000828,1,0,1,0,True,0.3773825832607384,0.13660102912418265,0.026,4,0.51,-0.1775204619674452
episode_000829,2,0,2,0,True,0.6033722547832154,-0.21788544383332237,0.026,18,0.51,0.22235008797807299
episode_000829,2,0,2,1,True,0.39252750751033666,-0.15162183216772712,0.026,1,0.51,0.22235008797807299
episode_000830,2,0,2,0,True,0.47783225597911855,0.1891810263807224,0.026,10,0.51,-0.24165228313839224
episode_000830,2,0,2,1,True,0.5368553868166697,-0.04969999881159196,0.026,14,0.51,-0.24165228313839224
episode_000831,1,0,1,0,True,0.4056237377913485,-0.0653922895072051,0.026,2,0.51,-0.2455270450998372
episode_000833,1,0,1,0,True,0.4298991870095217,-0.2597363688135573,0.026,0,0.51,0.22235008797807299
episode_000834,1,0,1,0,True,0.40082369626460457,0.02832173616418738,0.026,3,0.51,-0.24165228313839224
episode_000835,1,0,1,0,True,0.42043832094888434,0.06636402641018911,0.026,3,0.51,-0.2455270450998372
episode_000837,2,0,2,0,True,0.44956433882180996,-0.16798609111165544,0.026,7,0.51,0.22235008797807299
episode_000837,2,0,2,1,True,0.5854197497639099,0.029146076312391685,0.026,15,0.51,0.22235008797807299
episode_000838,1,0,1,0,True,0.5164905295305282,0.19294542045150537,0.026,16,0.51,-0.24165228313839224
episode_000839,2,0,2,0,True,0.4761002677164886,-0.041824383532021454,0.026,8,0.51,-0.2455270450998372
episode_000839,2,0,2,1,True,0.5337010311156754,0.2898807533305048,0.026,17,0.51,-0.2455270450998372
episode_000840,2,0,2,0,True,0.502771220481298,-0.006419341552467164,0.026,8,0.51,-0.1775204619674452
episode_000840,2,0,2,1,True,0.5465396484707921,0.16773587348382774,0.026,16,0.51,-0.1775204619674452
episode_000842,2,1,1,1,True,0.556742280895486,0.19250993968047386,0.026,16,0.51,-0.24165228313839224
episode_000843,1,0,1,0,True,0.5848665477356569,0.17030119892858764,0.026,16,0.51,-0.2455270450998372
episode_000844,1,0,1,0,True,0.5409032748199593,-0.0016073743550332614,0.026,14,0.51,-0.1775204619674452
episode_000845,1,0,1,0,True,0.5627868951377193,-0.2066896294006096,0.026,12,0.51,0.22235008797807299
episode_000846,1,0,1,0,True,0.5261982401608579,0.07085305031648606,0.026,15,0.51,-0.24165228313839224
episode_000847,2,1,1,0,True,0.4685111177310379,0.2851409761178175,0.026,11,0.51,-0.2455270450998372
episode_000849,2,0,2,0,False,0.43145600435185516,-0.2666015540696178,0.026,0,0.51,0.22235008797807299
episode_000849,2,0,2,1,False,0.6044941185439836,-0.02504710114807071,0.026,20,0.51,0.22235008797807299
episode_000852,2,1,1,0,True,0.4080158255409572,0.1421493275466686,0.026,4,0.51,-0.1775204619674452
episode_000853,1,0,1,0,True,0.5479106974312931,0.01933872596130593,0.026,15,0.51,0.22235008797807299
episode_000854,2,1,1,1,False,0.6008780406519684,0.28343937311319134,0.026,23,0.51,-0.24165228313839224
episode_000857,1,0,1,0,True,0.45773215757821456,-0.12450143908594939,0.026,7,0.51,0.22235008797807299
episode_000858,2,0,2,0,False,0.426101850669964,-0.06656793662664649,0.026,2,0.51,-0.24165228313839224
episode_000858,2,0,2,1,False,0.6412480528989135,0.1080114438462656,0.026,22,0.51,-0.24165228313839224
episode_000860,1,0,1,0,True,0.5116255332966191,0.11918270118616989,0.026,10,0.51,-0.1775204619674452
episode_000861,1,0,1,0,True,0.4749641928048051,-0.0318108345004158,0.026,8,0.51,0.22235008797807299
episode_000863,1,0,1,0,True,0.49489227692043025,0.22874743653145282,0.026,11,0.51,-0.2455270450998372
episode_000864,1,0,1,0,True,0.5043032473554007,0.03157956174233249,0.026,9,0.51,-0.1775204619674452
episode_000865,2,0,2,0,True,0.4379762323373376,0.04101848856067014,0.026,3,0.51,0.22235008797807299
episode_000865,2,0,2,1,True,0.6493765260045017,-0.1411983183093687,0.026,19,0.51,0.22235008797807299
episode_000867,2,1,1,0,True,0.4399477796477749,0.276293138115015,0.026,5,0.51,-0.2455270450998372
episode_000869,2,0,2,0,True,0.5622639976045909,-0.2705201621573043,0.026,12,0.51,0.22235008797807299
episode_000869,2,0,2,1,True,0.47992892480777893,-0.09561918889506774,0.026,8,0.51,0.22235008797807299
episode_000870,2,0,2,0,False,0.5560032854015059,0.19006158042507482,0.026,16,0.51,-0.24165228313839224
episode_000870,2,0,2,1,False,0.4824161781938766,0.012846775930243725,0.026,9,0.51,-0.24165228313839224
episode_000872,1,0,1,0,True,0.4660862444355295,0.044954302779928706,0.026,9,0.51,-0.1775204619674452
episode_000873,1,0,1,0,True,0.6140357696255245,-0.18257108652846776,0.026,19,0.51,0.22235008797807299
episode_000874,1,0,1,0,True,0.615765983428779,0.1325285617644563,0.026,22,0.51,-0.24165228313839224
episode_000876,1,0,1,0,True,0.5926791502734888,-0.005637888070966837,0.026,20,0.51,-0.1775204619674452
episode_000878,2,0,2,0,True,0.51969091312634,-0.0648056232087313,0.026,14,0.51,-0.24165228313839224
episode_000878,2,0,2,1,True,0.47995726848990355,0.2063600808456516,0.026,11,0.51,-0.24165228313839224
episode_000879,1,0,1,0,True,0.5969758899262583,0.2007286904061608,0.026,23,0.51,-0.2455270450998372
episode_000881,1,0,1,0,True,0.607937773125462,-0.26529113443223923,0.026,18,0.51,0.22235008797807299
episode_000882,1,0,1,0,True,0.5990294118875336,0.06779478810590212,0.026,21,0.51,-0.24165228313839224
episode_000883,2,0,2,0,True,0.573234551992662,-0.0317181266198787,0.026,14,0.51,-0.2455270450998372
episode_000883,2,0,2,1,True,0.5089073928503748,0.1796218319644506,0.026,10,0.51,-0.2455270450998372
episode_000884,1,0,1,0,True,0.392793580230111,0.19153772288033621,0.026,4,0.51,-0.1775204619674452
episode_000886,1,0,1,0,True,0.410033365266696,0.12832572726478922,0.026,4,0.51,-0.24165228313839224
episode_000887,2,0,2,0,True,0.5432780847339904,0.08550165346181628,0.026,15,0.51,-0.2455270450998372
episode_000887,2,0,2,1,True,0.4150257878523856,0.19009704795498547,0.026,4,0.51,-0.2455270450998372
episode_000888,2,0,2,0,True,0.5599013160496413,0.25441058296622066,0.026,17,0.51,-0.1775204619674452
episode_000888,2,0,2,1,True,0.47370245512021925,-0.007224168619594545,0.026,8,0.51,-0.1775204619674452
episode_000890,1,0,1,0,True,0.4405106253131689,-0.05856636557677654,0.026,2,0.51,-0.24165228313839224
episode_000893,2,0,2,0,True,0.623507375917055,-0.2562723202799825,0.026,18,0.51,0.22235008797807299
episode_000893,2,0,2,1,True,0.40711885946213333,-0.010881815726541913,0.026,2,0.51,0.22235008797807299
episode_000894,1,0,1,0,True,0.4212249867322382,0.21452981686215333,0.026,5,0.51,-0.24165228313839224
episode_000895,2,1,1,1,True,0.4049256662767986,0.025758549587878224,0.026,3,0.51,-0.2455270450998372
episode_000900,2,0,2,0,True,0.6338232892163043,-0.0004402624566305219,0.026,20,0.51,-0.1775204619674452
episode_000900,2,0,2,1,True,0.3786676941159415,0.22932231445717002,0.026,5,0.51,-0.1775204619674452
episode_000902,1,0,1,0,True,0.441008128977673,0.009018191216662658,0.026,3,0.51,-0.2195169678585006
episode_000904,1,0,1,0,True,0.3851247022374537,0.05305330143859362,0.026,3,0.51,-0.23499945150705723
episode_000905,1,0,1,0,True,0.5301498545105876,0.17069307518286247,0.026,16,0.51,-0.20750335439847642
episode_000906,2,1,1,0,True,0.6030735968192484,-0.04751319180287869,0.026,20,0.51,-0.2195169678585006
episode_000907,1,0,1,0,True,0.549167316331333,-0.0778324737084422,0.026,14,0.51,0.22959823339655072
episode_000908,2,0,2,0,True,0.6468336973679836,0.09252327094752708,0.026,21,0.51,-0.23499945150705723
episode_000908,2,0,2,1,True,0.40493425826401935,0.17229078621325988,0.026,4,0.51,-0.23499945150705723
episode_000909,2,0,2,0,True,0.6074984593750449,0.2869816993781691,0.026,23,0.51,-0.20750335439847642
episode_000909,2,0,2,1,True,0.40248052277293284,-0.03328913701251318,0.026,2,0.51,-0.20750335439847642
episode_000911,2,0,2,0,False,0.45460054952085804,-0.24756040641086835,0.026,6,0.51,0.22959823339655072
episode_000911,2,0,2,1,False,0.5447216144117523,-0.05140890226513387,0.026,14,0.51,0.22959823339655072
episode_000912,1,0,1,0,True,0.5410458960968239,-0.0507166678228108,0.026,14,0.51,-0.23499945150705723
episode_000913,1,0,1,0,True,0.5293337899172657,0.23942273482385878,0.026,17,0.51,-0.20750335439847642
episode_000914,2,0,2,0,True,0.5066210480857832,0.1841131422059229,0.026,10,0.51,-0.2195169678585006
episode_000914,2,0,2,1,True,0.5616761403251378,0.010700638234207385,0.026,15,0.51,-0.2195169678585006
episode_000916,2,1,1,0,True,0.5115597322076626,-0.03237590406008019,0.026,8,0.51,-0.23499945150705723
episode_000918,1,0,1,0,True,0.5365521902558767,0.04631540777983515,0.026,15,0.51,-0.2195169678585006
episode_000919,1,0,1,0,True,0.5285917089362583,0.02218814270409297,0.026,15,0.51,0.22959823339655072
episode_000920,1,0,1,0,True,0.464908037399703,0.12015768891799991,0.026,10,0.51,-0.23499945150705723
episode_000921,1,0,1,0,True,0.4853012076661464,0.18574932900537355,0.026,10,0.51,-0.20750335439847642
episode_000925,1,0,1,0,True,0.4829513782863113,-0.02560743848253827,0.026,8,0.51,-0.20750335439847642
episode_000926,2,0,2,0,True,0.4496673760216359,-0.027540764408724133,0.026,8,0.51,-0.2195169678585006
episode_000926,2,0,2,1,True,0.5186745926111261,0.13888979987533684,0.026,16,0.51,-0.2195169678585006
episode_000929,1,0,1,0,True,0.456823182711934,0.21422507542491115,0.026,11,0.51,-0.20750335439847642
episode_000932,2,0,2,0,True,0.46756721232622983,0.026607314769908123,0.026,9,0.51,-0.23499945150705723
episode_000932,2,0,2,1,True,0.5310724633449169,0.19015590465574939,0.026,16,0.51,-0.23499945150705723
episode_000933,2,1,1,0,True,0.4524280184304417,0.24579615963593532,0.026,11,0.51,-0.20750335439847642
episode_000934,2,1,1,1,True,0.6077137595799171,-0.03351705390384245,0.026,20,0.51,-0.2195169678585006
episode_000937,2,0,2,0,True,0.4225646928502965,0.16829475793836363,0.026,4,0.51,-0.20750335439847642
episode_000937,2,0,2,1,True,0.6330722544907009,0.08056106216169932,0.026,21,0.51,-0.20750335439847642
episode_000938,1,0,1,0,True,0.45574974531462803,0.0838559105981748,0.026,9,0.51,-0.2195169678585006
episode_000939,1,0,1,0,True,0.4730133534770703,0.032152267302589535,0.026,9,0.51,0.22959823339655072
episode_000940,2,0,2,0,False,0.3741885626460995,-0.02178977602171972,0.026,2,0.51,-0.23499945150705723
episode_000940,2,0,2,1,False,0.6373356784462368,0.21461457136750797,0.026,23,0.51,-0.23499945150705723
episode_000941,2,0,2,0,True,0.41923356138564943,-0.03421707627477023,0.026,2,0.51,-0.20750335439847642
episode_000941,2,0,2,1,True,0.6385537629715151,0.18746149591483863,0.026,22,0.51,-0.20750335439847642
episode_000942,2,0,2,0,False,0.42018918167171365,0.010756690267881933,0.026,3,0.51,-0.2195169678585006
episode_000942,2,0,2,1,False,0.6075125158290903,0.11366864615644559,0.026,22,0.51,-0.2195169678585006
episode_000943,1,0,1,0,True,0.5974479553178615,-0.18624997380359884,0.026,19,0.51,0.22959823339655072
episode_000944,2,0,2,0,True,0.3723446823380776,0.25076280551324087,0.026,5,0.51,-0.23499945150705723
episode_000944,2,0,2,1,True,0.589643925923219,-0.013480430364682161,0.026,20,0.51,-0.23499945150705723
episode_000945,2,0,2,0,True,0.5478995478766208,0.15514327410179046,0.026,16,0.51,-0.20750335439847642
episode_000945,2,0,2,1,True,0.49432532959055503,-0.038495280021665905,0.026,8,0.51,-0.20750335439847642
episode_000946,2,0,2,0,True,0.5817812370843932,0.10421951559046125,0.026,16,0.51,-0.2195169678585006
episode_000946,2,0,2,1,True,0.45289798866203934,0.014995667822156614,0.026,9,0.51,-0.2195169678585006
episode_000947,1,0,1,0,True,0.6161557989162074,-0.0057444793564682545,0.026,20,0.51,0.22959823339655072
episode_000948,1,0,1,0,True,0.6491711241955495,-0.011317121051342485,0.026,20,0.51,-0.23499945150705723
episode_000949,2,0,2,0,True,0.5415503973485338,-0.009990317639995527,0.026,14,0.51,-0.20750335439847642
episode_000949,2,0,2,1,True,0.4826829802270858,0.24097185889201897,0.026,11,0.51,-0.20750335439847642
episode_000952,2,0,2,0,True,0.5562872839715979,-0.055047489721519696,0.026,14,0.51,-0.23499945150705723
episode_000952,2,0,2,1,True,0.4972010002562323,0.19595299993361093,0.026,10,0.51,-0.23499945150705723
episode_000954,2,0,2,0,True,0.5802049341637356,0.02542840102506421,0.026,15,0.51,-0.2195169678585006
episode_000954,2,0,2,1,True,0.459720927597982,0.18366898896761674,0.026,10,0.51,-0.2195169678585006
episode_000955,1,0,1,0,True,0.5885471526849814,-0.2606254212590318,0.026,18,0.51,0.22959823339655072
episode_000957,1,0,1,0,True,0.6100096350839764,0.04219288113649052,0.026,21,0.51,-0.20750335439847642
episode_000958,1,0,1,0,True,0.6498797325951279,0.09599213070808056,0.026,21,0.51,-0.2195169678585006
episode_000959,2,1,1,0,True,0.5320837596034833,-0.22282083587801865,0.026,12,0.51,0.22959823339655072
episode_000960,2,0,2,0,True,0.6010084075860868,0.17641781255237002,0.026,22,0.51,-0.23499945150705723
episode_000960,2,0,2,1,True,0.3914413765989832,-0.030737731257882053,0.026,2,0.51,-0.23499945150705723
episode_000964,1,0,1,0,True,0.38094851112970635,0.14537584894002076,0.026,4,0.51,-0.23499945150705723
episode_000965,1,0,1,0,True,0.43467736210721253,0.1773695870118998,0.026,4,0.51,-0.20750335439847642
episode_000966,1,0,1,0,True,0.4282860244029917,-0.02953957656381645,0.026,2,0.51,-0.2195169678585006
episode_000967,1,0,1,0,True,0.3831694736148441,-0.2782545588699712,0.026,0,0.51,0.22959823339655072
episode_000968,1,0,1,0,True,0.41968015718098584,0.013298316387372212,0.026,3,0.51,-0.23499945150705723
episode_000969,2,0,2,0,True,0.6436466567026589,0.11082085363550391,0.026,22,0.51,-0.20750335439847642
episode_000969,2,0,2,1,True,0.4345253840429324,0.0486084495615863,0.026,3,0.51,-0.20750335439847642
episode_000971,1,0,1,0,True,0.3990953022174385,0.006620814090591848,0.026,3,0.51,0.22959823339655072
episode_000972,1,0,1,0,True,0.5820939338446826,0.15866540177880933,0.026,16,0.51,-0.23499945150705723
episode_000973,2,0,2,0,True,0.5998162573664507,-0.014196061560865059,0.026,20,0.51,-0.20750335439847642
episode_000973,2,0,2,1,True,0.4394095921511539,0.2564506873135178,0.026,5,0.51,-0.20750335439847642
episode_000975,1,0,1,0,True,0.5696539035139905,-0.09525871371611189,0.026,14,0.51,0.22959823339655072
episode_000976,1,0,1,0,True,0.5767967415924894,-0.019408121460234795,0.026,14,0.51,-0.23499945150705723
episode_000979,2,1,1,1,True,0.3962683964850558,-0.27618888789518037,0.026,0,0.51,0.22959823339655072
episode_000980,2,0,2,0,True,0.6018742978053578,0.09882577016232459,0.026,21,0.51,-0.23499945150705723
episode_000980,2,0,2,1,True,0.415790078097815,0.15914358751725138,0.026,4,0.51,-0.23499945150705723
episode_000981,2,1,1,0,False,0.5956481634139549,0.25106886962638186,0.026,23,0.51,-0.20750335439847642
episode_000982,1,0,1,0,False,0.5815530779559657,0.24680627951708634,0.026,17,0.51,-0.2195169678585006
episode_000984,1,0,1,0,True,0.5259166573942788,0.019036575447042653,0.026,15,0.51,-0.23499945150705723
episode_000988,2,0,2,0,True,0.4709411091411167,0.13439955516008367,0.026,10,0.51,-0.23499945150705723
episode_000988,2,0,2,1,True,0.561650643252326,-0.009285222520107314,0.026,14,0.51,-0.23499945150705723
episode_000989,2,1,1,0,True,0.5078385669654841,0.1226108450147602,0.026,10,0.51,-0.20750335439847642
episode_000990,2,1,1,1,True,0.5668500680028117,0.23598070802880874,0.026,17,0.51,-0.2195169678585006
episode_000991,1,0,1,0,True,0.5621622147380749,0.050206677426536075,0.026,15,0.51,0.22959823339655072
episode_000992,2,0,2,0,False,0.4798424495330423,-0.007612364769058633,0.026,8,0.51,-0.23499945150705723
episode_000992,2,0,2,1,False,0.5156367804701023,0.15312402404569248,0.026,16,0.51,-0.23499945150705723
episode_000995,1,0,1,0,True,0.485999354275947,-0.18909433414825375,0.026,7,0.51,0.22959823339655072
episode_000996,1,0,1,0,True,0.4782191414989059,0.17523186185742667,0.026,10,0.51,-0.23499945150705723
episode_000997,1,0,1,0,True,0.4867819841482355,-0.006204230325042512,0.026,8,0.51,-0.20750335439847642
episode_000998,2,1,1,1,True,0.5433918947744245,0.17970018687381373,0.026,16,0.51,-0.2195169678585006
episode_000999,2,0,2,0,True,0.46040137646880425,-0.21576502852531498,0.026,6,0.51,0.22959823339655072
episode_000999,2,0,2,1,True,0.5866763262672162,-0.15468367489285945,0.026,13,0.51,0.22959823339655072
episode_001000,1,0,1,0,True,0.5097648192328506,0.208472242120157,0.026,11,0.51,-0.23499945150705723
episode_001002,1,0,1,0,True,0.470425540164673,0.05722764477891102,0.026,9,0.51,-0.2195169678585006
episode_001004,1,0,1,0,True,0.4510947295912049,0.06570702036725158,0.026,9,0.51,-0.23499945150705723
episode_001006,2,1,1,0,True,0.4075443779066158,0.12266120934508622,0.026,4,0.51,-0.2195169678585006
episode_001007,2,1,1,0,True,0.4089464873109301,-0.12955076284102524,0.026,1,0.51,0.22959823339655072
episode_001008,1,0,1,0,False,0.622874519122893,0.11283935252031238,0.026,22,0.51,-0.23499945150705723
episode_001009,2,0,2,0,False,0.4132859671337423,-0.029506221152930306,0.026,2,0.51,-0.20750335439847642
episode_001009,2,0,2,1,False,0.5941961094098606,0.2615487859151675,0.026,23,0.51,-0.20750335439847642
episode_001011,2,0,2,0,True,0.3779463862646297,-0.05568284141288175,0.026,2,0.51,0.22959823339655072
episode_001011,2,0,2,1,True,0.6282153719215846,-0.24446933748702934,0.026,18,0.51,0.22959823339655072
episode_001012,1,0,1,0,True,0.6007050183389475,0.17460990388865316,0.026,22,0.51,-0.23499945150705723
episode_001013,1,0,1,0,True,0.614045367549248,-0.036505487313522836,0.026,20,0.51,-0.20750335439847642
episode_001014,2,0,2,0,True,0.4106045322966766,0.0168127117002457,0.026,3,0.51,-0.2195169678585006
episode_001014,2,0,2,1,True,0.608049669084885,0.13697164542329585,0.026,22,0.51,-0.2195169678585006
episode_001015,2,0,2,0,False,0.37615227411685864,-0.20452848624654413,0.026,0,0.51,0.22959823339655072
episode_001015,2,0,2,1,False,0.6393411051388272,-0.12090809030820344,0.026,19,0.51,0.22959823339655072
episode_001016,2,0,2,0,True,0.5393479802505218,0.1965140410493767,0.026,16,0.51,-0.23499945150705723
episode_001016,2,0,2,1,True,0.4431254368140661,-0.0617689540859076,0.026,8,0.51,-0.23499945150705723
episode_001017,2,1,1,1,True,0.39546387088218954,0.08550867207772216,0.026,3,0.51,-0.20750335439847642
episode_001019,1,0,1,0,True,0.6055101059327544,-0.24057426165182155,0.026,18,0.51,0.22959823339655072
episode_001020,2,0,2,0,True,0.5370201856935222,-0.03498622555183535,0.026,14,0.51,-0.23499945150705723
episode_001020,2,0,2,1,True,0.467325194328551,0.2150330174775811,0.026,11,0.51,-0.23499945150705723
episode_001022,1,0,1,0,True,0.6265272159610804,0.07745135222067354,0.026,21,0.51,-0.2195169678585006
episode_001025,2,0,2,0,True,0.5204966767016996,-0.008768561592887511,0.026,14,0.51,-0.20750335439847642
episode_001025,2,0,2,1,True,0.5023597671425998,0.1260044853452164,0.026,10,0.51,-0.20750335439847642
episode_001027,2,0,2,0,False,0.553088901549214,0.05547283987199373,0.026,15,0.51,0.22959823339655072
episode_001027,2,0,2,1,False,0.48253039185480534,-0.1368883866644096,0.026,7,0.51,0.22959823339655072
episode_001028,1,0,1,0,True,0.6274599435995496,0.07476877519001715,0.026,21,0.51,-0.23499945150705723
episode_001030,2,0,2,0,True,0.5752614939976394,0.2671817535682173,0.026,17,0.51,-0.2195169678585006
episode_001030,2,0,2,1,True,0.5107340193918657,-0.012342557689125136,0.026,8,0.51,-0.2195169678585006
episode_001032,2,0,2,0,True,0.5898438345642232,0.17781298088204334,0.026,22,0.51,-0.23499945150705723
episode_001032,2,0,2,1,True,0.39714263092222213,-0.04321592171880794,0.026,2,0.51,-0.23499945150705723
episode_001033,1,0,1,0,True,0.4133345615515892,0.16474773545601792,0.026,4,0.51,-0.20750335439847642
episode_001034,2,1,1,0,True,0.635325788487757,0.17969474877787336,0.026,22,0.51,-0.2195169678585006
episode_001035,1,0,1,0,True,0.3779643327798927,-0.0363790997221297,0.026,2,0.51,0.22959823339655072
episode_001038,1,0,1,0,True,0.39571498513417946,-0.028948810963789193,0.026,2,0.51,-0.2195169678585006
episode_001039,1,0,1,0,True,0.39804108750083217,-0.2568606270229692,0.026,0,0.51,0.22959823339655072
episode_001041,1,0,1,0,True,0.3789762465825353,0.09673567864769281,0.026,3,0.51,-0.20750335439847642
episode_001046,2,1,1,0,True,0.619296039557772,-0.009741917457145283,0.026,20,0.51,-0.2195169678585006
episode_001048,2,0,2,0,True,0.6399636752389517,-0.021443522451250585,0.026,20,0.51,-0.23499945150705723
episode_001048,2,0,2,1,True,0.38512401629556103,0.10721979885626927,0.026,4,0.51,-0.23499945150705723
episode_001049,1,0,1,0,True,0.3721600937876732,0.09445659523347144,0.026,3,0.51,-0.20750335439847642
episode_001051,2,0,2,0,True,0.6473064519982131,0.08676746438871706,0.026,21,0.51,-0.2242339542182446
episode_001051,2,0,2,1,True,0.4222364317287544,0.11347264614896545,0.026,4,0.51,-0.2242339542182446
episode_001052,1,0,1,0,True,0.5450437821107155,0.11848792705694104,0.026,16,0.51,-0.19152984874362242
episode_001054,2,0,2,0,True,0.6212177289881509,-0.26315665838557395,0.026,18,0.51,0.24201606632284206
episode_001054,2,0,2,1,True,0.41115192815702445,-0.1199569692438075,0.026,1,0.51,0.24201606632284206
episode_001055,2,0,2,0,True,0.44828563405541366,0.1718686385117936,0.026,10,0.51,-0.2242339542182446
episode_001055,2,0,2,1,True,0.5410646340861561,-0.012649390016166301,0.026,14,0.51,-0.2242339542182446
episode_001057,1,0,1,0,True,0.5727264808169394,-0.051480543657509155,0.026,14,0.51,0.15883175604616454
episode_001058,2,0,2,0,True,0.48419480041949925,-0.19597658531984252,0.026,7,0.51,0.24201606632284206
episode_001058,2,0,2,1,True,0.5475573691443132,0.06951251383210187,0.026,15,0.51,0.24201606632284206
episode_001059,1,0,1,0,True,0.5524579259831891,-0.050252601269979526,0.026,14,0.51,-0.2242339542182446
episode_001061,2,0,2,0,False,0.4956879735780127,-0.17186149303451714,0.026,7,0.51,0.15883175604616454
episode_001061,2,0,2,1,False,0.5274549178700377,-0.29641106044758586,0.026,12,0.51,0.15883175604616454
episode_001064,2,0,2,0,True,0.47834042565388196,-0.018931795970009505,0.026,8,0.51,-0.19152984874362242
episode_001064,2,0,2,1,True,0.5174032394710633,0.18770418643005266,0.026,16,0.51,-0.19152984874362242
episode_001065,2,0,2,0,True,0.48098134739424175,-0.2421946773808225,0.026,6,0.51,0.15883175604616454
episode_001065,2,0,2,1,True,0.5782064493822744,-0.11935703770953841,0.026,13,0.51,0.15883175604616454
episode_001066,2,0,2,0,False,0.46435531668799573,-0.26951937284616667,0.026,6,0.51,0.24201606632284206
episode_001066,2,0,2,1,False,0.5813288331430952,-0.11914494670662917,0.026,13,0.51,0.24201606632284206
episode_001067,1,0,1,0,True,0.5378731413309705,0.2661684178984131,0.026,17,0.51,-0.2242339542182446
episode_001068,1,0,1,0,True,0.5841666190543223,0.09353058389307833,0.026,15,0.51,-0.19152984874362242
episode_001069,2,0,2,0,True,0.4380581661074228,-0.2590703823519825,0.026,0,0.51,0.15883175604616454
episode_001069,2,0,2,1,True,0.5989659993344634,-0.08123641585070882,0.026,20,0.51,0.15883175604616454
episode_001070,1,0,1,0,True,0.5614988772740124,0.06159963840293587,0.026,15,0.51,0.24201606632284206
episode_001071,1,0,1,0,True,0.48013140334921023,0.19087047699265827,0.026,10,0.51,-0.2242339542182446
episode_001072,1,0,1,0,True,0.48032179227727445,0.1010398892272896,0.026,10,0.51,-0.19152984874362242
episode_001073,1,0,1,0,True,0.4888798360236204,-0.09922035198395293,0.026,8,0.51,0.15883175604616454
episode_001074,2,1,1,1,True,0.6415732463592034,0.013022192875019774,0.026,21,0.51,0.24201606632284206
episode_001075,2,0,2,0,True,0.39741878368121863,-0.042196723565881215,0.026,2,0.51,-0.2242339542182446
episode_001075,2,0,2,1,True,0.6276031083123175,0.2412356271014333,0.026,23,0.51,-0.2242339542182446
episode_001077,1,0,1,0,True,0.4524432926675157,-0.2676664613700246,0.026,6,0.51,0.15883175604616454
episode_001079,1,0,1,0,True,0.5036599460003985,0.08195231181212258,0.026,9,0.51,-0.2242339542182446
episode_001080,1,0,1,0,True,0.4913792674652889,0.10051535260997915,0.026,9,0.51,-0.19152984874362242
episode_001081,2,0,2,0,True,0.40362823877873055,-0.09814876853635222,0.026,2,0.51,0.15883175604616454
episode_001081,2,0,2,1,True,0.5868548059543217,-0.21852241159333335,0.026,18,0.51,0.15883175604616454
episode_001083,1,0,1,0,True,0.6339712744694775,0.10544371506725236,0.026,22,0.51,-0.2242339542182446
episode_001084,1,0,1,0,False,0.649383540129567,0.17268220507369447,0.026,22,0.51,-0.19152984874362242
episode_001085,1,0,1,0,True,0.6114549319752928,-0.08290517711703045,0.026,20,0.51,0.15883175604616454
episode_001086,1,0,1,0,True,0.6314837219912561,-0.2180775999451691,0.026,18,0.51,0.24201606632284206
episode_001087,2,1,1,1,True,0.6360921229625297,0.17604370558308774,0.026,22,0.51,-0.2242339542182446
episode_001088,1,0,1,0,True,0.6183340761887554,0.03753491698165593,0.026,21,0.51,-0.19152984874362242
episode_001091,1,0,1,0,True,0.6027281221164804,0.026898936892559736,0.026,21,0.51,-0.2242339542182446
episode_001092,1,0,1,0,True,0.37400586044699674,0.11698895743847254,0.026,4,0.51,-0.19152984874362242
episode_001093,2,0,2,0,True,0.3907522916915373,-0.2889934841874035,0.026,0,0.51,0.15883175604616454
episode_001093,2,0,2,1,True,0.6136427293330651,-0.1892574813048111,0.026,19,0.51,0.15883175604616454
episode_001094,1,0,1,0,True,0.3843834020755736,-0.017601104636379872,0.026,2,0.51,0.24201606632284206
episode_001095,1,0,1,0,True,0.42729296979396214,-0.0034662106409375643,0.026,2,0.51,-0.2242339542182446
episode_001098,2,0,2,0,False,0.5504934309560824,-0.2322618638678011,0.026,12,0.51,0.24201606632284206
episode_001098,2,0,2,1,False,0.4795184129135312,-0.08760249267300044,0.026,8,0.51,0.24201606632284206
episode_001099,2,0,2,0,True,0.5272141288699222,0.12001843271468413,0.026,16,0.51,-0.2242339542182446
episode_001099,2,0,2,1,True,0.3792670470986716,0.09495340093262572,0.026,3,0.51,-0.2242339542182446
episode_001104,2,0,2,0,True,0.5601396801177193,-0.01975670978947139,0.026,14,0.51,-0.19152984874362242
episode_001104,2,0,2,1,True,0.4980464699443612,0.22061178377003354,0.026,11,0.51,-0.19152984874362242
episode_001105,1,0,1,0,True,0.43449024344147574,-0.20889833404284405,0.026,0,0.51,0.15883175604616454
episode_001107,1,0,1,0,True,0.40638745353210437,0.03576180568857752,0.026,3,0.51,-0.2242339542182446
episode_001108,1,0,1,0,True,0.4257746209750393,0.09412527619630935,0.026,3,0.51,-0.19152984874362242
episode_001109,1,0,1,0,True,0.5569648427771176,-0.13813053985433132,0.026,13,0.51,0.15883175604616454
episode_001111,1,0,1,0,True,0.5837171425457559,0.1557508920944873,0.026,16,0.51,-0.2242339542182446
episode_001114,2,1,1,0,True,0.5200152269491779,-0.01669134658880135,0.026,14,0.51,0.24201606632284206
episode_001116,2,0,2,0,True,0.5376829236724111,0.08543473664113062,0.026,15,0.51,-0.19152984874362242
episode_001116,2,0,2,1,True,0.39826414849681674,0.11707408273996263,0.026,4,0.51,-0.19152984874362242
episode_001118,2,0,2,0,True,0.5210105273762454,-0.20573602890889564,0.026,12,0.51,0.24201606632284206
episode_001118,2,0,2,1,True,0.3877052967439282,-0.18591465551900094,0.026,1,0.51,0.24201606632284206
episode_001119,1,0,1,0,True,0.5300463833695146,-0.0008095160479092423,0.026,14,0.51,-0.2242339542182446
episode_001120,2,0,2,0,False,0.634314126696851,0.1172900665419922,0.026,22,0.51,-0.19152984874362242
episode_001120,2,0,2,1,False,0.4330468969806528,-0.018766442621964058,0.026,2,0.51,-0.19152984874362242
episode_001121,2,0,2,0,False,0.6256552298914869,-0.11533489949270266,0.026,19,0.51,0.15883175604616454
episode_001121,2,0,2,1,False,0.4194245981506627,-0.2516178040520369,0.026,0,0.51,0.15883175604616454
episode_001122,1,0,1,0,False,0.5672088212062758,-0.20305419332460392,0.026,12,0.51,0.24201606632284206
episode_001123,1,0,1,0,True,0.5713868431437894,0.02257009431834125,0.026,15,0.51,-0.2242339542182446
episode_001124,1,0,1,0,True,0.5150040040331076,0.04363164491092923,0.026,15,0.51,-0.19152984874362242
episode_001125,1,0,1,0,True,0.47978886164605583,-0.18017054332325516,0.026,7,0.51,0.15883175604616454
episode_001126,2,1,1,0,True,0.6170593052620206,-0.1796268490398698,0.026,19,0.51,0.24201606632284206
episode_001127,2,1,1,1,True,0.3810134284603013,0.19409719067116155,0.026,4,0.51,-0.2242339542182446
episode_001128,1,0,1,0,True,0.45561097893288427,0.15619590186623689,0.026,10,0.51,-0.19152984874362242
episode_001129,1,0,1,0,True,0.46075211998950455,-0.08977169166525387,0.026,8,0.51,0.15883175604616454
episode_001131,1,0,1,0,True,0.48343170892263043,0.20894771381651864,0.026,11,0.51,-0.2242339542182446
episode_001132,1,0,1,0,True,0.49972281116289796,0.029787746323942314,0.026,9,0.51,-0.19152984874362242
episode_001133,1,0,1,0,True,0.45290916795742964,-0.1673576263124929,0.026,7,0.51,0.15883175604616454
episode_001134,1,0,1,0,False,0.6396175422765136,-0.16945298682843873,0.026,19,0.51,0.24201606632284206
episode_001135,2,0,2,0,True,0.6037152085192776,0.09534287565847525,0.026,21,0.51,-0.2242339542182446
episode_001135,2,0,2,1,True,0.3862414652135125,0.16663382533389315,0.026,4,0.51,-0.2242339542182446
episode_001136,1,0,1,0,True,0.6483710322279598,0.1323764178438268,0.026,22,0.51,-0.19152984874362242
episode_001137,1,0,1,0,True,0.6144323880030338,-0.06178157688741671,0.026,20,0.51,0.15883175604616454
episode_001138,1,0,1,0,True,0.6237007469382396,-0.21909428251924445,0.026,18,0.51,0.24201606632284206
episode_001139,2,0,2,0,True,0.6075544297776911,0.22949244455982085,0.026,23,0.51,-0.2242339542182446
episode_001139,2,0,2,1,True,0.38163117068602365,-0.032364937456966544,0.026,2,0.51,-0.2242339542182446
episode_001140,1,0,1,0,True,0.631976085736429,0.059578137621792183,0.026,21,0.51,-0.19152984874362242
episode_001141,2,0,2,0,True,0.4775523545360068,-0.2911972416396898,0.026,6,0.51,0.15883175604616454
episode_001141,2,0,2,1,True,0.5673206979056288,-0.06746418960521769,0.026,14,0.51,0.15883175604616454
episode_001142,1,0,1,0,True,0.639216193946557,0.06892346544175006,0.026,21,0.51,0.24201606632284206
episode_001143,1,0,1,0,True,0.3989297920149537,0.19815837271316206,0.026,4,0.51,-0.2242339542182446
episode_001144,1,0,1,0,True,0.4154646427637077,0.13958992450791316,0.026,4,0.51,-0.19152984874362242
episode_001145,1,0,1,0,True,0.4386136115889912,-0.033448152981928034,0.026,2,0.51,0.15883175604616454
episode_001146,2,0,2,0,True,0.5046691145275535,-0.1231629483243634,0.026,7,0.51,0.24201606632284206
episode_001146,2,0,2,1,True,0.5531081815804794,0.014708643264753869,0.026,15,0.51,0.24201606632284206
episode_001147,2,0,2,0,True,0.47307885003562733,-0.028286487035828894,0.026,8,0.51,-0.2242339542182446
episode_001147,2,0,2,1,True,0.5276518366965366,0.22904802720062103,0.026,17,0.51,-0.2242339542182446
episode_001148,1,0,1,0,True,0.3775863609762375,0.21305643645859412,0.026,5,0.51,-0.19152984874362242
episode_001149,2,1,1,1,True,0.5345713407915426,-0.23788459949878626,0.026,12,0.51,0.15883175604616454
episode_001150,1,0,1,0,True,0.4188884843927769,-0.20130848205259516,0.026,0,0.51,0.24201606632284206
episode_001152,1,0,1,0,True,0.42594407774533605,0.09016657299275121,0.026,3,0.51,-0.19152984874362242
episode_001153,2,0,2,0,False,0.4793964338945083,-0.24822283052430894,0.026,6,0.51,0.15883175604616454
episode_001153,2,0,2,1,False,0.5572894010369965,-0.10576970181586613,0.026,13,0.51,0.15883175604616454
episode_001154,1,0,1,0,True,0.5220434356852082,-0.10599762563346128,0.026,13,0.51,0.24201606632284206
episode_001157,1,0,1,0,True,0.5848114604306388,-0.02717019714793681,0.026,14,0.51,0.15883175604616454
episode_001158,1,0,1,0,True,0.5285053378329905,-0.09207855063497951,0.026,14,0.51,0.24201606632284206
episode_001160,1,0,1,0,True,0.5266187180870966,0.2691268021386708,0.026,17,0.51,-0.19152984874362242
episode_001162,1,0,1,0,True,0.5766693154804531,-0.2691185965609218,0.026,12,0.51,0.24201606632284206
episode_001164,2,0,2,0,True,0.44899443379380793,0.27476203019734813,0.026,11,0.51,-0.19152984874362242
episode_001164,2,0,2,1,True,0.5267154023346029,-0.011722619364075565,0.026,14,0.51,-0.19152984874362242
episode_001166,1,0,1,0,True,0.5404532234090705,0.02841211325468605,0.026,15,0.51,0.24201606632284206
episode_001168,2,0,2,0,True,0.4152203206805868,0.12454470705052505,0.026,4,0.51,-0.19152984874362242
episode_001168,2,0,2,1,True,0.6441495498388673,-0.01296043350749794,0.026,20,0.51,-0.19152984874362242
episode_001169,2,0,2,0,True,0.41339486298143285,-0.19718894591692457,0.026,1,0.51,0.15883175604616454
episode_001169,2,0,2,1,True,0.6311813555537593,-0.20452277940476643,0.026,18,0.51,0.15883175604616454
episode_001170,1,0,1,0,True,0.44833524982254064,-0.19139883676079925,0.026,7,0.51,0.24201606632284206
episode_001171,1,0,1,0,True,0.4426860133098528,0.11863128656686801,0.026,10,0.51,-0.2242339542182446
episode_001172,1,0,1,0,True,0.4696550792317469,-0.0014509887628170876,0.026,8,0.51,-0.19152984874362242
episode_001173,1,0,1,0,True,0.4721365574755753,-0.24036999108700557,0.026,6,0.51,0.15883175604616454
episode_001175,1,0,1,0,True,0.5039711278143648,0.002484805879300427,0.026,9,0.51,-0.2242339542182446
episode_001176,1,0,1,0,True,0.4897844909329111,0.07854670491123304,0.026,9,0.51,-0.19152984874362242
episode_001177,2,0,2,0,False,0.40746602227441875,-0.13040189936800275,0.026,1,0.51,0.15883175604616454
episode_001177,2,0,2,1,False,0.6152651139140943,-0.24014295833973373,0.026,18,0.51,0.15883175604616454
episode_001179,2,0,2,0,True,0.4010839898633728,-0.04530669281400837,0.026,2,0.51,-0.2242339542182446
episode_001179,2,0,2,1,True,0.6293115182402335,0.1664023097132351,0.026,22,0.51,-0.2242339542182446
episode_001180,2,0,2,0,True,0.3942591360730024,0.00775226829224435,0.026,3,0.51,-0.19152984874362242
episode_001180,2,0,2,1,True,0.6587589400368721,0.16745659686211134,0.026,22,0.51,-0.19152984874362242
episode_001181,2,1,1,1,True,0.6148930874023852,-0.17885292575575154,0.026,19,0.51,0.15883175604616454
episode_001182,1,0,1,0,True,0.588407618161296,-0.16752220813913637,0.026,19,0.51,0.24201606632284206
episode_001184,1,0,1,0,True,0.5860359995982816,0.1905420435101526,0.026,22,0.51,-0.19152984874362242
episode_001185,1,0,1,0,True,0.5883474681553988,-0.03881106241246345,0.026,20,0.51,0.15883175604616454
episode_001186,2,0,2,0,True,0.5543071481873121,-0.29962258769364475,0.026,12,0.51,0.24201606632284206
episode_001186,2,0,2,1,True,0.5101373691950366,-0.09522608607596017,0.026,8,0.51,0.24201606632284206
episode_001187,1,0,1,0,False,0.589248987958632,0.2309296964791868,0.026,23,0.51,-0.2242339542182446
episode_001189,2,1,1,1,True,0.452410658651717,-0.25285440663383973,0.026,6,0.51,0.15883175604616454
episode_001191,1,0,1,0,True,0.5933896926183754,0.012618322266833173,0.026,21,0.51,-0.2242339542182446
episode_001192,2,1,1,0,True,0.516158437476111,-0.005579649929448052,0.026,14,0.51,-0.19152984874362242
episode_001193,1,0,1,0,True,0.6272122623235836,-0.11622670987976215,0.026,19,0.51,0.15883175604616454
episode_001194,2,0,2,0,True,0.537213806335369,-0.06579624810519147,0.026,14,0.51,0.24201606632284206
episode_001194,2,0,2,1,True,0.4669518138220253,-0.2658896773074693,0.026,6,0.51,0.24201606632284206
episode_001195,1,0,1,0,True,0.3716675668089975,0.1325511177367343,0.026,4,0.51,-0.2242339542182446
episode_001196,1,0,1,0,True,0.42915457383419725,0.1582369930351344,0.026,4,0.51,-0.19152984874362242
episode_001197,1,0,1,0,True,0.3977351148530307,-0.09194402148610292,0.026,2,0.51,0.15883175604616454
