episode_id,blue_cube_count,target_index,successful,x_m,y_m,z_m,position_stratum,tray_x_m,tray_y_m
episode_000001,1,0,True,0.619807319708819,-0.003978246931990628,0.026,20,0.51,-0.2305947765230142
episode_000002,3,0,True,0.42680475473795726,-0.10900468740153083,0.026,1,0.51,0.13398331289744977
episode_000002,3,1,True,0.5435804156641101,-0.26946455119677587,0.026,12,0.51,0.13398331289744977
episode_000002,3,2,True,0.5693316900789163,0.3017470323714142,0.026,17,0.51,0.13398331289744977
episode_000003,3,0,True,0.41812531527531505,-0.11699299580474669,0.026,1,0.51,0.1793892991969486
episode_000003,3,1,True,0.5856725826447237,-0.02943866232844361,0.026,14,0.51,0.1793892991969486
episode_000003,3,2,True,0.42029265971008245,0.007090373932665759,0.026,3,0.51,0.1793892991969486
episode_000004,3,0,True,0.37552256102014586,-0.2328576481432591,0.026,0,0.51,0.18198214333682902
episode_000004,3,1,True,0.52267974038871,0.004860830085651326,0.026,15,0.51,0.18198214333682902
episode_000004,3,2,True,0.6286875925381622,-0.12843773759133303,0.026,19,0.51,0.18198214333682902
episode_000005,2,0,True,0.5593127206517106,0.2887998834572667,0.026,17,0.51,-0.2305947765230142
episode_000005,2,1,True,0.39632822600221157,-0.032312804406244275,0.026,2,0.51,-0.2305947765230142
episode_000006,1,0,True,0.6424887013154892,-0.05954401374433041,0.026,20,0.51,0.13398331289744977
episode_000007,1,0,True,0.6150040085351142,0.00746360429305832,0.026,21,0.51,0.1793892991969486
episode_000008,3,0,True,0.41971312551016265,-0.042603373077496044,0.026,2,0.51,0.18198214333682902
episode_000008,3,1,True,0.5496309809233154,0.0036571900159654814,0.026,15,0.51,0.18198214333682902
episode_000008,3,2,True,0.6464319490704381,-0.16927033066431707,0.026,19,0.51,0.18198214333682902
episode_000009,3,0,False,0.39237613076952765,0.1513074964964047,0.026,4,0.51,-0.2305947765230142
episode_000009,3,1,False,0.5710207241119308,0.21373927824615596,0.026,17,0.51,-0.2305947765230142
episode_000009,3,2,False,0.6202087316896443,-0.02999878334147328,0.026,20,0.51,-0.2305947765230142
episode_000010,2,0,True,0.5420118810042627,-0.22095168727248718,0.026,12,0.51,0.13398331289744977
episode_000010,2,1,True,0.3951771840221372,-0.058347268906332586,0.026,2,0.51,0.13398331289744977
episode_000011,3,0,True,0.3947259602471907,0.005213033272955315,0.026,3,0.51,0.1793892991969486
episode_000011,3,1,True,0.5161214242295883,-0.1577206034240084,0.026,13,0.51,0.1793892991969486
episode_000011,3,2,True,0.5929457594789742,-0.024380773395285563,0.026,20,0.51,0.1793892991969486
episode_000012,1,0,True,0.6426513279549628,0.005258130772656808,0.026,21,0.51,0.18198214333682902
episode_000013,1,0,True,0.6170669504090704,0.2243762567120725,0.026,23,0.51,-0.2305947765230142
episode_000014,1,0,True,0.6172462937309833,-0.17390197332628496,0.026,19,0.51,0.13398331289744977
episode_000015,1,0,True,0.5033324901127465,-0.178318827635985,0.026,7,0.51,0.1793892991969486
episode_000016,3,0,False,0.5806983226655603,-0.15315153564268985,0.026,13,0.51,0.18198214333682902
episode_000016,3,1,False,0.5941857310253745,-0.29990073563095715,0.026,18,0.51,0.18198214333682902
episode_000016,3,2,False,0.5111707899639887,0.010331655247815782,0.026,9,0.51,0.18198214333682902
episode_000017,2,0,True,0.565290577818033,-0.03699834196763985,0.026,14,0.51,-0.2305947765230142
episode_000017,2,1,True,0.38131085602999554,0.19968101278840605,0.026,4,0.51,-0.2305947765230142
episode_000018,2,0,True,0.5176581726402961,-0.14989966716703126,0.026,13,0.51,0.13398331289744977
episode_000018,2,1,True,0.3840135206658996,-0.27022826205647466,0.026,0,0.51,0.13398331289744977
episode_000019,2,0,True,0.5712973321127272,-0.0923591024217903,0.026,14,0.51,0.1793892991969486
episode_000019,2,1,True,0.40774384866566477,0.005549200396524967,0.026,3,0.51,0.1793892991969486
episode_000020,2,0,True,0.5531882049051098,0.0001431208459150279,0.026,15,0.51,0.18198214333682902
episode_000020,2,1,True,0.4344713238345651,-0.22787920738270728,0.026,0,0.51,0.18198214333682902
episode_000021,2,0,True,0.4560890302117748,0.25950989954366865,0.026,11,0.51,-0.2305947765230142
episode_000021,2,1,True,0.6219175869159521,-0.05876393959119924,0.026,20,0.51,-0.2305947765230142
episode_000022,3,0,True,0.5229632648334835,-0.13934650260637932,0.026,13,0.51,0.13398331289744977
episode_000022,3,1,True,0.6585992437721027,-0.0390578499277078,0.026,20,0.51,0.13398331289744977
episode_000022,3,2,True,0.39669354082632835,-0.1577588310820292,0.026,1,0.51,0.13398331289744977
episode_000023,1,0,True,0.4673286352763247,-0.016934965001381128,0.026,8,0.51,0.1793892991969486
episode_000024,2,0,False,0.4629316798180305,0.002716979061296569,0.026,9,0.51,0.18198214333682902
episode_000024,2,1,False,0.6024566453675761,-0.053710027734547125,0.026,20,0.51,0.18198214333682902
episode_000025,2,0,True,0.5023415649300155,-0.05115298538785933,0.026,8,0.51,-0.2305947765230142
episode_000025,2,1,True,0.6110808256995195,0.18799783723348518,0.026,22,0.51,-0.2305947765230142
episode_000026,3,0,True,0.5392006863462813,-0.2799491778661805,0.026,12,0.51,0.13398331289744977
episode_000026,3,1,True,0.5045309746515311,0.3008401273476568,0.026,11,0.51,0.13398331289744977
episode_000026,3,2,True,0.48121429782368763,-0.11948922496780048,0.026,7,0.51,0.13398331289744977
episode_000027,3,0,True,0.5859312141839373,-0.033350748281889345,0.026,14,0.51,0.1793892991969486
episode_000027,3,1,True,0.44978094099444177,0.002404297406973088,0.026,9,0.51,0.1793892991969486
episode_000027,3,2,True,0.5087868096435444,-0.17404906214228721,0.026,7,0.51,0.1793892991969486
episode_000028,1,0,True,0.45059915236281184,0.002845544693721111,0.026,9,0.51,0.18198214333682902
episode_000029,1,0,True,0.5097242736224057,0.055540441398002405,0.026,9,0.51,-0.2305947765230142
episode_000030,2,0,True,0.514707224401008,-0.1554429980590456,0.026,7,0.51,0.13398331289744977
episode_000030,2,1,True,0.5874341644189275,-0.28521381141154317,0.026,18,0.51,0.13398331289744977
episode_000031,2,0,True,0.45013421296129336,-0.09561625725669169,0.026,8,0.51,0.1793892991969486
episode_000031,2,1,True,0.6042694971227374,0.0006843433183278029,0.026,21,0.51,0.1793892991969486
episode_000032,2,0,True,0.48669649644173374,0.003399325827439592,0.026,9,0.51,0.18198214333682902
episode_000032,2,1,True,0.6293715613787623,-0.22232843756987142,0.026,18,0.51,0.18198214333682902
episode_000033,1,0,True,0.49719203037091536,0.20055854672605086,0.026,11,0.51,-0.2305947765230142
episode_000034,2,0,True,0.3954811248504032,-0.25309564936903944,0.026,0,0.51,0.13398331289744977
episode_000034,2,1,True,0.5374746457519342,-0.1871285207642943,0.026,13,0.51,0.13398331289744977
episode_000035,1,0,True,0.45849384808677,-0.19552263570695558,0.026,7,0.51,0.1793892991969486
episode_000036,3,0,True,0.5263156318350924,0.00530382471540778,0.026,15,0.51,0.18198214333682902
episode_000036,3,1,True,0.6128578170666663,-0.16735208651012454,0.026,19,0.51,0.18198214333682902
episode_000036,3,2,True,0.4775169651122487,-0.25415647392214946,0.026,6,0.51,0.18198214333682902
episode_000037,2,0,True,0.3853418848847384,0.015261957538350992,0.026,3,0.51,-0.2305947765230142
episode_000037,2,1,True,0.5592309508284871,-0.03370876368161267,0.026,14,0.51,-0.2305947765230142
episode_000038,3,0,True,0.5333943383050023,-0.1335885705663894,0.026,13,0.51,0.13398331289744977
episode_000038,3,1,True,0.39655847570045616,-0.12967124194658944,0.026,1,0.51,0.13398331289744977
episode_000038,3,2,True,0.6592401358726793,-0.06047062403179425,0.026,20,0.51,0.13398331289744977
episode_000039,3,0,True,0.6465478452679909,-0.17442162436978692,0.026,19,0.51,0.1793892991969486
episode_000039,3,1,True,0.49191995055360854,-0.22937035864563937,0.026,6,0.51,0.1793892991969486
episode_000039,3,2,True,0.377389198807755,0.005714026054264308,0.026,3,0.51,0.1793892991969486
episode_000040,1,0,True,0.38079548603294133,-0.14763049470709705,0.026,1,0.51,0.18198214333682902
episode_000041,2,0,True,0.4205527658331814,-0.05539571888105209,0.026,2,0.51,-0.2305947765230142
episode_000041,2,1,True,0.5627297743405594,0.17923220030047937,0.026,16,0.51,-0.2305947765230142
episode_000042,3,0,True,0.6252995688621313,-0.15666644426356696,0.026,19,0.51,0.13398331289744977
episode_000042,3,1,True,0.4674721492894606,-0.0407888877964617,0.026,8,0.51,0.13398331289744977
episode_000042,3,2,True,0.3814869780083792,-0.1791220810981112,0.026,1,0.51,0.13398331289744977
episode_000043,3,0,False,0.6110457630450302,-0.24781206853838697,0.026,18,0.51,0.1793892991969486
episode_000043,3,1,False,0.48707721312394775,0.0038511423363668416,0.026,9,0.51,0.1793892991969486
episode_000043,3,2,False,0.4400681653555859,-0.15090037104435622,0.026,1,0.51,0.1793892991969486
episode_000044,2,0,True,0.4355688456335526,-0.1056407562370674,0.026,1,0.51,0.18198214333682902
episode_000044,2,1,True,0.6182667143112369,0.005377737178657508,0.026,21,0.51,0.18198214333682902
episode_000045,1,0,True,0.3895511196686493,-0.01425859798347337,0.026,2,0.51,-0.2305947765230142
episode_000046,3,0,False,0.6319787759872524,-0.03987255446687106,0.026,20,0.51,0.13398331289744977
episode_000046,3,1,False,0.46396255390816443,-0.12792280051565774,0.026,7,0.51,0.13398331289744977
episode_000046,3,2,False,0.6188947738513598,-0.16213894817127122,0.026,19,0.51,0.13398331289744977
episode_000047,1,0,True,0.3943521791687388,0.008795956480621724,0.026,3,0.51,0.1793892991969486
episode_000048,3,0,False,0.6553136168694633,0.009340892929394537,0.026,21,0.51,0.18198214333682902
episode_000048,3,1,False,0.4511254061454581,-0.13641030641739277,0.026,7,0.51,0.18198214333682902
episode_000048,3,2,False,0.4383173902707542,-0.2757705831042353,0.026,0,0.51,0.18198214333682902
episode_000049,1,0,True,0.3818982384099203,0.035132136278382756,0.026,3,0.51,-0.2305947765230142
episode_000050,1,0,True,0.42004274605224173,-0.2522440813945157,0.026,0,0.51,0.13398331289744977
episode_000051,2,0,True,0.4143861554673466,-0.0646946201906676,0.026,2,0.51,0.1793892991969486
episode_000051,2,1,True,0.5711069890140802,0.0031398647503246358,0.026,15,0.51,0.1793892991969486
episode_000052,1,0,True,0.4355219980008552,-0.18343546438424102,0.026,1,0.51,0.18198214333682902
episode_000053,2,0,True,0.4388604763347156,0.10810394447266441,0.026,4,0.51,-0.2305947765230142
episode_000053,2,1,True,0.5852459538348731,-0.024746979735953564,0.026,14,0.51,-0.2305947765230142
episode_000054,2,0,True,0.6077244053153965,-0.21771703089101296,0.026,18,0.51,0.13398331289744977
episode_000054,2,1,True,0.4457780401487585,-0.17245838044722125,0.026,7,0.51,0.13398331289744977
episode_000055,2,0,True,0.6558138947322901,0.001280299509841867,0.026,21,0.51,0.1793892991969486
episode_000055,2,1,True,0.47994579655685404,-0.09732688796613237,0.026,8,0.51,0.1793892991969486
episode_000056,3,0,True,0.6196959984281918,0.0015480289385995938,0.026,21,0.51,0.18198214333682902
episode_000056,3,1,True,0.4458465044095713,-0.13344924844000672,0.026,7,0.51,0.18198214333682902
episode_000056,3,2,True,0.44058995962100356,-0.008833426682971879,0.026,2,0.51,0.18198214333682902
episode_000057,1,0,True,0.576674482525234,-0.0501718069116028,0.026,14,0.51,-0.2305947765230142
episode_000058,2,0,True,0.6136030616170585,-0.24971383804443953,0.026,18,0.51,0.13398331289744977
episode_000058,2,1,True,0.48878034999787334,-0.21779122577945484,0.026,6,0.51,0.13398331289744977
episode_000059,1,0,True,0.5554877627217065,-0.09425092078322568,0.026,14,0.51,0.1793892991969486
episode_000060,3,0,True,0.49956688024849805,-0.10586368305368632,0.026,7,0.51,0.18198214333682902
episode_000060,3,1,True,0.4104949734094764,-0.2674651949725335,0.026,0,0.51,0.18198214333682902
episode_000060,3,2,True,0.6406693254404099,0.0062009307321801025,0.026,21,0.51,0.18198214333682902
episode_000061,1,0,True,0.5749500831165627,0.1462445362838083,0.026,16,0.51,-0.2305947765230142
episode_000062,3,0,False,0.4949964384655866,-0.16076836548284248,0.026,7,0.51,0.13398331289744977
episode_000062,3,1,False,0.6381501229133438,-0.0706831813979288,0.026,20,0.51,0.13398331289744977
episode_000062,3,2,False,0.6384954960586466,-0.19864843121389458,0.026,19,0.51,0.13398331289744977
episode_000063,1,0,True,0.5457399331223146,0.0049642127506329585,0.026,15,0.51,0.1793892991969486
episode_000064,2,0,True,0.6500871190446896,-0.12013889374886903,0.026,19,0.51,0.18198214333682902
episode_000064,2,1,True,0.4850670635066584,0.0010599582424211805,0.026,9,0.51,0.18198214333682902
episode_000065,1,0,True,0.535930786138402,0.2681262825371197,0.026,17,0.51,-0.2305947765230142
episode_000066,1,0,True,0.5158002471613837,-0.14860071555169302,0.026,13,0.51,0.13398331289744977
episode_000067,3,0,False,0.45001661684415767,-0.23103700131267912,0.026,6,0.51,0.1793892991969486
episode_000067,3,1,False,0.4339820410426462,0.0035182903249755325,0.026,3,0.51,0.1793892991969486
episode_000067,3,2,False,0.5773080958500636,-0.1374843170180782,0.026,13,0.51,0.1793892991969486
episode_000068,3,0,False,0.45366439664353975,-0.0970424973349343,0.026,8,0.51,0.18198214333682902
episode_000068,3,1,False,0.5737598990872734,0.004474411663182808,0.026,15,0.51,0.18198214333682902
episode_000068,3,2,False,0.5790554168680642,-0.13266509555593778,0.026,13,0.51,0.18198214333682902
episode_000069,3,0,True,0.5004937091450335,0.12610816114905968,0.026,10,0.51,-0.2305947765230142
episode_000069,3,1,True,0.4262093111400906,0.2935978122869607,0.026,5,0.51,-0.2305947765230142
episode_000069,3,2,True,0.5797941709831961,-0.040092926952418124,0.026,14,0.51,-0.2305947765230142
episode_000070,1,0,True,0.6033974099241824,-0.15743018149569943,0.026,19,0.51,0.13398331289744977
episode_000071,1,0,True,0.6064833632855016,-0.06318081551339594,0.026,20,0.51,0.1793892991969486
episode_000072,2,0,True,0.6091722789332445,-0.049136521865044386,0.026,20,0.51,0.18198214333682902
episode_000072,2,1,True,0.47991920755640183,0.010634146566116958,0.026,9,0.51,0.18198214333682902
episode_000073,3,0,False,0.491192137430629,0.05114799828360096,0.026,9,0.51,-0.2305947765230142
episode_000073,3,1,False,0.6527280738515511,-0.03189692227141794,0.026,20,0.51,-0.2305947765230142
episode_000073,3,2,False,0.5646340294897993,0.19081675288646868,0.026,16,0.51,-0.2305947765230142
episode_000074,2,0,True,0.6224906383609338,-0.20558437971788812,0.026,18,0.51,0.13398331289744977
episode_000074,2,1,True,0.4970563198998904,-0.255608758741431,0.026,6,0.51,0.13398331289744977
episode_000075,1,0,True,0.5957626223416972,0.006421095175943099,0.026,21,0.51,0.1793892991969486
episode_000076,3,0,False,0.4216714076395654,-0.10383750074901772,0.026,1,0.51,0.2338017318819175
episode_000076,3,1,False,0.5657582918088064,-0.22021144481476718,0.026,12,0.51,0.2338017318819175
episode_000076,3,2,False,0.6474832320661413,0.055432997084540775,0.026,21,0.51,0.2338017318819175
episode_000077,1,0,True,0.5894103772832959,0.01260194274672071,0.026,21,0.51,-0.20386991850249042
episode_000078,2,0,True,0.5739730349667368,-0.27052253179598973,0.026,12,0.51,0.1358334338715622
episode_000078,2,1,True,0.4077304609482517,-0.11192275468096068,0.026,1,0.51,0.1358334338715622
episode_000079,1,0,False,0.624813256231658,0.24641925838073164,0.026,23,0.51,-0.16148172770723804
episode_000080,3,0,True,0.4158383249241348,-0.19571415394891115,0.026,1,0.51,0.2338017318819175
episode_000080,3,1,True,0.5611512006324954,-0.05734714714094577,0.026,14,0.51,0.2338017318819175
episode_000080,3,2,True,0.3851047524077175,0.01335749832678951,0.026,3,0.51,0.2338017318819175
episode_000081,1,0,True,0.6034818375283869,0.2892825597463149,0.026,23,0.51,-0.20386991850249042
episode_000082,2,0,True,0.5822769658399953,-0.2345732088278829,0.026,12,0.51,0.1358334338715622
episode_000082,2,1,True,0.3940296365908973,-0.08481599169158409,0.026,2,0.51,0.1358334338715622
episode_000083,2,0,True,0.5534856745168636,0.16565454104342364,0.026,16,0.51,-0.16148172770723804
episode_000083,2,1,True,0.39718252016783534,0.15924375719392278,0.026,4,0.51,-0.16148172770723804
episode_000084,1,0,True,0.4669479320574462,-0.11227812482267703,0.026,7,0.51,0.2338017318819175
episode_000085,1,0,True,0.48333780264584214,-0.03611978735366109,0.026,8,0.51,-0.20386991850249042
episode_000086,3,0,True,0.37666020415150886,-0.28301059302643045,0.026,0,0.51,0.1358334338715622
episode_000086,3,1,True,0.5217049562905832,-0.146221597232652,0.026,13,0.51,0.1358334338715622
episode_000086,3,2,True,0.651180530393644,-0.15533954174086423,0.026,19,0.51,0.1358334338715622
episode_000087,3,0,False,0.37193626803775176,0.12640385659162798,0.026,4,0.51,-0.16148172770723804
episode_000087,3,1,False,0.5221165703668769,0.010263890886380357,0.026,15,0.51,-0.16148172770723804
episode_000087,3,2,False,0.6562438897897522,0.16195314072260472,0.026,22,0.51,-0.16148172770723804
episode_000088,3,0,True,0.3747321449508417,0.040764085951505095,0.026,3,0.51,0.2338017318819175
episode_000088,3,1,True,0.5757910637140181,-0.14362734428222765,0.026,13,0.51,0.2338017318819175
episode_000088,3,2,True,0.6201280401276266,-0.2716411394370536,0.026,18,0.51,0.2338017318819175
episode_000089,3,0,True,0.43972233263768823,0.030781576509143777,0.026,3,0.51,-0.20386991850249042
episode_000089,3,1,True,0.575156190191444,-0.012622818815498746,0.026,14,0.51,-0.20386991850249042
episode_000089,3,2,True,0.6130622725612757,0.12185810487868755,0.026,22,0.51,-0.20386991850249042
episode_000090,1,0,True,0.5141602469715187,-0.2493932196896913,0.026,6,0.51,0.1358334338715622
episode_000091,1,0,True,0.4681498873181898,0.0672270855987779,0.026,9,0.51,-0.16148172770723804
episode_000092,1,0,True,0.44932201268167704,-0.2797686562499011,0.026,6,0.51,0.2338017318819175
episode_000093,2,0,True,0.5264132230004865,-0.009161113801701606,0.026,14,0.51,-0.20386991850249042
episode_000093,2,1,True,0.4251559434927137,0.24702852366661537,0.026,5,0.51,-0.20386991850249042
episode_000094,3,0,True,0.5692931869024032,-0.12005127776438979,0.026,13,0.51,0.1358334338715622
episode_000094,3,1,True,0.6123258568386841,-0.28840801658471643,0.026,18,0.51,0.1358334338715622
episode_000094,3,2,True,0.4428058913262229,-0.16687052403090696,0.026,7,0.51,0.1358334338715622
episode_000095,2,0,True,0.5494369190729035,0.18546053630096443,0.026,16,0.51,-0.16148172770723804
episode_000095,2,1,True,0.3847676160949367,0.020507724128303404,0.026,3,0.51,-0.16148172770723804
episode_000096,2,0,False,0.5606756803111452,0.06173190385063139,0.026,15,0.51,0.2338017318819175
episode_000096,2,1,False,0.3926995712097894,-0.294340507031727,0.026,0,0.51,0.2338017318819175
episode_000097,3,0,True,0.5729261525308398,-0.028515931399820116,0.026,14,0.51,-0.20386991850249042
episode_000097,3,1,True,0.4342034917394112,-0.02033051728908164,0.026,2,0.51,-0.20386991850249042
episode_000097,3,2,True,0.5779484683124008,0.09497339292647358,0.026,15,0.51,-0.20386991850249042
episode_000098,1,0,True,0.4585475659195539,-0.12974136129883268,0.026,7,0.51,0.1358334338715622
episode_000099,3,0,True,0.5276703544950707,0.13002360933225057,0.026,16,0.51,-0.16148172770723804
episode_000099,3,1,True,0.6499252900445137,0.18218136007347235,0.026,22,0.51,-0.16148172770723804
episode_000099,3,2,True,0.4824144064418724,0.28665967162112815,0.026,11,0.51,-0.16148172770723804
episode_000100,3,0,True,0.5471022975785174,-0.09936631989484508,0.026,14,0.51,0.2338017318819175
episode_000100,3,1,True,0.6101624614043034,0.051930005950064535,0.026,21,0.51,0.2338017318819175
episode_000100,3,2,True,0.41354664861676355,-0.15402247615043171,0.026,1,0.51,0.2338017318819175
episode_000101,2,0,True,0.4718780277011911,0.2902215355639237,0.026,11,0.51,-0.20386991850249042
episode_000101,2,1,True,0.587465278307103,-0.027852893422756722,0.026,20,0.51,-0.20386991850249042
episode_000102,1,0,True,0.3717207690151409,-0.1717427332532513,0.026,1,0.51,0.1358334338715622
episode_000103,1,0,True,0.3795190294772791,0.12123284534709416,0.026,4,0.51,-0.16148172770723804
episode_000104,3,0,True,0.5806946476971955,0.011986084972729282,0.026,15,0.51,0.2338017318819175
episode_000104,3,1,True,0.6145230369013107,-0.13088048704999475,0.026,19,0.51,0.2338017318819175
episode_000104,3,2,True,0.4734753359982713,-0.2010634284462234,0.026,6,0.51,0.2338017318819175
episode_000105,3,0,True,0.5521372631446178,0.09827717951055123,0.026,15,0.51,-0.20386991850249042
episode_000105,3,1,True,0.608992205679165,-0.025910549215375625,0.026,20,0.51,-0.20386991850249042
episode_000105,3,2,True,0.4726163366152888,-0.034940391880437086,0.026,8,0.51,-0.20386991850249042
episode_000106,3,0,True,0.5946752954385284,-0.1117929394598394,0.026,19,0.51,0.1358334338715622
episode_000106,3,1,True,0.4921030743710071,-0.24087284000056625,0.026,6,0.51,0.1358334338715622
episode_000106,3,2,True,0.42756073929964333,0.30325440693172023,0.026,5,0.51,0.1358334338715622
episode_000107,3,0,True,0.6614599307708677,0.11439641385094079,0.026,22,0.51,-0.16148172770723804
episode_000107,3,1,True,0.5045643275586402,0.1609763230190989,0.026,10,0.51,-0.16148172770723804
episode_000107,3,2,True,0.43774561943388834,0.01117198820247413,0.026,3,0.51,-0.16148172770723804
episode_000108,1,0,True,0.3960702575528441,0.03938721737498424,0.026,3,0.51,0.2338017318819175
episode_000109,3,0,False,0.6262863738955787,-0.02206484881355833,0.026,20,0.51,-0.20386991850249042
episode_000109,3,1,False,0.4566181631568226,0.17513879104966457,0.026,10,0.51,-0.20386991850249042
episode_000109,3,2,False,0.5821154692538691,0.20161649436952872,0.026,17,0.51,-0.20386991850249042
episode_000110,1,0,True,0.38350316836173565,-0.24154115451344113,0.026,0,0.51,0.1358334338715622
episode_000111,1,0,True,0.406101632403714,0.2524468699246682,0.026,5,0.51,-0.16148172770723804
episode_000112,2,0,True,0.44911915739799696,0.01912345970657813,0.026,9,0.51,0.2338017318819175
episode_000112,2,1,True,0.613639540401168,-0.055617887198262494,0.026,20,0.51,0.2338017318819175
episode_000113,3,0,False,0.6082666651228835,-0.010403077041128375,0.026,20,0.51,-0.20386991850249042
episode_000113,3,1,False,0.4802903785414748,0.027087212995231095,0.026,9,0.51,-0.20386991850249042
episode_000113,3,2,False,0.4006198213542283,0.1801910054487702,0.026,4,0.51,-0.20386991850249042
episode_000114,2,0,True,0.4719589081933477,-0.20386980436812996,0.026,6,0.51,0.1358334338715622
episode_000114,2,1,True,0.6151167458945059,-0.2321761379245427,0.026,18,0.51,0.1358334338715622
episode_000115,2,0,True,0.48945533010279024,0.14688937295670695,0.026,10,0.51,-0.16148172770723804
episode_000115,2,1,True,0.6057102214582925,0.209423372893385,0.026,23,0.51,-0.16148172770723804
episode_000116,3,0,True,0.641081749545856,0.04533116165782935,0.026,21,0.51,0.2338017318819175
episode_000116,3,1,True,0.4617557964850778,-0.1905888385513812,0.026,7,0.51,0.2338017318819175
episode_000116,3,2,True,0.5867670140527385,-0.2723924978243099,0.026,12,0.51,0.2338017318819175
episode_000117,3,0,True,0.6350343319620985,0.06910602596507447,0.026,21,0.51,-0.20386991850249042
episode_000117,3,1,True,0.46781911772727325,-0.014412820380543534,0.026,8,0.51,-0.20386991850249042
episode_000117,3,2,True,0.42841304208078906,0.16666151524013884,0.026,4,0.51,-0.20386991850249042
episode_000118,3,0,True,0.5038122353006244,-0.13307621839135947,0.026,7,0.51,0.1358334338715622
episode_000118,3,1,True,0.38232439313086847,-0.2617119141951789,0.026,0,0.51,0.1358334338715622
episode_000118,3,2,True,0.6510230157843152,-0.1095070621592891,0.026,19,0.51,0.1358334338715622
episode_000119,3,0,True,0.5121663364220891,0.15155280961924814,0.026,10,0.51,-0.16148172770723804
episode_000119,3,1,True,0.37751211522761674,0.10219921888105507,0.026,4,0.51,-0.16148172770723804
episode_000119,3,2,True,0.5275797475196019,0.022743558675387406,0.026,15,0.51,-0.16148172770723804
episode_000120,1,0,True,0.3819423719361156,-0.19562908730800838,0.026,1,0.51,0.2338017318819175
episode_000121,3,0,True,0.48802222894055153,-0.01372533674200592,0.026,8,0.51,-0.20386991850249042
episode_000121,3,1,True,0.4118420748410368,0.15313455905108625,0.026,4,0.51,-0.20386991850249042
episode_000121,3,2,True,0.5703415264580094,0.2341815918721723,0.026,17,0.51,-0.20386991850249042
episode_000122,2,0,True,0.45115927547761014,-0.09301060948205936,0.026,8,0.51,0.1358334338715622
episode_000122,2,1,True,0.5964301196479513,-0.2914087670311493,0.026,18,0.51,0.1358334338715622
episode_000123,1,0,True,0.5849221517776408,0.1530154130438161,0.026,16,0.51,-0.16148172770723804
episode_000124,1,0,True,0.5591773873781731,-0.010981337454187654,0.026,14,0.51,0.2338017318819175
episode_000125,3,0,True,0.5100370720679532,-0.0010445426125963303,0.026,8,0.51,-0.20386991850249042
episode_000125,3,1,True,0.37689742342808963,0.03916528761583995,0.026,3,0.51,-0.20386991850249042
episode_000125,3,2,True,0.6490166540878441,-0.005053861129093659,0.026,20,0.51,-0.20386991850249042
episode_000126,3,0,True,0.5091157136617497,-0.15364796994340205,0.026,7,0.51,0.1358334338715622
episode_000126,3,1,True,0.3779736256180438,-0.15378736127499043,0.026,1,0.51,0.1358334338715622
episode_000126,3,2,True,0.5845264965222491,-0.2891941479569886,0.026,12,0.51,0.1358334338715622
episode_000127,2,0,True,0.5066658520050548,0.11979511811680225,0.026,10,0.51,-0.16148172770723804
episode_000127,2,1,True,0.637126533480354,0.11940989310605593,0.026,22,0.51,-0.16148172770723804
episode_000128,2,0,False,0.4307055020705876,0.057682753382090265,0.026,3,0.51,0.2338017318819175
episode_000128,2,1,False,0.5236984737274335,-0.17297500409235406,0.026,13,0.51,0.2338017318819175
episode_000129,2,0,True,0.4084594498605689,0.06595527653084553,0.026,3,0.51,-0.20386991850249042
episode_000129,2,1,True,0.5799119308520972,-0.012654126950580658,0.026,14,0.51,-0.20386991850249042
episode_000130,1,0,True,0.5808293605449809,-0.22936524354056526,0.026,12,0.51,0.1358334338715622
episode_000131,1,0,True,0.5203146797689154,0.053003061967120194,0.026,15,0.51,-0.16148172770723804
episode_000132,1,0,True,0.5456165845986627,-0.25231888347252046,0.026,12,0.51,0.2338017318819175
episode_000133,1,0,True,0.5719784926072287,0.21408565451396844,0.026,17,0.51,-0.20386991850249042
episode_000134,3,0,True,0.4882784961036174,-0.19216608400227275,0.026,7,0.51,0.1358334338715622
episode_000134,3,1,True,0.6236796460216338,-0.17585289044908137,0.026,19,0.51,0.1358334338715622
episode_000134,3,2,True,0.5257067269875345,-0.035783281311794785,0.026,14,0.51,0.1358334338715622
episode_000135,3,0,True,0.4055370486840336,0.24350284399993338,0.026,5,0.51,-0.16148172770723804
episode_000135,3,1,True,0.5664560524136126,0.14853743059455707,0.026,16,0.51,-0.16148172770723804
episode_000135,3,2,True,0.4476801238755876,0.11987824956633535,0.026,10,0.51,-0.16148172770723804
episode_000136,1,0,True,0.6475201172832872,-0.16193516756673446,0.026,19,0.51,0.2338017318819175
episode_000137,2,0,True,0.4383961380355231,-0.013361246899665863,0.026,2,0.51,-0.20386991850249042
episode_000137,2,1,True,0.553885332145918,0.11714558642744904,0.026,16,0.51,-0.20386991850249042
episode_000138,3,0,True,0.3845527006028051,-0.12295948155294417,0.026,1,0.51,0.1358334338715622
episode_000138,3,1,True,0.5318782049093199,-0.03768787240354324,0.026,14,0.51,0.1358334338715622
episode_000138,3,2,True,0.5864763040200769,-0.16523145830102365,0.026,19,0.51,0.1358334338715622
episode_000139,2,0,True,0.397977236883382,0.19218141789912618,0.026,4,0.51,-0.16148172770723804
episode_000139,2,1,True,0.5215847797262064,0.2887965692545366,0.026,17,0.51,-0.16148172770723804
episode_000140,1,0,True,0.6364758665610944,-0.011512799498404419,0.026,20,0.51,0.2338017318819175
episode_000141,3,0,True,0.40864294016662933,-0.01621951270306478,0.026,2,0.51,-0.20386991850249042
episode_000141,3,1,True,0.5222518589999323,0.12543742425470347,0.026,16,0.51,-0.20386991850249042
episode_000141,3,2,True,0.6061446110861869,0.242865779431348,0.026,23,0.51,-0.20386991850249042
episode_000142,1,0,True,0.5894263093073131,-0.2635918399858695,0.026,18,0.51,0.1358334338715622
episode_000143,2,0,False,0.3965935839383895,0.19179914213830757,0.026,4,0.51,-0.16148172770723804
episode_000143,2,1,False,0.5878670679544585,0.017568649903397047,0.026,15,0.51,-0.16148172770723804
episode_000144,2,0,True,0.3958433223464146,0.022991429387056738,0.026,3,0.51,0.2338017318819175
episode_000144,2,1,True,0.5324130096241906,-0.20096879771571352,0.026,12,0.51,0.2338017318819175
episode_000145,2,0,True,0.6341165252707696,0.20887397766973892,0.026,23,0.51,-0.20386991850249042
episode_000145,2,1,True,0.5112889975039615,-0.021205965585016445,0.026,8,0.51,-0.20386991850249042
episode_000146,3,0,True,0.44176391715229457,-0.07168846749010366,0.026,2,0.51,0.1358334338715622
episode_000146,3,1,True,0.5777214382549116,-0.16298346990003118,0.026,13,0.51,0.1358334338715622
episode_000146,3,2,True,0.4223284942516114,-0.19436727607464532,0.026,1,0.51,0.1358334338715622
episode_000147,2,0,True,0.6452858952119265,0.011914685866217363,0.026,21,0.51,-0.16148172770723804
episode_000147,2,1,True,0.4450336527241753,0.165359833159251,0.026,10,0.51,-0.16148172770723804
episode_000148,3,0,True,0.43238879428817073,0.009814804072178754,0.026,3,0.51,0.2338017318819175
episode_000148,3,1,True,0.5610647050782915,-0.13596470526112098,0.026,13,0.51,0.2338017318819175
episode_000148,3,2,True,0.617999783976827,-0.2677500249276794,0.026,18,0.51,0.2338017318819175
episode_000149,1,0,True,0.6396450374468661,0.029587884607654866,0.026,21,0.51,-0.20386991850249042
episode_000150,3,0,True,0.39419028813243623,-0.14298927907251918,0.026,1,0.51,0.1358334338715622
episode_000150,3,1,True,0.5270532538804461,-0.12863687214131692,0.026,13,0.51,0.1358334338715622
episode_000150,3,2,True,0.6496909445540278,-0.05362545180808048,0.026,20,0.51,0.1358334338715622
episode_000151,3,0,False,0.5578831561528993,-0.15457859405846683,0.026,13,0.51,0.2499630901133501
episode_000151,3,1,False,0.6190404719556379,-0.2781453774203647,0.026,18,0.51,0.2499630901133501
episode_000151,3,2,False,0.4932641825536384,0.07020960842759884,0.026,9,0.51,0.2499630901133501
episode_000152,3,0,False,0.5781894868896151,-0.13381508123656452,0.026,13,0.51,0.22655931169248303
episode_000152,3,1,False,0.6035195071602454,-0.007792559783589614,0.026,20,0.51,0.22655931169248303
episode_000152,3,2,False,0.46931613295161634,0.014334818892262053,0.026,9,0.51,0.22655931169248303
episode_000153,3,0,True,0.5239501589485261,0.11093802627495362,0.026,16,0.51,-0.1451648446855659
episode_000153,3,1,True,0.6535602989760075,0.1079448454924383,0.026,22,0.51,-0.1451648446855659
episode_000153,3,2,True,0.5003540308789772,0.23269004384968814,0.026,11,0.51,-0.1451648446855659
episode_000154,3,0,True,0.5206458243958548,-0.05502074197406952,0.026,14,0.51,0.17050280804061263
episode_000154,3,1,True,0.37006879269416504,0.0009358916707050414,0.026,3,0.51,0.17050280804061263
episode_000154,3,2,True,0.4579779150211497,-0.19052656195896012,0.026,7,0.51,0.17050280804061263
episode_000155,2,0,True,0.6007165041211495,-0.2075902360046986,0.026,18,0.51,0.2499630901133501
episode_000155,2,1,True,0.5128721921934987,0.038153395474276555,0.026,9,0.51,0.2499630901133501
episode_000156,3,0,True,0.5567628508013448,0.009436759050413012,0.026,15,0.51,0.22655931169248303
episode_000156,3,1,True,0.6123014024767676,-0.1368640140463636,0.026,19,0.51,0.22655931169248303
episode_000156,3,2,True,0.4604870731749314,-0.26072554574577983,0.026,6,0.51,0.22655931169248303
episode_000157,2,0,False,0.6269898530323719,0.17441678595085996,0.026,22,0.51,-0.1451648446855659
episode_000157,2,1,False,0.4525111844101713,0.26868996072909657,0.026,11,0.51,-0.1451648446855659
episode_000158,2,0,True,0.6360836437016298,-0.07554384435264529,0.026,20,0.51,0.17050280804061263
episode_000158,2,1,True,0.47780353951878535,-0.2780672867504854,0.026,6,0.51,0.17050280804061263
episode_000159,1,0,True,0.6019763396942597,-0.2173468038358138,0.026,18,0.51,0.2499630901133501
episode_000160,2,0,True,0.5943080694430019,0.045192335270326144,0.026,21,0.51,0.22655931169248303
episode_000160,2,1,True,0.5022524903741745,-0.25142519282483944,0.026,6,0.51,0.22655931169248303
episode_000161,2,0,True,0.5394218397472418,0.27752629469902895,0.026,17,0.51,-0.1451648446855659
episode_000161,2,1,True,0.4377124183758807,0.10626469957324253,0.026,4,0.51,-0.1451648446855659
episode_000162,2,0,True,0.4871096862050709,8.578364258758433e-05,0.026,9,0.51,0.17050280804061263
episode_000162,2,1,True,0.6356336993783931,-0.08306818197979667,0.026,20,0.51,0.17050280804061263
episode_000163,3,0,False,0.5169589421456722,0.0034090940255713034,0.026,15,0.51,0.2499630901133501
episode_000163,3,1,False,0.6041212200455408,-0.17340577770329973,0.026,19,0.51,0.2499630901133501
episode_000163,3,2,False,0.3712963357043629,-0.06824914879090281,0.026,2,0.51,0.2499630901133501
episode_000164,2,0,False,0.5388733470490147,-0.27683078806026523,0.026,12,0.51,0.22655931169248303
episode_000164,2,1,False,0.39310936878111646,0.006591451778616362,0.026,3,0.51,0.22655931169248303
episode_000165,3,0,True,0.633014938539644,0.22430949996456478,0.026,23,0.51,-0.1451648446855659
episode_000165,3,1,True,0.44944695927076955,0.1666098716951313,0.026,10,0.51,-0.1451648446855659
episode_000165,3,2,True,0.5773891166102254,0.1068937213450287,0.026,16,0.51,-0.1451648446855659
episode_000166,1,0,True,0.6004712834138424,-0.17621672414701975,0.026,19,0.51,0.17050280804061263
episode_000167,3,0,True,0.6574390438676487,-0.1630397390728171,0.026,19,0.51,0.2499630901133501
episode_000167,3,1,True,0.4467130809364856,-0.036380344593109515,0.026,8,0.51,0.2499630901133501
episode_000167,3,2,True,0.5861293137939156,0.05072205521825597,0.026,15,0.51,0.2499630901133501
episode_000168,2,0,True,0.5627180546086893,-0.17026856698424547,0.026,13,0.51,0.22655931169248303
episode_000168,2,1,True,0.3762436557216448,0.007629215865178903,0.026,3,0.51,0.22655931169248303
episode_000169,2,0,False,0.5533658023030957,0.13903894896745414,0.026,16,0.51,-0.1451648446855659
episode_000169,2,1,False,0.38277002485429756,0.09176819754516678,0.026,3,0.51,-0.1451648446855659
episode_000170,2,0,True,0.5184841927225654,0.0007874671990689695,0.026,15,0.51,0.17050280804061263
episode_000170,2,1,True,0.3960808248444582,-0.2615089772809389,0.026,0,0.51,0.17050280804061263
episode_000171,1,0,True,0.49651311723327324,-0.19572758149540692,0.026,7,0.51,0.2499630901133501
episode_000172,1,0,False,0.4432520213786494,-0.03067697748707149,0.026,8,0.51,0.22655931169248303
episode_000173,1,0,True,0.45858968664325017,0.1563265443374787,0.026,10,0.51,-0.1451648446855659
episode_000174,2,0,True,0.45616578534501917,-0.2761322323273749,0.026,6,0.51,0.17050280804061263
episode_000174,2,1,True,0.6169995947351531,-0.16432360181906347,0.026,19,0.51,0.17050280804061263
episode_000175,1,0,True,0.4606593200867165,0.06475848546097844,0.026,9,0.51,0.2499630901133501
episode_000176,3,0,False,0.5993756020566936,-0.2534982084160313,0.026,18,0.51,0.22655931169248303
episode_000176,3,1,False,0.48887958152621236,0.0024688715021462873,0.026,9,0.51,0.22655931169248303
episode_000176,3,2,False,0.4206453805884992,-0.1817813619482921,0.026,1,0.51,0.22655931169248303
episode_000177,3,0,True,0.6305115005423629,0.1883936170969815,0.026,22,0.51,-0.1451648446855659
episode_000177,3,1,True,0.5010855599777208,0.07475885202264564,0.026,9,0.51,-0.1451648446855659
episode_000177,3,2,True,0.3710351471580094,0.1277967096401731,0.026,4,0.51,-0.1451648446855659
episode_000178,1,0,True,0.4470676316592263,-0.23435996373222204,0.026,6,0.51,0.17050280804061263
episode_000179,1,0,True,0.47584423778965057,-0.12684074322714617,0.026,7,0.51,0.2499630901133501
episode_000180,2,0,True,0.4635762581931164,0.020926388524741626,0.026,9,0.51,0.22655931169248303
episode_000180,2,1,True,0.6027303912238317,-0.06822129929883589,0.026,20,0.51,0.22655931169248303
episode_000181,2,0,True,0.4651664502698053,0.1045332505438812,0.026,10,0.51,-0.1451648446855659
episode_000181,2,1,True,0.6373342803851046,0.13164724751403453,0.026,22,0.51,-0.1451648446855659
episode_000182,3,0,True,0.5853850839262341,0.0004312317060812922,0.026,15,0.51,0.17050280804061263
episode_000182,3,1,True,0.5024770998454486,-0.17107231866292358,0.026,7,0.51,0.17050280804061263
episode_000182,3,2,True,0.3776965037193145,-0.2085873037107448,0.026,0,0.51,0.17050280804061263
episode_000183,2,0,True,0.5009549026707238,-0.18507643845608757,0.026,7,0.51,0.2499630901133501
episode_000183,2,1,True,0.6365937079177167,0.06739778408402275,0.026,21,0.51,0.2499630901133501
episode_000184,1,0,True,0.38719927774423973,-0.10337446462139696,0.026,1,0.51,0.22655931169248303
episode_000185,1,0,True,0.388580238430003,0.13708773300655716,0.026,4,0.51,-0.1451648446855659
episode_000186,2,0,True,0.4954754922861987,-0.03200347593985971,0.026,8,0.51,0.17050280804061263
episode_000186,2,1,True,0.600640605518882,-0.2366086006676572,0.026,18,0.51,0.17050280804061263
episode_000187,3,0,False,0.5971012553054962,0.018071923526315134,0.026,21,0.51,0.2499630901133501
episode_000187,3,1,False,0.5058825611956244,-0.1875945090830785,0.026,7,0.51,0.2499630901133501
episode_000187,3,2,False,0.39505922101175184,-0.054348815278767816,0.026,2,0.51,0.2499630901133501
episode_000188,1,0,True,0.43399472602371025,0.011606560944125486,0.026,3,0.51,0.22655931169248303
episode_000189,3,0,True,0.4929477319444326,0.28109586671584685,0.026,11,0.51,-0.1451648446855659
episode_000189,3,1,True,0.3928138810378762,0.15636395037955023,0.026,4,0.51,-0.1451648446855659
episode_000189,3,2,True,0.5770023349115894,0.1388706829330404,0.026,16,0.51,-0.1451648446855659
episode_000190,2,0,False,0.49734045742048666,0.0005154765761817328,0.026,9,0.51,0.17050280804061263
episode_000190,2,1,False,0.6189237977765167,-0.21043945383035306,0.026,18,0.51,0.17050280804061263
episode_000191,2,0,True,0.4328529168240969,0.05618978907434062,0.026,3,0.51,0.2499630901133501
episode_000191,2,1,True,0.5535832360835654,-0.11675325748367116,0.026,13,0.51,0.2499630901133501
episode_000192,3,0,True,0.4887020237933599,-0.11800025245818811,0.026,7,0.51,0.22655931169248303
episode_000192,3,1,True,0.6141382249658914,-0.04775365453803229,0.026,20,0.51,0.22655931169248303
episode_000192,3,2,True,0.4548496777484298,0.04490053241952033,0.026,9,0.51,0.22655931169248303
episode_000193,3,0,True,0.470872623487696,0.1370565264366394,0.026,10,0.51,-0.1451648446855659
episode_000193,3,1,True,0.6334113861814206,0.15742668432697443,0.026,22,0.51,-0.1451648446855659
episode_000193,3,2,True,0.546409426461277,0.29168569929201904,0.026,17,0.51,-0.1451648446855659
episode_000194,2,0,True,0.6514879035056746,0.00011247969389607586,0.026,21,0.51,0.17050280804061263
episode_000194,2,1,True,0.5205017573103792,-0.06631876551830956,0.026,14,0.51,0.17050280804061263
episode_000195,3,0,True,0.45720083459080474,-0.046456163105409544,0.026,8,0.51,0.2499630901133501
episode_000195,3,1,True,0.4002343232752568,0.07153412133638472,0.026,3,0.51,0.2499630901133501
episode_000195,3,2,True,0.5352269402152331,-0.16267669766223486,0.026,13,0.51,0.2499630901133501
episode_000196,3,0,True,0.48272502661109185,0.029129165304712275,0.026,9,0.51,0.22655931169248303
episode_000196,3,1,True,0.4239526637075861,-0.17169015066715426,0.026,1,0.51,0.22655931169248303
episode_000196,3,2,True,0.5854999330084457,-0.2813769442391842,0.026,12,0.51,0.22655931169248303
episode_000197,1,0,True,0.4344310689653337,0.05413712250791192,0.026,3,0.51,-0.1451648446855659
episode_000198,2,0,True,0.42668233857017074,-0.19955957843228217,0.026,0,0.51,0.17050280804061263
episode_000198,2,1,True,0.551739888778271,-0.27844728017075165,0.026,12,0.51,0.17050280804061263
episode_000199,1,0,True,0.4400142766037789,-0.24399236219068338,0.026,0,0.51,0.2499630901133501
episode_000200,3,0,False,0.4582088066026916,0.05275197018025273,0.026,9,0.51,0.22655931169248303
episode_000200,3,1,False,0.43680439244380115,-0.15758752997556724,0.026,1,0.51,0.22655931169248303
episode_000200,3,2,False,0.5722270200109054,-0.08551179925940995,0.026,14,0.51,0.22655931169248303
episode_000201,2,0,True,0.39179999247907177,0.18373979617653746,0.026,4,0.51,-0.1451648446855659
episode_000201,2,1,True,0.5742665116958964,0.22030646109765722,0.026,17,0.51,-0.1451648446855659
episode_000202,2,0,True,0.4195123903086243,-0.06125221951155292,0.026,2,0.51,0.17050280804061263
episode_000202,2,1,True,0.560265515752312,-0.27746832039612906,0.026,12,0.51,0.17050280804061263
episode_000203,3,0,False,0.3874966595430834,-0.12055769410733436,0.026,1,0.51,0.2499630901133501
episode_000203,3,1,False,0.5452383072122062,-0.27058713084470576,0.026,12,0.51,0.2499630901133501
episode_000203,3,2,False,0.6219028227728002,0.07621837559383093,0.026,21,0.51,0.2499630901133501
episode_000204,2,0,False,0.42268624931478804,0.03511814604350868,0.026,3,0.51,0.22655931169248303
episode_000204,2,1,False,0.582226629711763,-0.300212990856467,0.026,12,0.51,0.22655931169248303
episode_000205,3,0,True,0.42346419904158816,0.14576629981121217,0.026,4,0.51,-0.1451648446855659
episode_000205,3,1,True,0.5531169512265599,0.16643980708597828,0.026,16,0.51,-0.1451648446855659
episode_000205,3,2,True,0.6457850199303393,0.0416797585505698,0.026,21,0.51,-0.1451648446855659
episode_000206,1,0,True,0.38896704855114766,-0.11637426030107531,0.026,1,0.51,0.17050280804061263
episode_000207,1,0,True,0.5173093930660961,-0.13276042395615745,0.026,13,0.51,0.2499630901133501
episode_000208,1,0,True,0.5476569289595055,-0.09585989338354385,0.026,14,0.51,0.22655931169248303
episode_000209,2,0,True,0.6141255445609135,0.20601822618644325,0.026,23,0.51,-0.1451648446855659
episode_000209,2,1,True,0.4574349134182902,0.10866758303379312,0.026,10,0.51,-0.1451648446855659
episode_000210,3,0,True,0.4254226311027515,-0.2387012479595349,0.026,0,0.51,0.17050280804061263
episode_000210,3,1,True,0.5452520157657749,-0.15735937026282185,0.026,13,0.51,0.17050280804061263
episode_000210,3,2,True,0.4156852003295252,-0.1020380968490549,0.026,1,0.51,0.17050280804061263
episode_000211,1,0,True,0.5203974577866451,0.0653787145535176,0.026,15,0.51,0.2499630901133501
episode_000212,3,0,True,0.4309305008001537,-0.09270837848787544,0.026,2,0.51,0.22655931169248303
episode_000212,3,1,True,0.5448997081081868,0.047879699832254825,0.026,15,0.51,0.22655931169248303
episode_000212,3,2,True,0.6166456279555725,-0.1301092382001018,0.026,19,0.51,0.22655931169248303
episode_000213,2,0,True,0.6571391681344863,0.03596042899408692,0.026,21,0.51,-0.1451648446855659
episode_000213,2,1,True,0.4913789478518098,0.16789861140790213,0.026,10,0.51,-0.1451648446855659
episode_000214,2,0,True,0.6413697895586431,-0.20830994160088284,0.026,18,0.51,0.17050280804061263
episode_000214,2,1,True,0.48288274005461596,-0.2275206320501772,0.026,6,0.51,0.17050280804061263
episode_000215,3,0,True,0.40883559824157756,0.044930244649048,0.026,3,0.51,0.2499630901133501
episode_000215,3,1,True,0.5638717042935543,-0.1847019994470521,0.026,13,0.51,0.2499630901133501
episode_000215,3,2,True,0.38554080061243134,-0.2666432306761797,0.026,0,0.51,0.2499630901133501
episode_000216,2,0,True,0.6088737937872132,-0.18014917566209432,0.026,19,0.51,0.22655931169248303
episode_000216,2,1,True,0.5136566035232858,0.0016114108520065384,0.026,9,0.51,0.22655931169248303
episode_000217,2,0,True,0.6201847629602947,0.12492771027169605,0.026,22,0.51,-0.1451648446855659
episode_000217,2,1,True,0.4700246150688771,0.053811501412669736,0.026,9,0.51,-0.1451648446855659
episode_000218,1,0,True,0.5506963760539785,0.0008619573583956366,0.026,15,0.51,0.17050280804061263
episode_000219,2,0,False,0.6409502268731437,0.023497025957067215,0.026,21,0.51,0.2499630901133501
episode_000219,2,1,False,0.4837935312726319,-0.24407497104836462,0.026,6,0.51,0.2499630901133501
episode_000220,1,0,True,0.5784715443323017,-0.28755554843072517,0.026,12,0.51,0.22655931169248303
episode_000221,3,0,True,0.42083662936327343,0.06887487012256122,0.026,3,0.51,-0.1451648446855659
episode_000221,3,1,True,0.5615692470905108,0.1707190240783072,0.026,16,0.51,-0.1451648446855659
episode_000221,3,2,True,0.43607831529041086,0.1949730021002734,0.026,4,0.51,-0.1451648446855659
episode_000222,3,0,False,0.5409968616877782,-0.17444969284653863,0.026,13,0.51,0.17050280804061263
episode_000222,3,1,False,0.5921016554357523,-0.2987195441702837,0.026,18,0.51,0.17050280804061263
episode_000222,3,2,False,0.394304314886197,-0.10016451728647124,0.026,1,0.51,0.17050280804061263
episode_000223,2,0,False,0.5292508358690928,0.04569270057700651,0.026,15,0.51,0.2499630901133501
episode_000223,2,1,False,0.38695614484914886,-0.195641480791373,0.026,1,0.51,0.2499630901133501
episode_000224,2,0,True,0.5575796628254002,0.038162597890850775,0.026,15,0.51,0.22655931169248303
episode_000224,2,1,True,0.3944829473029633,-0.05278787108262839,0.026,2,0.51,0.22655931169248303
episode_000225,3,0,True,0.5190837820907134,0.11292859755117599,0.026,16,0.51,-0.1451648446855659
episode_000225,3,1,True,0.6431251003560795,0.1969763070818133,0.026,22,0.51,-0.1451648446855659
episode_000225,3,2,True,0.382418868990494,0.059349635395851585,0.026,3,0.51,-0.1451648446855659
episode_000226,2,0,True,0.5242866969752457,-0.23517139745428614,0.026,12,0.51,0.22068437046266912
episode_000226,2,1,True,0.3998634592502686,0.005685566128515766,0.026,3,0.51,0.22068437046266912
episode_000227,2,0,True,0.5417689759143811,-0.1328641520672637,0.026,13,0.51,0.2130091388423873
episode_000227,2,1,True,0.3801817749810511,0.04276036623317287,0.026,3,0.51,0.2130091388423873
episode_000228,1,0,True,0.5624799752994334,0.23263796254150287,0.026,17,0.51,-0.20846279558618538
episode_000229,3,0,True,0.5157650475969513,-0.25957386608012134,0.026,12,0.51,0.19379382713580406
episode_000229,3,1,True,0.5935276346708928,0.00040330299699145936,0.026,21,0.51,0.19379382713580406
episode_000229,3,2,True,0.5084294905161546,-0.1406784358293556,0.026,7,0.51,0.19379382713580406
episode_000230,2,0,False,0.586382383281863,-0.013942246115310891,0.026,14,0.51,0.22068437046266912
episode_000230,2,1,False,0.4150040408947042,0.005720736459831159,0.026,3,0.51,0.22068437046266912
episode_000231,3,0,True,0.5854626435048476,-0.02972943380755297,0.026,14,0.51,0.2130091388423873
episode_000231,3,1,True,0.4492775863558484,0.04100670315918622,0.026,9,0.51,0.2130091388423873
episode_000231,3,2,True,0.44816073699202175,-0.10179735896902029,0.026,7,0.51,0.2130091388423873
episode_000232,1,0,True,0.6520599104417841,-0.02385550915755623,0.026,20,0.51,-0.20846279558618538
episode_000233,1,0,True,0.6269235219310542,-0.09658522201686787,0.026,20,0.51,0.19379382713580406
episode_000234,1,0,True,0.657781525875771,0.007026183046469535,0.026,21,0.51,0.22068437046266912
episode_000235,1,0,True,0.6542880325636539,0.019871850134817497,0.026,21,0.51,0.2130091388423873
episode_000236,3,0,True,0.5384454508184701,0.143729161154389,0.026,16,0.51,-0.20846279558618538
episode_000236,3,1,True,0.5880550644188111,0.26942036578390605,0.026,23,0.51,-0.20846279558618538
episode_000236,3,2,True,0.4689539946533539,-0.038832586021609605,0.026,8,0.51,-0.20846279558618538
episode_000237,3,0,True,0.572767302564794,0.0020021746931744295,0.026,15,0.51,0.19379382713580406
episode_000237,3,1,True,0.595540654595943,-0.13048085210904575,0.026,19,0.51,0.19379382713580406
episode_000237,3,2,True,0.4520379325557254,-0.09795953909858157,0.026,8,0.51,0.19379382713580406
episode_000238,1,0,True,0.6258269583944988,-0.2404453548041041,0.026,18,0.51,0.22068437046266912
episode_000239,3,0,True,0.6516467504032176,-0.19135641710637485,0.026,19,0.51,0.2130091388423873
episode_000239,3,1,True,0.5038139973194451,-0.279627290050759,0.026,6,0.51,0.2130091388423873
episode_000239,3,2,True,0.41240911613082937,0.02369214129656649,0.026,3,0.51,0.2130091388423873
episode_000240,3,0,True,0.6117589954211606,-0.02082730493903892,0.026,20,0.51,-0.20846279558618538
episode_000240,3,1,True,0.4695771361262457,-0.00561767298787727,0.026,8,0.51,-0.20846279558618538
episode_000240,3,2,True,0.405837601342932,0.24160309136938746,0.026,5,0.51,-0.20846279558618538
episode_000241,2,0,True,0.5456712443131252,0.020040407766420222,0.026,15,0.51,0.19379382713580406
episode_000241,2,1,True,0.3886611118681263,-0.2379645531318204,0.026,0,0.51,0.19379382713580406
episode_000242,1,0,True,0.6175671347280391,-0.1374994648640066,0.026,19,0.51,0.22068437046266912
episode_000243,2,0,True,0.49265402465113434,0.011357660898489505,0.026,9,0.51,0.2130091388423873
episode_000243,2,1,True,0.6341585716944242,-0.19556524036462616,0.026,19,0.51,0.2130091388423873
episode_000244,1,0,True,0.49124480953157557,-0.02826810247492123,0.026,8,0.51,-0.20846279558618538
episode_000245,2,0,True,0.4914107686372669,0.01763407003382855,0.026,9,0.51,0.19379382713580406
episode_000245,2,1,True,0.6316197523966871,-0.013410844784390252,0.026,20,0.51,0.19379382713580406
episode_000246,1,0,True,0.4496666988509432,-0.021189980257724922,0.026,8,0.51,0.22068437046266912
episode_000247,3,0,True,0.5938604932545423,-0.26415082767356596,0.026,18,0.51,0.2130091388423873
episode_000247,3,1,True,0.4599677515453144,0.030314498068316268,0.026,9,0.51,0.2130091388423873
episode_000247,3,2,True,0.4363841633840404,-0.14185252840350207,0.026,1,0.51,0.2130091388423873
episode_000248,3,0,True,0.6422979558345049,-0.016368664435458938,0.026,20,0.51,-0.20846279558618538
episode_000248,3,1,True,0.4588202247128766,0.055447681035588094,0.026,9,0.51,-0.20846279558618538
episode_000248,3,2,True,0.4304806559633263,0.19649508723131762,0.026,4,0.51,-0.20846279558618538
episode_000249,1,0,True,0.47459427954630595,0.010698972502312196,0.026,9,0.51,0.19379382713580406
episode_000250,1,0,True,0.49270051412285937,0.01979761523406112,0.026,9,0.51,0.22068437046266912
episode_000251,1,0,True,0.45218651925832476,-0.20625634339748578,0.026,6,0.51,0.2130091388423873
episode_000252,3,0,True,0.6344246794805571,0.1642696740910342,0.026,22,0.51,-0.20846279558618538
episode_000252,3,1,True,0.45423968958013866,0.24130827725302623,0.026,11,0.51,-0.20846279558618538
episode_000252,3,2,True,0.4141000207094704,-0.007056417488307959,0.026,2,0.51,-0.20846279558618538
episode_000253,1,0,True,0.49904479700708443,-0.1387215792165558,0.026,7,0.51,0.19379382713580406
episode_000254,2,0,False,0.506347040530776,-0.2532513878799924,0.026,6,0.51,0.22068437046266912
episode_000254,2,1,False,0.6142416038740844,0.028657709164890372,0.026,21,0.51,0.22068437046266912
episode_000255,2,0,True,0.5112624833628654,-0.16103493113467227,0.026,7,0.51,0.2130091388423873
episode_000255,2,1,True,0.6347994154590201,0.02803310547347336,0.026,21,0.51,0.2130091388423873
episode_000256,1,0,True,0.41490218717719557,-0.02471596416871827,0.026,2,0.51,-0.20846279558618538
episode_000257,1,0,True,0.41534160208571475,-0.00487052807347893,0.026,2,0.51,0.19379382713580406
episode_000258,2,0,True,0.505261064253316,-0.07312066247106373,0.026,8,0.51,0.22068437046266912
episode_000258,2,1,True,0.655299752277348,0.0317528216671861,0.026,21,0.51,0.22068437046266912
episode_000259,1,0,True,0.44244311134896463,0.025463963382123034,0.026,3,0.51,0.2130091388423873
episode_000260,2,0,True,0.4895408221228974,0.16788849011128915,0.026,10,0.51,-0.20846279558618538
episode_000260,2,1,True,0.6539687203088873,-0.021356618445232123,0.026,20,0.51,-0.20846279558618538
episode_000261,2,0,True,0.3897576899434458,0.014977175885898935,0.026,3,0.51,0.19379382713580406
episode_000261,2,1,True,0.5250738667901339,-0.1315778061736104,0.026,13,0.51,0.19379382713580406
episode_000262,1,0,False,0.43568779674276303,0.029939887976085447,0.026,3,0.51,0.22068437046266912
episode_000263,3,0,False,0.6114066045754872,0.043632719302548806,0.026,21,0.51,0.2130091388423873
episode_000263,3,1,False,0.4725910538338417,-0.1876036181471437,0.026,7,0.51,0.2130091388423873
episode_000263,3,2,False,0.38144471324665863,-0.04424698035924729,0.026,2,0.51,0.2130091388423873
episode_000264,3,0,True,0.4601846454246437,0.21914705841164342,0.026,11,0.51,-0.20846279558618538
episode_000264,3,1,True,0.4333774735465066,-0.02555408841431249,0.026,2,0.51,-0.20846279558618538
episode_000264,3,2,True,0.6290190373341867,0.12424669636649838,0.026,22,0.51,-0.20846279558618538
episode_000265,3,0,True,0.46904250421922855,-0.14017641476821316,0.026,7,0.51,0.19379382713580406
episode_000265,3,1,True,0.38557350055722517,-0.003707591708241656,0.026,2,0.51,0.19379382713580406
episode_000265,3,2,True,0.5175997154403058,0.019090573066904964,0.026,15,0.51,0.19379382713580406
episode_000266,2,0,True,0.37887045711983813,0.01804481402202446,0.026,3,0.51,0.22068437046266912
episode_000266,2,1,True,0.5275478818472048,-0.06757509344395697,0.026,14,0.51,0.22068437046266912
episode_000267,2,0,True,0.41099948170823003,-0.27327100490597833,0.026,0,0.51,0.2130091388423873
episode_000267,2,1,True,0.5830481811966883,0.01077126552701912,0.026,15,0.51,0.2130091388423873
episode_000268,3,0,True,0.49371959817642197,-0.020646685982620663,0.026,8,0.51,-0.20846279558618538
episode_000268,3,1,True,0.4268591694419952,0.14563809850673531,0.026,4,0.51,-0.20846279558618538
episode_000268,3,2,True,0.5205472422770008,0.2817360799199482,0.026,17,0.51,-0.20846279558618538
episode_000269,1,0,True,0.4168720504228582,-0.21613625494342548,0.026,0,0.51,0.19379382713580406
episode_000270,1,0,True,0.4299753484105463,-0.16086881081417745,0.026,1,0.51,0.22068437046266912
episode_000271,2,0,True,0.38586333396803396,-0.16210447933842204,0.026,1,0.51,0.2130091388423873
episode_000271,2,1,True,0.527074316997409,0.024132190557302032,0.026,15,0.51,0.2130091388423873
episode_000272,3,0,True,0.5003874469386642,-0.0017852059882688398,0.026,8,0.51,-0.20846279558618538
episode_000272,3,1,True,0.3718686550063861,0.0766759275993533,0.026,3,0.51,-0.20846279558618538
episode_000272,3,2,True,0.6485539545875945,-0.028556581833833028,0.026,20,0.51,-0.20846279558618538
episode_000273,2,0,True,0.3973311577993851,-0.07705004953627453,0.026,2,0.51,0.19379382713580406
episode_000273,2,1,True,0.5704147089667182,0.01849924100394271,0.026,15,0.51,0.19379382713580406
episode_000274,3,0,True,0.4441258163598426,0.0498471484051201,0.026,9,0.51,0.22068437046266912
episode_000274,3,1,True,0.4170879918437507,-0.14519063225583287,0.026,1,0.51,0.22068437046266912
episode_000274,3,2,True,0.5859206400152908,-0.23602936798285712,0.026,12,0.51,0.22068437046266912
episode_000275,1,0,True,0.5805224244304339,-0.13642871908437693,0.026,13,0.51,0.2130091388423873
episode_000276,1,0,True,0.5161808880451093,-0.0042841522909524005,0.026,14,0.51,-0.20846279558618538
episode_000277,3,0,True,0.4719706210621326,0.012236658947623344,0.026,9,0.51,0.19379382713580406
episode_000277,3,1,True,0.3953933114955767,-0.11540255189469997,0.026,1,0.51,0.19379382713580406
episode_000277,3,2,True,0.5973078632319494,-0.0521081522966932,0.026,20,0.51,0.19379382713580406
episode_000278,2,0,False,0.37855062001516226,0.03626986832032743,0.026,3,0.51,0.22068437046266912
episode_000278,2,1,False,0.5788017905103927,-0.23439819166858647,0.026,12,0.51,0.22068437046266912
episode_000279,2,0,True,0.5997069059608109,4.5905448519826946e-05,0.026,21,0.51,0.2130091388423873
episode_000279,2,1,True,0.465428391595425,-0.10821685680494862,0.026,7,0.51,0.2130091388423873
episode_000280,2,0,True,0.6225752189700737,0.09778690971896672,0.026,21,0.51,-0.20846279558618538
episode_000280,2,1,True,0.4708454048400933,-0.015923402486836588,0.026,8,0.51,-0.20846279558618538
episode_000281,2,0,False,0.6031745492146413,-0.2856076047688103,0.026,18,0.51,0.19379382713580406
episode_000281,2,1,False,0.4915687775131827,0.0214731603773699,0.026,9,0.51,0.19379382713580406
episode_000282,3,0,True,0.4058243664209856,-0.13530460155317017,0.026,1,0.51,0.22068437046266912
episode_000282,3,1,True,0.5524704674456433,-0.25799237911387984,0.026,12,0.51,0.22068437046266912
episode_000282,3,2,True,0.6540983397596557,0.05004795600618746,0.026,21,0.51,0.22068437046266912
episode_000283,1,0,True,0.5382923363287865,0.018844698478549377,0.026,15,0.51,0.2130091388423873
episode_000284,1,0,True,0.5185571628539537,0.04928313477581522,0.026,15,0.51,-0.20846279558618538
episode_000285,3,0,True,0.3891466989289081,-0.1558177272099242,0.026,1,0.51,0.19379382713580406
episode_000285,3,1,True,0.545709247860902,-0.058412077083012194,0.026,14,0.51,0.19379382713580406
episode_000285,3,2,True,0.41627456337445223,0.01498079551847859,0.026,3,0.51,0.19379382713580406
episode_000286,1,0,True,0.5198110687049807,-0.22923585767437432,0.026,12,0.51,0.22068437046266912
episode_000287,3,0,True,0.4067098538718766,-0.2890013534498401,0.026,0,0.51,0.2130091388423873
episode_000287,3,1,True,0.5472564082091923,0.020914250748012075,0.026,15,0.51,0.2130091388423873
episode_000287,3,2,True,0.5970953872841067,-0.1014030652251647,0.026,19,0.51,0.2130091388423873
episode_000288,1,0,True,0.5763321315794112,0.23955563305180522,0.026,17,0.51,-0.20846279558618538
episode_000289,2,0,True,0.6498941069284687,-0.16267097374973996,0.026,19,0.51,0.19379382713580406
episode_000289,2,1,True,0.45901822900217765,0.014257647536085,0.026,9,0.51,0.19379382713580406
episode_000290,3,0,True,0.3976259643448238,-0.05469734569734094,0.026,2,0.51,0.22068437046266912
episode_000290,3,1,True,0.5301119207137547,0.03055820999916964,0.026,15,0.51,0.22068437046266912
episode_000290,3,2,True,0.6073532713675782,-0.17063931330416982,0.026,19,0.51,0.22068437046266912
episode_000291,1,0,True,0.6114481961497811,-0.16114516137384652,0.026,19,0.51,0.2130091388423873
episode_000292,3,0,True,0.4239632134937997,0.10714358508414612,0.026,4,0.51,-0.20846279558618538
episode_000292,3,1,True,0.5366634793964178,0.2809529680788221,0.026,17,0.51,-0.20846279558618538
episode_000292,3,2,True,0.6143105403143838,-0.011117140476067558,0.026,20,0.51,-0.20846279558618538
episode_000293,1,0,True,0.6283273687706328,-0.018425424429131018,0.026,20,0.51,0.19379382713580406
episode_000294,3,0,True,0.4147797432200991,0.0447393208101841,0.026,3,0.51,0.22068437046266912
episode_000294,3,1,True,0.5177061337581337,-0.14104971620741807,0.026,13,0.51,0.22068437046266912
episode_000294,3,2,True,0.6152679871812543,-0.015411611069324468,0.026,20,0.51,0.22068437046266912
episode_000295,3,0,True,0.5276911392602928,-0.16331205242911345,0.026,13,0.51,0.2130091388423873
episode_000295,3,1,True,0.6118082215056938,-0.2966256326077371,0.026,18,0.51,0.2130091388423873
episode_000295,3,2,True,0.47436043872386263,0.0016394049400357878,0.026,9,0.51,0.2130091388423873
episode_000296,1,0,True,0.6075092081544281,0.11464741417981339,0.026,22,0.51,-0.20846279558618538
episode_000297,1,0,True,0.6223182870678554,0.013495244557228371,0.026,21,0.51,0.19379382713580406
episode_000298,1,0,True,0.6010189093794198,-0.26251735474894167,0.026,18,0.51,0.22068437046266912
episode_000299,2,0,True,0.6201416467499218,-0.022786637875207807,0.026,20,0.51,0.2130091388423873
episode_000299,2,1,True,0.47133586543861095,0.014871233569173284,0.026,9,0.51,0.2130091388423873
episode_000300,3,0,True,0.5673426352096065,-0.031589606127164285,0.026,14,0.51,-0.20846279558618538
episode_000300,3,1,True,0.4450343160124255,-0.02798481880053852,0.026,8,0.51,-0.20846279558618538
episode_000300,3,2,True,0.4952243608179888,0.10034347221882817,0.026,9,0.51,-0.20846279558618538
episode_000301,1,0,True,0.5988309998235943,0.21527642159430338,0.026,23,0.51,-0.23444186149982582
episode_000302,1,0,True,0.48505792843499895,-0.0007770804683292359,0.026,8,0.51,-0.23109908607186044
episode_000303,3,0,True,0.5471176900845494,-0.2970224397363937,0.026,12,0.51,0.1488217471436576
episode_000303,3,1,True,0.6378714080081231,-0.16435794039559956,0.026,19,0.51,0.1488217471436576
episode_000303,3,2,True,0.46226548932957956,-0.1281839080662751,0.026,7,0.51,0.1488217471436576
episode_000304,3,0,True,0.5691374764480884,-0.05276792041229613,0.026,14,0.51,-0.23365416580627604
episode_000304,3,1,True,0.6207578094191657,0.08077546035354347,0.026,21,0.51,-0.23365416580627604
episode_000304,3,2,True,0.42027621942666615,-0.04079213496828998,0.026,2,0.51,-0.23365416580627604
episode_000305,3,0,True,0.5696554114875529,0.13399457174238433,0.026,16,0.51,-0.23444186149982582
episode_000305,3,1,True,0.6156693459194233,0.2775884608691245,0.026,23,0.51,-0.23444186149982582
episode_000305,3,2,True,0.4779378054098682,-0.035819559088158176,0.026,8,0.51,-0.23444186149982582
episode_000306,2,0,True,0.5969614921757542,0.12970733572054585,0.026,22,0.51,-0.23109908607186044
episode_000306,2,1,True,0.5110924533264352,-0.053517502448104916,0.026,8,0.51,-0.23109908607186044
episode_000307,2,0,True,0.5770188874391498,-0.22745814890685356,0.026,12,0.51,0.1488217471436576
episode_000307,2,1,True,0.42909017540889177,-0.1338961314568736,0.026,1,0.51,0.1488217471436576
episode_000308,2,0,True,0.5619631425621878,0.049904046149637026,0.026,15,0.51,-0.23365416580627604
episode_000308,2,1,True,0.38026093608591266,-0.04603303376002001,0.026,2,0.51,-0.23365416580627604
episode_000309,3,0,True,0.5491105834190371,0.022705961047076614,0.026,15,0.51,-0.23444186149982582
episode_000309,3,1,True,0.39329551836606264,-0.01153010302313702,0.026,2,0.51,-0.23444186149982582
episode_000309,3,2,True,0.49658345021981776,0.15928669271311613,0.026,10,0.51,-0.23444186149982582
episode_000310,1,0,True,0.4763959012451541,-0.03351808498234091,0.026,8,0.51,-0.23109908607186044
episode_000311,1,0,True,0.5131220100294466,-0.2778817503580538,0.026,6,0.51,0.1488217471436576
episode_000312,1,0,True,0.49273246156707945,0.06374164235632468,0.026,9,0.51,-0.23365416580627604
episode_000313,3,0,False,0.6039009443139757,0.2726736357489099,0.026,23,0.51,-0.23444186149982582
episode_000313,3,1,False,0.45310714282506526,-0.019027754452740034,0.026,8,0.51,-0.23444186149982582
episode_000313,3,2,False,0.39585898509924494,0.17425646716606633,0.026,4,0.51,-0.23444186149982582
episode_000314,3,0,True,0.5959315799090235,-0.03188552105116692,0.026,20,0.51,-0.23109908607186044
episode_000314,3,1,True,0.4520633820596569,-0.022936028949540457,0.026,8,0.51,-0.23109908607186044
episode_000314,3,2,True,0.42792710445889903,0.09983945228312828,0.026,3,0.51,-0.23109908607186044
episode_000315,3,0,True,0.6203477063344374,-0.2685068767147962,0.026,18,0.51,0.1488217471436576
episode_000315,3,1,True,0.49302788085913035,-0.10320646105939446,0.026,7,0.51,0.1488217471436576
episode_000315,3,2,True,0.36837646673452223,-0.1781742399491869,0.026,1,0.51,0.1488217471436576
episode_000316,3,0,True,0.6182790860426013,-0.017591191569686,0.026,20,0.51,-0.23365416580627604
episode_000316,3,1,True,0.4839453346435132,0.020152134309811744,0.026,9,0.51,-0.23365416580627604
episode_000316,3,2,True,0.3664922575382993,-0.06356333112770529,0.026,2,0.51,-0.23365416580627604
episode_000317,3,0,False,0.5950715129586127,0.1135318335908334,0.026,22,0.51,-0.23444186149982582
episode_000317,3,1,False,0.5024791802726171,0.2735054480242348,0.026,11,0.51,-0.23444186149982582
episode_000317,3,2,False,0.38965235486436334,-0.017736825911941992,0.026,2,0.51,-0.23444186149982582
episode_000318,2,0,True,0.5712108233184086,-0.05240433143509765,0.026,14,0.51,-0.23109908607186044
episode_000318,2,1,True,0.3971595825096538,0.15065779702433268,0.026,4,0.51,-0.23109908607186044
episode_000319,3,0,True,0.6525153398122591,-0.11182230965839318,0.026,19,0.51,0.1488217471436576
episode_000319,3,1,True,0.452518704274704,-0.16620004430511548,0.026,7,0.51,0.1488217471436576
episode_000319,3,2,True,0.4225624134456756,-0.03747862711312519,0.026,2,0.51,0.1488217471436576
episode_000320,3,0,True,0.4495686631781604,0.2231715115607732,0.026,11,0.51,-0.23365416580627604
episode_000320,3,1,True,0.43353646450513167,-0.024357177694618135,0.026,2,0.51,-0.23365416580627604
episode_000320,3,2,True,0.5829227940141427,0.10695244693990005,0.026,16,0.51,-0.23365416580627604
episode_000321,3,0,True,0.5133822116256735,-0.02161000217576657,0.026,8,0.51,-0.23444186149982582
episode_000321,3,1,True,0.3887221524120186,-0.03400030530348612,0.026,2,0.51,-0.23444186149982582
episode_000321,3,2,True,0.6441811629431261,0.03963285917612732,0.026,21,0.51,-0.23444186149982582
episode_000322,3,0,True,0.4894125574318205,-0.0250757715824082,0.026,8,0.51,-0.23109908607186044
episode_000322,3,1,True,0.38664886309866103,0.11862201418948033,0.026,4,0.51,-0.23109908607186044
episode_000322,3,2,True,0.546509184720785,0.2363591628950038,0.026,17,0.51,-0.23109908607186044
episode_000323,2,0,True,0.5428982526945902,-0.18146846283715048,0.026,13,0.51,0.1488217471436576
episode_000323,2,1,True,0.4120843734638388,-0.252327725704601,0.026,0,0.51,0.1488217471436576
episode_000324,2,0,True,0.5412164534268296,-0.008399600382831982,0.026,14,0.51,-0.23365416580627604
episode_000324,2,1,True,0.38240202592358047,0.08721735375219242,0.026,3,0.51,-0.23365416580627604
episode_000325,2,0,True,0.5313101590424967,0.16741145509068875,0.026,16,0.51,-0.23444186149982582
episode_000325,2,1,True,0.40628830607239036,-0.018483167627679875,0.026,2,0.51,-0.23444186149982582
episode_000326,2,0,True,0.4618676817256489,0.2232136423053223,0.026,11,0.51,-0.23109908607186044
episode_000326,2,1,True,0.6041505097104379,-0.061485544793490554,0.026,20,0.51,-0.23109908607186044
episode_000327,3,0,True,0.44831580767493995,-0.024329025583240335,0.026,8,0.51,0.1488217471436576
episode_000327,3,1,True,0.37403229683519207,-0.16354617119593357,0.026,1,0.51,0.1488217471436576
episode_000327,3,2,True,0.5755484553791648,-0.12388939856192394,0.026,13,0.51,0.1488217471436576
episode_000328,1,0,True,0.5053093282724828,0.21562378962132425,0.026,11,0.51,-0.23365416580627604
episode_000329,2,0,True,0.49737380532793773,0.030536042622511687,0.026,9,0.51,-0.23444186149982582
episode_000329,2,1,True,0.6566089827791793,-0.04016223685934363,0.026,20,0.51,-0.23444186149982582
episode_000330,3,0,True,0.49629042521846545,0.13411594583542685,0.026,10,0.51,-0.23109908607186044
episode_000330,3,1,True,0.38652821647070534,0.2945736561441532,0.026,5,0.51,-0.23109908607186044
episode_000330,3,2,True,0.5186746882584065,-0.0549852643145321,0.026,14,0.51,-0.23109908607186044
episode_000331,3,0,True,0.5064844685954167,-0.18394516339964267,0.026,7,0.51,0.1488217471436576
episode_000331,3,1,True,0.37250044114535286,-0.1202609234358559,0.026,1,0.51,0.1488217471436576
episode_000331,3,2,True,0.5298779696707563,-0.04603050529424256,0.026,14,0.51,0.1488217471436576
episode_000332,3,0,True,0.42996793468213923,0.29677007710795106,0.026,5,0.51,-0.23365416580627604
episode_000332,3,1,True,0.5352183244327399,-0.00512845116733307,0.026,14,0.51,-0.23365416580627604
episode_000332,3,2,True,0.6266296983136956,0.11308114465981794,0.026,22,0.51,-0.23365416580627604
episode_000333,2,0,True,0.48797864628644966,-0.015513636209122675,0.026,8,0.51,-0.23444186149982582
episode_000333,2,1,True,0.6054527823397172,0.17491865226005449,0.026,22,0.51,-0.23444186149982582
episode_000334,2,0,False,0.49389760708194874,-0.037037952222860715,0.026,8,0.51,-0.23109908607186044
episode_000334,2,1,False,0.6156675353603361,0.25285570519461315,0.026,23,0.51,-0.23109908607186044
episode_000335,2,0,True,0.4802820467180297,-0.044671977092372896,0.026,8,0.51,0.1488217471436576
episode_000335,2,1,True,0.6052586501407022,-0.28193036774384755,0.026,18,0.51,0.1488217471436576
episode_000336,1,0,True,0.4769497718731706,0.23671505995515135,0.026,11,0.51,-0.23365416580627604
episode_000337,2,0,True,0.4697346973773052,0.1723552217828463,0.026,10,0.51,-0.23444186149982582
episode_000337,2,1,True,0.6496517079548989,-0.02193456959069008,0.026,20,0.51,-0.23444186149982582
episode_000338,3,0,True,0.37604823960106804,-0.023192356599335814,0.026,2,0.51,-0.23109908607186044
episode_000338,3,1,True,0.540205622924106,-0.05962851700815747,0.026,14,0.51,-0.23109908607186044
episode_000338,3,2,True,0.6310842515466168,0.0758814494842864,0.026,21,0.51,-0.23109908607186044
episode_000339,1,0,True,0.39292430168407244,-0.12826088498496513,0.026,1,0.51,0.1488217471436576
episode_000340,2,0,True,0.39804943328631703,0.29515148757423015,0.026,5,0.51,-0.23365416580627604
episode_000340,2,1,True,0.5435820408316542,-0.023048212249310182,0.026,14,0.51,-0.23365416580627604
episode_000341,1,0,True,0.44014513458152515,-0.00022853583138955635,0.026,2,0.51,-0.23444186149982582
episode_000342,1,0,True,0.43987652277010747,0.1693730971839959,0.026,4,0.51,-0.23109908607186044
episode_000343,2,0,True,0.39693648067413284,-0.2205874372090456,0.026,0,0.51,0.1488217471436576
episode_000343,2,1,True,0.5621933638266574,-0.06261527004422816,0.026,14,0.51,0.1488217471436576
episode_000344,3,0,False,0.4244383071106018,-0.003938084859143279,0.026,2,0.51,-0.23365416580627604
episode_000344,3,1,False,0.5717338495853861,0.13257392606789603,0.026,16,0.51,-0.23365416580627604
episode_000344,3,2,False,0.6224791496395812,0.25515073428912266,0.026,23,0.51,-0.23365416580627604
episode_000345,3,0,True,0.42147419055383334,-0.04116898344854922,0.026,2,0.51,-0.23444186149982582
episode_000345,3,1,True,0.5170375664097163,0.0765513472406094,0.026,15,0.51,-0.23444186149982582
episode_000345,3,2,True,0.6427222567530286,-0.020357624170296504,0.026,20,0.51,-0.23444186149982582
episode_000346,2,0,True,0.42283641450039244,-0.036112764620400764,0.026,2,0.51,-0.23109908607186044
episode_000346,2,1,True,0.5697537416866951,0.10585311496503627,0.026,16,0.51,-0.23109908607186044
episode_000347,2,0,False,0.434364850294816,-0.15305228180532454,0.026,1,0.51,0.1488217471436576
episode_000347,2,1,False,0.5785280736330966,-0.28630424694247164,0.026,12,0.51,0.1488217471436576
episode_000348,2,0,True,0.37509495095690754,-0.059509804772754776,0.026,2,0.51,-0.23365416580627604
episode_000348,2,1,True,0.5462050182307919,0.006047603864943544,0.026,15,0.51,-0.23365416580627604
episode_000349,3,0,True,0.4271865079893896,0.13878512680204833,0.026,4,0.51,-0.23444186149982582
episode_000349,3,1,True,0.5534654690523005,0.22089273996912473,0.026,17,0.51,-0.23444186149982582
episode_000349,3,2,True,0.6002971419850219,-0.011850430676827076,0.026,20,0.51,-0.23444186149982582
episode_000350,3,0,True,0.39408908360472406,0.025911853342874075,0.026,3,0.51,-0.23109908607186044
episode_000350,3,1,True,0.5335121996452208,-0.006916950700821753,0.026,14,0.51,-0.23109908607186044
episode_000350,3,2,True,0.6568123497221043,-0.019537539987646818,0.026,20,0.51,-0.23109908607186044
episode_000351,2,0,True,0.4281437463425338,-0.24046217434401235,0.026,0,0.51,0.1488217471436576
episode_000351,2,1,True,0.5833769472358067,-0.24854546306108527,0.026,12,0.51,0.1488217471436576
episode_000352,3,0,True,0.5791364602696544,0.24456447835823178,0.026,17,0.51,-0.23365416580627604
episode_000352,3,1,True,0.5993700567184124,-0.009263095580018726,0.026,20,0.51,-0.23365416580627604
episode_000352,3,2,True,0.49684206792271973,0.1144418634162873,0.026,10,0.51,-0.23365416580627604
episode_000353,3,0,True,0.579046607312981,-0.012614984374976601,0.026,14,0.51,-0.23444186149982582
episode_000353,3,1,True,0.4559764776726533,-0.02218033883079122,0.026,8,0.51,-0.23444186149982582
episode_000353,3,2,True,0.4038909210842541,0.09935601004343021,0.026,3,0.51,-0.23444186149982582
episode_000354,1,0,True,0.37748383479174785,0.01984148051986062,0.026,3,0.51,-0.23109908607186044
episode_000355,3,0,False,0.565345342776876,-0.26343094696572716,0.026,12,0.51,0.1488217471436576
episode_000355,3,1,False,0.6542056532238217,-0.12111000387247584,0.026,19,0.51,0.1488217471436576
episode_000355,3,2,False,0.5127220744429956,-0.11302370015899695,0.026,7,0.51,0.1488217471436576
episode_000356,3,0,True,0.5388195479966514,-0.044743135443245735,0.026,14,0.51,-0.23365416580627604
episode_000356,3,1,True,0.6257632265860533,0.08872717701693683,0.026,21,0.51,-0.23365416580627604
episode_000356,3,2,True,0.3800292031388752,-0.009904085272158247,0.026,2,0.51,-0.23365416580627604
episode_000357,2,0,True,0.6132144589897437,0.2164624331330757,0.026,23,0.51,-0.23444186149982582
episode_000357,2,1,True,0.4662156866120939,-0.0001514041603774413,0.026,8,0.51,-0.23444186149982582
episode_000358,2,0,True,0.5913853198946682,0.09444497132102672,0.026,21,0.51,-0.23109908607186044
episode_000358,2,1,True,0.4843562207949088,-0.05403411851006822,0.026,8,0.51,-0.23109908607186044
episode_000359,1,0,True,0.39901645217387566,-0.2970045916923651,0.026,0,0.51,0.1488217471436576
episode_000360,3,0,True,0.5648947772443388,0.11671664077971686,0.026,16,0.51,-0.23365416580627604
episode_000360,3,1,True,0.5912451678693498,0.27541482301569087,0.026,23,0.51,-0.23365416580627604
episode_000360,3,2,True,0.47807245292011324,-0.013482807236915723,0.026,8,0.51,-0.23365416580627604
episode_000361,1,0,True,0.37387330942741787,0.21015297215949197,0.026,5,0.51,-0.23444186149982582
episode_000362,3,0,True,0.5757642743606829,0.09387529043476102,0.026,15,0.51,-0.23109908607186044
episode_000362,3,1,True,0.6305274394897499,-0.056668846602449946,0.026,20,0.51,-0.23109908607186044
episode_000362,3,2,True,0.4429619341421473,-0.013521109996676078,0.026,8,0.51,-0.23109908607186044
episode_000363,2,0,True,0.6351023722480743,-0.21540308939231023,0.026,18,0.51,0.1488217471436576
episode_000363,2,1,True,0.4924164207709465,-0.26045819442356616,0.026,6,0.51,0.1488217471436576
episode_000364,1,0,True,0.5284672941537704,-0.0555425287570928,0.026,14,0.51,-0.23365416580627604
episode_000365,3,0,True,0.6118179763530568,0.21917985574460394,0.026,23,0.51,-0.23444186149982582
episode_000365,3,1,True,0.49128378488976465,-0.026638036163511125,0.026,8,0.51,-0.23444186149982582
episode_000365,3,2,True,0.4263445873564239,0.10406013498161555,0.026,4,0.51,-0.23444186149982582
episode_000366,1,0,True,0.5467090158149633,-0.04580526168723714,0.026,14,0.51,-0.23109908607186044
episode_000367,2,0,True,0.6211149278311162,-0.13775597769537692,0.026,19,0.51,0.1488217471436576
episode_000367,2,1,True,0.4483873344488352,-0.23513113904241761,0.026,6,0.51,0.1488217471436576
episode_000368,2,0,True,0.5913488884371497,-0.003870995516324735,0.026,20,0.51,-0.23365416580627604
episode_000368,2,1,True,0.4566301321836006,0.09882349538768105,0.026,9,0.51,-0.23365416580627604
episode_000369,2,0,True,0.6222085023900662,0.13462628814305833,0.026,22,0.51,-0.23444186149982582
episode_000369,2,1,True,0.5098661689676791,-0.057558499921288295,0.026,8,0.51,-0.23444186149982582
episode_000370,2,0,True,0.580085185307435,0.29628509630959876,0.026,17,0.51,-0.23109908607186044
episode_000370,2,1,True,0.4083173693237398,-0.034418862010283616,0.026,2,0.51,-0.23109908607186044
episode_000371,1,0,True,0.5396800396769955,-0.2336443865040287,0.026,12,0.51,0.1488217471436576
episode_000372,2,0,True,0.579608793708489,0.0809762190464604,0.026,15,0.51,-0.23365416580627604
episode_000372,2,1,True,0.42593632537166937,-0.010856364354699347,0.026,2,0.51,-0.23365416580627604
episode_000373,3,0,True,0.648209650341251,-0.013763537611714755,0.026,20,0.51,-0.23444186149982582
episode_000373,3,1,True,0.4428668104585739,-0.02429279672037038,0.026,8,0.51,-0.23444186149982582
episode_000373,3,2,True,0.40101427823138586,0.09720143314973835,0.026,3,0.51,-0.23444186149982582
episode_000374,3,0,True,0.6108415093472415,-0.01323516535078352,0.026,20,0.51,-0.23109908607186044
episode_000374,3,1,True,0.45736140407927633,0.1491190221253227,0.026,10,0.51,-0.23109908607186044
episode_000374,3,2,True,0.43759206663965394,0.2930344215293579,0.026,5,0.51,-0.23109908607186044
episode_000375,1,0,True,0.5632233653669335,-0.23006497049092572,0.026,12,0.51,0.1488217471436576
episode_000376,2,0,True,0.5360553646380187,-0.2401484646117814,0.026,12,0.51,0.14442681188850717
episode_000376,2,1,True,0.41136022722240795,-0.2143068393534035,0.026,0,0.51,0.14442681188850717
episode_000377,3,0,True,0.6111051952047196,-0.09537468201757646,0.026,20,0.51,0.15245647522982533
episode_000377,3,1,True,0.4621887995049989,-0.15482307597490316,0.026,7,0.51,0.15245647522982533
episode_000377,3,2,True,0.42612337631735636,-0.29835891060009945,0.026,0,0.51,0.15245647522982533
episode_000378,3,0,True,0.6287872620242159,0.045120162492144664,0.026,21,0.51,0.22811565469791645
episode_000378,3,1,True,0.4605497977794922,-0.17163755422177385,0.026,7,0.51,0.22811565469791645
episode_000378,3,2,True,0.40428778391300324,-0.2965299219035836,0.026,0,0.51,0.22811565469791645
episode_000379,3,0,True,0.6363230505943575,0.04168541503828737,0.026,21,0.51,0.23474907970914027
episode_000379,3,1,True,0.46403742565466416,-0.15017903929521575,0.026,7,0.51,0.23474907970914027
episode_000379,3,2,True,0.40565265451906946,-0.0010812872351446678,0.026,2,0.51,0.23474907970914027
episode_000380,2,0,True,0.5681246686464324,-0.14618805149785982,0.026,13,0.51,0.14442681188850717
episode_000380,2,1,True,0.43276871963939,-0.24549551104243986,0.026,0,0.51,0.14442681188850717
episode_000381,2,0,True,0.5812660582515021,-0.08700906537732796,0.026,14,0.51,0.15245647522982533
episode_000381,2,1,True,0.3759906916790356,-0.23798416978766718,0.026,0,0.51,0.15245647522982533
episode_000382,1,0,True,0.564423624774336,-0.2022349451170864,0.026,12,0.51,0.22811565469791645
episode_000383,2,0,True,0.5497602126707367,0.06449482245290826,0.026,15,0.51,0.23474907970914027
episode_000383,2,1,True,0.3945306155590243,-0.21869496423425022,0.026,0,0.51,0.23474907970914027
episode_000384,2,0,True,0.5030726239825668,-0.2060436105872249,0.026,6,0.51,0.14442681188850717
episode_000384,2,1,True,0.6442280429183568,-0.1059499753651856,0.026,19,0.51,0.14442681188850717
episode_000385,1,0,True,0.5225572952597164,-0.17234745266685678,0.026,13,0.51,0.15245647522982533
episode_000386,3,0,True,0.47510572887490937,-0.17229789559929914,0.026,7,0.51,0.22811565469791645
episode_000386,3,1,True,0.3986440782765222,-0.2979884039383617,0.026,0,0.51,0.22811565469791645
episode_000386,3,2,True,0.5496585259948964,0.015835055881416076,0.026,15,0.51,0.22811565469791645
episode_000387,2,0,False,0.48405852006119077,0.03182523797482792,0.026,9,0.51,0.23474907970914027
episode_000387,2,1,False,0.628772939849999,-0.09038783143066546,0.026,20,0.51,0.23474907970914027
episode_000388,3,0,True,0.4827482074989224,-0.14841552680150288,0.026,7,0.51,0.14442681188850717
episode_000388,3,1,True,0.4284773196412625,-0.028689227101854994,0.026,2,0.51,0.14442681188850717
episode_000388,3,2,True,0.6022612061002265,-0.1187440345661552,0.026,19,0.51,0.14442681188850717
episode_000389,3,0,True,0.4594562679961796,-0.2240979649220627,0.026,6,0.51,0.15245647522982533
episode_000389,3,1,True,0.4309502425922303,-0.09989763922409353,0.026,1,0.51,0.15245647522982533
episode_000389,3,2,True,0.5864635279508887,-0.14003438445708902,0.026,13,0.51,0.15245647522982533
episode_000390,1,0,True,0.6157783960226016,-0.14390809719720582,0.026,19,0.51,0.22811565469791645
episode_000391,3,0,True,0.48205435068281816,-0.036919191989136235,0.026,8,0.51,0.23474907970914027
episode_000391,3,1,True,0.6433940747239428,0.014121194234230316,0.026,21,0.51,0.23474907970914027
episode_000391,3,2,True,0.5485861573536697,-0.17676880585168037,0.026,13,0.51,0.23474907970914027
episode_000392,3,0,True,0.4932835109170142,-0.14898858049064412,0.026,7,0.51,0.14442681188850717
episode_000392,3,1,True,0.3689335010357383,-0.12016367279678791,0.026,1,0.51,0.14442681188850717
episode_000392,3,2,True,0.5812160080643434,-0.29403588507502976,0.026,12,0.51,0.14442681188850717
episode_000393,3,0,True,0.4952366035503798,-0.13135750069655178,0.026,7,0.51,0.15245647522982533
episode_000393,3,1,True,0.6463423445551216,-0.14741220054032372,0.026,19,0.51,0.15245647522982533
episode_000393,3,2,True,0.5474262091825977,-0.2836153199317445,0.026,12,0.51,0.15245647522982533
episode_000394,2,0,True,0.44349898209225447,-0.20560262806185464,0.026,6,0.51,0.22811565469791645
episode_000394,2,1,True,0.6318681425658551,0.05012227577976932,0.026,21,0.51,0.22811565469791645
episode_000395,1,0,True,0.6240260700672949,-0.01645224422124275,0.026,20,0.51,0.23474907970914027
episode_000396,1,0,True,0.5996009034271542,-0.2569126010806145,0.026,18,0.51,0.14442681188850717
episode_000397,2,0,True,0.4961543684091111,-0.11714179405982406,0.026,7,0.51,0.15245647522982533
episode_000397,2,1,True,0.5923819728428671,-0.26739592386596395,0.026,18,0.51,0.15245647522982533
episode_000398,2,0,True,0.44900055894496765,-0.07353697209603217,0.026,8,0.51,0.22811565469791645
episode_000398,2,1,True,0.6496799252402561,0.04699725314359581,0.026,21,0.51,0.22811565469791645
episode_000399,2,0,True,0.4528646316468046,0.0554809864928995,0.026,9,0.51,0.23474907970914027
episode_000399,2,1,True,0.5992352866370934,-0.2696851225337764,0.026,18,0.51,0.23474907970914027
episode_000400,1,0,True,0.5926163508912475,-0.22342966990272584,0.026,18,0.51,0.14442681188850717
episode_000401,3,0,True,0.39765259225973826,-0.16534219740988546,0.026,1,0.51,0.15245647522982533
episode_000401,3,1,True,0.5873050034898071,-0.28244468184288823,0.026,12,0.51,0.15245647522982533
episode_000401,3,2,True,0.6396784830493936,-0.14006146420530927,0.026,19,0.51,0.15245647522982533
episode_000402,1,0,True,0.6123797006655031,-0.2057335200386363,0.026,18,0.51,0.22811565469791645
episode_000403,2,0,True,0.37784739892209634,0.025763297134051073,0.026,3,0.51,0.23474907970914027
episode_000403,2,1,True,0.5236231695579593,-0.1821338295767144,0.026,13,0.51,0.23474907970914027
episode_000404,1,0,True,0.58915070666092,-0.17995242988886795,0.026,19,0.51,0.14442681188850717
episode_000405,3,0,True,0.3933326613825946,-0.1637264376623539,0.026,1,0.51,0.15245647522982533
episode_000405,3,1,True,0.5653865611269353,-0.019566364581314957,0.026,14,0.51,0.15245647522982533
episode_000405,3,2,True,0.6154602846774128,-0.15236094056523058,0.026,19,0.51,0.15245647522982533
episode_000406,3,0,False,0.4060278231425899,-0.2755927333201656,0.026,0,0.51,0.22811565469791645
episode_000406,3,1,False,0.5315042510449601,0.049852977500335384,0.026,15,0.51,0.22811565469791645
episode_000406,3,2,False,0.5989921280625121,-0.15938536931235803,0.026,19,0.51,0.22811565469791645
episode_000407,3,0,True,0.4087929392293824,-0.029049152021690047,0.026,2,0.51,0.23474907970914027
episode_000407,3,1,True,0.5887554174420235,0.039203292066887066,0.026,15,0.51,0.23474907970914027
episode_000407,3,2,True,0.6466902834952635,-0.11539833256695131,0.026,19,0.51,0.23474907970914027
episode_000408,1,0,True,0.4984634488203674,-0.1522951319265948,0.026,7,0.51,0.14442681188850717
episode_000409,3,0,True,0.37951702634828555,-0.14075318747662052,0.026,1,0.51,0.15245647522982533
episode_000409,3,1,True,0.5874612993698984,-0.15367229560696882,0.026,13,0.51,0.15245647522982533
episode_000409,3,2,True,0.5865555445692433,-0.2828315390677606,0.026,18,0.51,0.15245647522982533
episode_000410,1,0,True,0.4894829395760808,-0.04575195977130436,0.026,8,0.51,0.22811565469791645
episode_000411,2,0,True,0.3861437918022962,0.01615388859362429,0.026,3,0.51,0.23474907970914027
episode_000411,2,1,True,0.5516365578552154,-0.03507128743113479,0.026,14,0.51,0.23474907970914027
episode_000412,1,0,True,0.4913655898626989,-0.22541787289527193,0.026,6,0.51,0.14442681188850717
episode_000413,1,0,True,0.4675141012936601,-0.20750686054036976,0.026,6,0.51,0.15245647522982533
episode_000414,3,0,True,0.39835346014347106,0.050454329276009256,0.026,3,0.51,0.22811565469791645
episode_000414,3,1,True,0.5422808645312857,-0.12434347689764982,0.026,13,0.51,0.22811565469791645
episode_000414,3,2,True,0.3834806992919781,-0.07560579955881441,0.026,2,0.51,0.22811565469791645
episode_000415,2,0,True,0.43449626297334654,-0.2802327891114722,0.026,0,0.51,0.23474907970914027
episode_000415,2,1,True,0.5575434749677071,0.058574870700394625,0.026,15,0.51,0.23474907970914027
episode_000416,2,0,True,0.4300723882253852,-0.1294997569909953,0.026,1,0.51,0.14442681188850717
episode_000416,2,1,True,0.5788359563949053,-0.27360420174481637,0.026,12,0.51,0.14442681188850717
episode_000417,3,0,True,0.5754212131571801,-0.13672761275627926,0.026,13,0.51,0.15245647522982533
episode_000417,3,1,True,0.6095097096431352,-0.297053341955664,0.026,18,0.51,0.15245647522982533
episode_000417,3,2,True,0.44551797943970706,-0.1582527589097102,0.026,7,0.51,0.15245647522982533
episode_000418,2,0,True,0.39573895128459813,-0.005097165495748943,0.026,2,0.51,0.22811565469791645
episode_000418,2,1,True,0.5317287568219098,0.02299329177138175,0.026,15,0.51,0.22811565469791645
episode_000419,2,0,True,0.3779580036372418,0.0014920008246833906,0.026,3,0.51,0.23474907970914027
episode_000419,2,1,True,0.5386194162179986,-0.22503931390587578,0.026,12,0.51,0.23474907970914027
episode_000420,3,0,True,0.5658981386027326,-0.15332475489858527,0.026,13,0.51,0.14442681188850717
episode_000420,3,1,True,0.6018998100798129,-0.0313630578944452,0.026,20,0.51,0.14442681188850717
episode_000420,3,2,True,0.44849670639689293,-0.13018679343889356,0.026,7,0.51,0.14442681188850717
episode_000421,1,0,True,0.5051666937771261,-0.250675128568,0.026,6,0.51,0.15245647522982533
episode_000422,1,0,True,0.45163858089921255,-0.13370021029389828,0.026,7,0.51,0.22811565469791645
episode_000423,3,0,True,0.563554392622163,-0.21522190919434236,0.026,12,0.51,0.23474907970914027
episode_000423,3,1,True,0.611993447471684,0.03658768709467476,0.026,21,0.51,0.23474907970914027
episode_000423,3,2,True,0.3954409122526426,-0.1448770962901801,0.026,1,0.51,0.23474907970914027
episode_000424,3,0,False,0.532414521459858,-0.051865355338537006,0.026,14,0.51,0.14442681188850717
episode_000424,3,1,False,0.6496925612326295,-0.12408892259320996,0.026,19,0.51,0.14442681188850717
episode_000424,3,2,False,0.4578308897135614,-0.19864416071698598,0.026,7,0.51,0.14442681188850717
episode_000425,1,0,True,0.3810447904138188,-0.09916951261276032,0.026,1,0.51,0.15245647522982533
episode_000426,1,0,True,0.3876036700652972,-0.0809650486077288,0.026,2,0.51,0.22811565469791645
episode_000427,3,0,False,0.5437540996319505,0.023356366277481545,0.026,15,0.51,0.23474907970914027
episode_000427,3,1,False,0.6377936439927708,-0.14844628730762946,0.026,19,0.51,0.23474907970914027
episode_000427,3,2,False,0.48033102024793706,-0.24714579470387565,0.026,6,0.51,0.23474907970914027
episode_000428,2,0,True,0.605110605238664,-0.2736478846146322,0.026,18,0.51,0.14442681188850717
episode_000428,2,1,True,0.47456580341404786,-0.11863159586216472,0.026,7,0.51,0.14442681188850717
episode_000429,3,0,False,0.5255879614717845,-0.11183934057063952,0.026,13,0.51,0.15245647522982533
episode_000429,3,1,False,0.6428802514404792,-0.18559687045038184,0.026,19,0.51,0.15245647522982533
episode_000429,3,2,False,0.38890531952801927,-0.07640571817998798,0.026,2,0.51,0.15245647522982533
episode_000430,3,0,True,0.6329155314878564,-0.175474221629149,0.026,19,0.51,0.22811565469791645
episode_000430,3,1,True,0.4608036220075762,-0.21581760153818602,0.026,6,0.51,0.22811565469791645
episode_000430,3,2,True,0.40283336093115424,0.010635722927399734,0.026,3,0.51,0.22811565469791645
episode_000431,2,0,True,0.6291826654661998,0.04788097463905605,0.026,21,0.51,0.23474907970914027
episode_000431,2,1,True,0.48194671390100646,-0.09687400516527636,0.026,8,0.51,0.23474907970914027
episode_000432,1,0,True,0.4325790588832918,-0.27127479200864013,0.026,0,0.51,0.14442681188850717
episode_000433,3,0,True,0.6249451494867256,-0.139506946558264,0.026,19,0.51,0.15245647522982533
episode_000433,3,1,True,0.46503442608575574,-0.04752669294924586,0.026,8,0.51,0.15245647522982533
episode_000433,3,2,True,0.4110271948504083,-0.1919690035144424,0.026,1,0.51,0.15245647522982533
episode_000434,3,0,False,0.5899270224961947,-0.2556858862875475,0.026,18,0.51,0.22811565469791645
episode_000434,3,1,False,0.509157857528938,0.047019803188919476,0.026,9,0.51,0.22811565469791645
episode_000434,3,2,False,0.3975187029750553,-0.15071026258636833,0.026,1,0.51,0.22811565469791645
episode_000435,3,0,True,0.6191213832754656,-0.06426932700587373,0.026,20,0.51,0.23474907970914027
episode_000435,3,1,True,0.4893064400899423,0.049933392490902576,0.026,9,0.51,0.23474907970914027
episode_000435,3,2,True,0.4135412519715562,-0.12109963634435245,0.026,1,0.51,0.23474907970914027
episode_000436,2,0,True,0.6140872815219615,-0.2634508803269356,0.026,18,0.51,0.14442681188850717
episode_000436,2,1,True,0.46799576466266,-0.27589601227851873,0.026,6,0.51,0.14442681188850717
episode_000437,3,0,True,0.5941339814830202,-0.10037255067149004,0.026,19,0.51,0.15245647522982533
episode_000437,3,1,True,0.45021690639999834,-0.1679170034304488,0.026,7,0.51,0.15245647522982533
episode_000437,3,2,True,0.39253902811557206,-0.29508585903069406,0.026,0,0.51,0.15245647522982533
episode_000438,3,0,True,0.6229991349604969,0.023991883056242436,0.026,21,0.51,0.22811565469791645
episode_000438,3,1,True,0.4865414216325301,-0.1775579449203581,0.026,7,0.51,0.22811565469791645
episode_000438,3,2,True,0.40614133910989336,-0.0475765999360902,0.026,2,0.51,0.22811565469791645
episode_000439,3,0,True,0.48199385312619203,-0.12042996663722996,0.026,7,0.51,0.23474907970914027
episode_000439,3,1,True,0.42643704856283526,-0.2817210459796187,0.026,0,0.51,0.23474907970914027
episode_000439,3,2,True,0.5564867465905078,0.0024464185410624606,0.026,15,0.51,0.23474907970914027
episode_000440,1,0,True,0.3785174915439712,-0.21841588342445,0.026,0,0.51,0.14442681188850717
episode_000441,2,0,True,0.6242985220277965,-0.1467336734774826,0.026,19,0.51,0.15245647522982533
episode_000441,2,1,True,0.4600955433895122,-0.2419616149381636,0.026,6,0.51,0.15245647522982533
episode_000442,3,0,False,0.4523515070097169,-0.14364453204910568,0.026,7,0.51,0.22811565469791645
episode_000442,3,1,False,0.42182934907251185,-0.01440888807713342,0.026,2,0.51,0.22811565469791645
episode_000442,3,2,False,0.5648863504208834,0.010349327431820847,0.026,15,0.51,0.22811565469791645
episode_000443,3,0,True,0.44625472189225024,-0.2132413512115991,0.026,6,0.51,0.23474907970914027
episode_000443,3,1,True,0.382837874957777,0.05435866327523972,0.026,3,0.51,0.23474907970914027
episode_000443,3,2,True,0.5803951980097383,-0.12965870536959465,0.026,13,0.51,0.23474907970914027
episode_000444,1,0,True,0.3697139296097336,-0.2816073696201499,0.026,0,0.51,0.14442681188850717
episode_000445,3,0,True,0.5026973288187111,-0.059570295146090704,0.026,8,0.51,0.15245647522982533
episode_000445,3,1,True,0.40145627235876785,-0.1857819101231528,0.026,1,0.51,0.15245647522982533
episode_000445,3,2,True,0.5354432835003746,-0.19097744725104268,0.026,13,0.51,0.15245647522982533
episode_000446,1,0,True,0.4388823944876618,-0.15767090347940177,0.026,1,0.51,0.22811565469791645
episode_000447,2,0,False,0.6104346242074471,-0.08387086170474589,0.026,20,0.51,0.23474907970914027
episode_000447,2,1,False,0.445354697328477,0.05901029897299369,0.026,9,0.51,0.23474907970914027
episode_000448,1,0,True,0.5439035263697607,-0.16999822648352494,0.026,13,0.51,0.14442681188850717
episode_000449,3,0,False,0.5030576588629372,-0.19913708245223474,0.026,7,0.51,0.15245647522982533
episode_000449,3,1,False,0.37690664951471853,-0.1464890835662067,0.026,1,0.51,0.15245647522982533
episode_000449,3,2,False,0.6333196878351337,-0.24564523893540552,0.026,18,0.51,0.15245647522982533
episode_000450,2,0,False,0.6001428890227796,0.02711782260022282,0.026,21,0.51,0.22811565469791645
episode_000450,2,1,False,0.4914803992469756,-0.23437703592986353,0.026,6,0.51,0.22811565469791645
episode_000451,1,0,True,0.5673868821158384,0.1432730096635902,0.026,16,0.51,-0.16195132179696115
episode_000452,3,0,True,0.4500850576907413,0.012129488140840864,0.026,9,0.51,0.18816192119132372
episode_000452,3,1,True,0.4208710927880535,-0.1688412350178649,0.026,1,0.51,0.18816192119132372
episode_000452,3,2,True,0.5818710122010112,-0.09509915271732537,0.026,14,0.51,0.18816192119132372
episode_000453,3,0,False,0.42341263582271654,-0.14779367982799121,0.026,1,0.51,0.2133814230366042
episode_000453,3,1,False,0.5336915002916129,-0.2874861606579119,0.026,12,0.51,0.2133814230366042
episode_000453,3,2,False,0.6015238910469058,0.004077768775308448,0.026,21,0.51,0.2133814230366042
episode_000454,2,0,True,0.528287617415855,0.25065344172726234,0.026,17,0.51,-0.22644713550184437
episode_000454,2,1,True,0.4390647758657441,-0.050693636949708076,0.026,2,0.51,-0.22644713550184437
episode_000455,3,0,True,0.4411349296277154,0.19120741481103304,0.026,4,0.51,-0.16195132179696115
episode_000455,3,1,True,0.5678211628880012,0.16198589124247856,0.026,16,0.51,-0.16195132179696115
episode_000455,3,2,True,0.660599261595674,0.012386478099446046,0.026,21,0.51,-0.16195132179696115
episode_000456,2,0,True,0.5795116404756292,0.004957615385681498,0.026,15,0.51,0.18816192119132372
episode_000456,2,1,True,0.3866920374068114,-0.013553364146788024,0.026,2,0.51,0.18816192119132372
episode_000457,2,0,True,0.5366170862617835,-0.2589586174616961,0.026,12,0.51,0.2133814230366042
episode_000457,2,1,True,0.4025759440712439,0.0329388402625164,0.026,3,0.51,0.2133814230366042
episode_000458,3,0,True,0.4315756627730016,-0.04503792877695486,0.026,2,0.51,-0.22644713550184437
episode_000458,3,1,True,0.5556791362351883,0.1649474378584191,0.026,16,0.51,-0.22644713550184437
episode_000458,3,2,True,0.5931937995896208,0.2853580571877776,0.026,23,0.51,-0.22644713550184437
episode_000459,2,0,True,0.5718718826103524,0.15659913506764805,0.026,16,0.51,-0.16195132179696115
episode_000459,2,1,True,0.43056344069483987,0.24980858604106929,0.026,5,0.51,-0.16195132179696115
episode_000460,3,0,True,0.40317218150620865,-0.029296266414105557,0.026,2,0.51,0.18816192119132372
episode_000460,3,1,True,0.5703059547603342,0.010514497665123138,0.026,15,0.51,0.18816192119132372
episode_000460,3,2,True,0.641240051490672,-0.14061441620163112,0.026,19,0.51,0.18816192119132372
episode_000461,3,0,False,0.4008538504812058,0.03737038690287656,0.026,3,0.51,0.2133814230366042
episode_000461,3,1,False,0.5205112782555091,-0.10403481228636376,0.026,13,0.51,0.2133814230366042
episode_000461,3,2,False,0.6075590657906973,-0.2540475795126697,0.026,18,0.51,0.2133814230366042
episode_000462,3,0,True,0.4164949608763479,0.03516230452273423,0.026,3,0.51,-0.22644713550184437
episode_000462,3,1,True,0.5649486773629093,-0.04016472908894066,0.026,14,0.51,-0.22644713550184437
episode_000462,3,2,True,0.6102496692823534,0.12676749466801715,0.026,22,0.51,-0.22644713550184437
episode_000463,2,0,True,0.5720558212877201,0.14244242518981962,0.026,16,0.51,-0.16195132179696115
episode_000463,2,1,True,0.41941716414904817,0.016722921263432573,0.026,3,0.51,-0.16195132179696115
episode_000464,1,0,True,0.5658838595833071,0.015762534912757784,0.026,15,0.51,0.18816192119132372
episode_000465,1,0,True,0.5832253880892445,0.02620719565435837,0.026,15,0.51,0.2133814230366042
episode_000466,2,0,True,0.5291526400796452,0.15706373389133266,0.026,16,0.51,-0.22644713550184437
episode_000466,2,1,True,0.3767698165756441,-0.04363013057918791,0.026,2,0.51,-0.22644713550184437
episode_000467,2,0,True,0.4860527269786036,0.2357299585604153,0.026,11,0.51,-0.16195132179696115
episode_000467,2,1,True,0.59633102437837,0.10640382068584178,0.026,22,0.51,-0.16195132179696115
episode_000468,3,0,True,0.5272555896990702,-0.17182047333884495,0.026,13,0.51,0.18816192119132372
episode_000468,3,1,True,0.6458550363752897,-0.20405571628261338,0.026,18,0.51,0.18816192119132372
episode_000468,3,2,True,0.49876907924956493,0.019812850403751404,0.026,9,0.51,0.18816192119132372
episode_000469,1,0,True,0.5307486199715246,-0.27701440601304866,0.026,12,0.51,0.2133814230366042
episode_000470,1,0,False,0.5674711369784348,0.2519255603641667,0.026,17,0.51,-0.22644713550184437
episode_000471,3,0,True,0.5265330344135151,0.12052596538985477,0.026,16,0.51,-0.16195132179696115
episode_000471,3,1,True,0.657695967540787,0.1281250393902433,0.026,22,0.51,-0.16195132179696115
episode_000471,3,2,True,0.37603216081834046,0.08283842326124248,0.026,3,0.51,-0.16195132179696115
episode_000472,1,0,True,0.6421730608768832,-0.12033477010801873,0.026,19,0.51,0.18816192119132372
episode_000473,3,0,False,0.547070421063883,-0.22463531663078856,0.026,12,0.51,0.2133814230366042
episode_000473,3,1,False,0.653752836845447,0.023208376581561496,0.026,21,0.51,0.2133814230366042
episode_000473,3,2,False,0.3739944503566228,-0.15922972146547393,0.026,1,0.51,0.2133814230366042
episode_000474,1,0,True,0.6581276284189657,-0.026489114288803906,0.026,20,0.51,-0.22644713550184437
episode_000475,2,0,True,0.49612207967076866,0.07968776396859613,0.026,9,0.51,-0.16195132179696115
episode_000475,2,1,True,0.641766582471951,0.17071381183756335,0.026,22,0.51,-0.16195132179696115
episode_000476,2,0,True,0.4546548174853393,-0.20534197807047103,0.026,6,0.51,0.18816192119132372
episode_000476,2,1,True,0.6084700688687162,0.005629716631147396,0.026,21,0.51,0.18816192119132372
episode_000477,2,0,True,0.48030057532053394,-0.10565531465594856,0.026,7,0.51,0.2133814230366042
episode_000477,2,1,True,0.6233782997760806,0.012679088338112569,0.026,21,0.51,0.2133814230366042
episode_000478,3,0,True,0.553634332811535,-0.03187453851312222,0.026,14,0.51,-0.22644713550184437
episode_000478,3,1,True,0.5999642228134524,0.0940313140596226,0.026,21,0.51,-0.22644713550184437
episode_000478,3,2,True,0.38338334159653836,-0.003493163093085852,0.026,2,0.51,-0.22644713550184437
episode_000479,1,0,True,0.605571699140367,0.17538708334267628,0.026,22,0.51,-0.16195132179696115
episode_000480,2,0,True,0.47300289881459495,-0.06979325922037269,0.026,8,0.51,0.18816192119132372
episode_000480,2,1,True,0.5964972595874558,0.00879558624103509,0.026,21,0.51,0.18816192119132372
episode_000481,3,0,True,0.5811006817864129,0.028297444368171724,0.026,15,0.51,0.2133814230366042
episode_000481,3,1,True,0.6344852095146701,-0.15877609077036797,0.026,19,0.51,0.2133814230366042
episode_000481,3,2,True,0.49875706246545765,-0.2963151310778078,0.026,6,0.51,0.2133814230366042
episode_000482,2,0,False,0.4800199783968636,0.20116957703917865,0.026,10,0.51,-0.22644713550184437
episode_000482,2,1,False,0.594401984980562,-0.018351766393918806,0.026,20,0.51,-0.22644713550184437
episode_000483,3,0,False,0.5317075526540455,0.043600395056303476,0.026,15,0.51,-0.16195132179696115
episode_000483,3,1,False,0.6596951220908824,0.10703251049534401,0.026,22,0.51,-0.16195132179696115
episode_000483,3,2,False,0.45711359771783033,0.1892336170235851,0.026,10,0.51,-0.16195132179696115
episode_000484,1,0,True,0.657656527897613,0.010333908137023198,0.026,21,0.51,0.18816192119132372
episode_000485,3,0,False,0.5865355546353411,-0.12217751496306554,0.026,19,0.51,0.2133814230366042
episode_000485,3,1,False,0.4728107049692929,-0.26883269799711496,0.026,6,0.51,0.2133814230366042
episode_000485,3,2,False,0.39205578661099566,0.014555492660390995,0.026,3,0.51,0.2133814230366042
episode_000486,3,0,True,0.5903173887877258,-0.018770775991972494,0.026,20,0.51,-0.22644713550184437
episode_000486,3,1,True,0.45358099034860516,-0.005139810237517667,0.026,8,0.51,-0.22644713550184437
episode_000486,3,2,True,0.41271982871971297,0.28966824035918487,0.026,5,0.51,-0.22644713550184437
episode_000487,3,0,True,0.645316671632218,0.15278069344146417,0.026,22,0.51,-0.16195132179696115
episode_000487,3,1,True,0.4718675195662698,0.1028025798834616,0.026,10,0.51,-0.16195132179696115
episode_000487,3,2,True,0.39073749827505694,0.26896471295067276,0.026,5,0.51,-0.16195132179696115
episode_000488,2,0,True,0.43195613679546446,0.0020206130576683407,0.026,3,0.51,0.18816192119132372
episode_000488,2,1,True,0.5331349439804594,-0.1676122850457408,0.026,13,0.51,0.18816192119132372
episode_000489,2,0,True,0.4366756858570956,0.0291123253775821,0.026,3,0.51,0.2133814230366042
episode_000489,2,1,True,0.5790807142910859,-0.07659637074896786,0.026,14,0.51,0.2133814230366042
episode_000490,1,0,False,0.5955592154889978,0.2592666958303264,0.026,23,0.51,-0.22644713550184437
episode_000491,3,0,True,0.5876924839333539,0.19619776757549534,0.026,22,0.51,-0.16195132179696115
episode_000491,3,1,True,0.4720931261413133,0.03995053736954057,0.026,9,0.51,-0.16195132179696115
episode_000491,3,2,True,0.4111157993228415,0.16942601525419484,0.026,4,0.51,-0.16195132179696115
episode_000492,1,0,True,0.6597080941104851,-0.10127067872983594,0.026,19,0.51,0.18816192119132372
episode_000493,2,0,True,0.39278760568586024,-0.21752076524784708,0.026,0,0.51,0.2133814230366042
episode_000493,2,1,True,0.5324986811054268,0.01301801214334639,0.026,15,0.51,0.2133814230366042
episode_000494,1,0,True,0.4844476514852288,-0.031498177154863805,0.026,8,0.51,-0.22644713550184437
episode_000495,3,0,True,0.5962357185976042,0.14440674627761887,0.026,22,0.51,-0.16195132179696115
episode_000495,3,1,True,0.4478161524790793,0.23270420130653605,0.026,11,0.51,-0.16195132179696115
episode_000495,3,2,True,0.4135783521894645,0.11015441176099523,0.026,4,0.51,-0.16195132179696115
episode_000496,1,0,True,0.46625856380571257,-0.08973246098332699,0.026,8,0.51,0.18816192119132372
episode_000497,3,0,False,0.6251702307295954,0.03780649881700427,0.026,21,0.51,0.2133814230366042
episode_000497,3,1,False,0.4686581505225056,-0.18373803308418352,0.026,7,0.51,0.2133814230366042
episode_000497,3,2,False,0.40133844615248876,-0.05031489849674659,0.026,2,0.51,0.2133814230366042
episode_000498,1,0,True,0.469206064554837,0.1626299047166022,0.026,10,0.51,-0.22644713550184437
episode_000499,1,0,True,0.4815633564527409,0.03188710529557758,0.026,9,0.51,-0.16195132179696115
episode_000500,3,0,True,0.4435738186066818,-0.1709657079863693,0.026,7,0.51,0.18816192119132372
episode_000500,3,1,True,0.4066403973806163,-0.2969905891665676,0.026,0,0.51,0.18816192119132372
episode_000500,3,2,True,0.5653598233562314,0.012268132241206653,0.026,15,0.51,0.18816192119132372
episode_000501,3,0,True,0.4831393290271244,-0.15531763710686566,0.026,7,0.51,0.2133814230366042
episode_000501,3,1,True,0.4201052667136512,-0.031027257774533898,0.026,2,0.51,0.2133814230366042
episode_000501,3,2,True,0.5565653667339197,0.02019622996556478,0.026,15,0.51,0.2133814230366042
episode_000502,1,0,True,0.4881281671232788,0.291872447138767,0.026,11,0.51,-0.22644713550184437
episode_000503,2,0,True,0.3954749862215596,0.13821186759585188,0.026,4,0.51,-0.16195132179696115
episode_000503,2,1,True,0.533365975845345,0.27686621546096446,0.026,17,0.51,-0.16195132179696115
episode_000504,3,0,True,0.47206301374565995,-0.2557275060784243,0.026,6,0.51,0.18816192119132372
episode_000504,3,1,True,0.4130883202947916,0.005104151616910321,0.026,3,0.51,0.18816192119132372
episode_000504,3,2,True,0.5606531402502656,-0.11767726727743258,0.026,13,0.51,0.18816192119132372
episode_000505,3,0,True,0.4479066748149187,-0.09874717349519871,0.026,8,0.51,0.2133814230366042
episode_000505,3,1,True,0.3892094771558705,0.032485446638141416,0.026,3,0.51,0.2133814230366042
episode_000505,3,2,True,0.5856923257439772,-0.10749383786860713,0.026,13,0.51,0.2133814230366042
episode_000506,3,0,True,0.4857867875874785,0.13458700890207292,0.026,10,0.51,-0.22644713550184437
episode_000506,3,1,True,0.38815691876919145,0.28315105595581136,0.026,5,0.51,-0.22644713550184437
episode_000506,3,2,True,0.5461733092497846,-0.03557232975300012,0.026,14,0.51,-0.22644713550184437
episode_000507,1,0,True,0.501249638039786,0.2645486542074171,0.026,11,0.51,-0.16195132179696115
episode_000508,3,0,False,0.46193952640631136,0.01364167748529864,0.026,9,0.51,0.18816192119132372
episode_000508,3,1,False,0.37894504954321157,-0.12616216219705045,0.026,1,0.51,0.18816192119132372
episode_000508,3,2,False,0.5855168465738712,-0.07436784553370299,0.026,14,0.51,0.18816192119132372
episode_000509,3,0,True,0.3754169337642425,-0.1804348411674319,0.026,1,0.51,0.2133814230366042
episode_000509,3,1,True,0.515633005707056,-0.29607117492720025,0.026,12,0.51,0.2133814230366042
episode_000509,3,2,True,0.6368609545325637,0.01225611602019661,0.026,21,0.51,0.2133814230366042
episode_000510,2,0,True,0.4217842180710231,-0.047778738385027004,0.026,2,0.51,-0.22644713550184437
episode_000510,2,1,True,0.5287860471284913,0.08658717898527257,0.026,15,0.51,-0.22644713550184437
episode_000511,2,0,True,0.42786091736124615,0.13346786448770634,0.026,4,0.51,-0.16195132179696115
episode_000511,2,1,True,0.5823254195956428,0.14028506453390693,0.026,16,0.51,-0.16195132179696115
episode_000512,2,0,True,0.5969186799683179,0.0011677144506824198,0.026,21,0.51,0.18816192119132372
episode_000512,2,1,True,0.5043338849266026,-0.17501270431153848,0.026,7,0.51,0.18816192119132372
episode_000513,2,0,True,0.6405302490907563,0.007962356941110357,0.026,21,0.51,0.2133814230366042
episode_000513,2,1,True,0.47096218671333634,-0.02864521760968672,0.026,8,0.51,0.2133814230366042
episode_000514,2,0,True,0.6097949726491673,-0.030697418809225344,0.026,20,0.51,-0.22644713550184437
episode_000514,2,1,True,0.4886145720674551,0.15197813480595593,0.026,10,0.51,-0.22644713550184437
episode_000515,1,0,True,0.3761238762545667,0.17763928612488658,0.026,4,0.51,-0.16195132179696115
episode_000516,1,0,True,0.4246387772720404,-0.08816999306073818,0.026,2,0.51,0.18816192119132372
episode_000517,3,0,False,0.44031889190332596,-0.13995246572232914,0.026,1,0.51,0.2133814230366042
episode_000517,3,1,False,0.5836069851727159,-0.015673157070191915,0.026,14,0.51,0.2133814230366042
episode_000517,3,2,False,0.4525241179609382,0.015085509094557041,0.026,9,0.51,0.2133814230366042
episode_000518,2,0,True,0.6498422600013658,-0.0034522158254073204,0.026,20,0.51,-0.22644713550184437
episode_000518,2,1,True,0.5104907666561888,0.2925345019536377,0.026,11,0.51,-0.22644713550184437
episode_000519,1,0,True,0.42208137863805645,0.1135049598955283,0.026,4,0.51,-0.16195132179696115
episode_000520,3,0,True,0.4200177373838982,-0.2201595354077123,0.026,0,0.51,0.18816192119132372
episode_000520,3,1,True,0.5816010332372027,0.0006187648635092286,0.026,15,0.51,0.18816192119132372
episode_000520,3,2,True,0.6262571139007168,-0.1251453641399255,0.026,19,0.51,0.18816192119132372
episode_000521,1,0,True,0.4415164262912826,0.002285717673519984,0.026,3,0.51,0.2133814230366042
episode_000522,2,0,True,0.6277629247447915,-0.010156653394422954,0.026,20,0.51,-0.22644713550184437
episode_000522,2,1,True,0.4547179589942831,0.031348128490917004,0.026,9,0.51,-0.22644713550184437
episode_000523,2,0,True,0.6114770522998857,0.13196246977496104,0.026,22,0.51,-0.16195132179696115
episode_000523,2,1,True,0.48398581183425743,0.15741203533032733,0.026,10,0.51,-0.16195132179696115
episode_000524,2,0,True,0.5672772346957831,0.01437322628538711,0.026,15,0.51,0.18816192119132372
episode_000524,2,1,True,0.42647967346678917,-0.10716169720443328,0.026,1,0.51,0.18816192119132372
episode_000525,3,0,True,0.4106367471597982,-0.061532928936291045,0.026,2,0.51,0.2133814230366042
episode_000525,3,1,True,0.5711302771844575,0.033754956569383675,0.026,15,0.51,0.2133814230366042
episode_000525,3,2,True,0.6382765189195259,-0.11305059972729681,0.026,19,0.51,0.2133814230366042
episode_000526,1,0,False,0.4262926834171191,0.26805191451713445,0.026,5,0.51,-0.14823313619896628
episode_000527,3,0,False,0.4032223583725905,0.02291887211876199,0.026,3,0.51,0.24542926428138684
episode_000527,3,1,False,0.5235907743319895,-0.15849097434774762,0.026,13,0.51,0.24542926428138684
episode_000527,3,2,False,0.5942904845561509,-0.29412116454185894,0.026,18,0.51,0.24542926428138684
episode_000528,3,0,False,0.4163555768983319,0.054718643120022295,0.026,3,0.51,0.2293102932008404
episode_000528,3,1,False,0.5730897920654682,-0.16769824140055814,0.026,13,0.51,0.2293102932008404
episode_000528,3,2,False,0.6136955565588645,-0.04112137823986335,0.026,20,0.51,0.2293102932008404
episode_000529,1,0,True,0.40014978209827984,0.20991108639640593,0.026,5,0.51,-0.18372097550675306
episode_000530,3,0,False,0.560168317427844,0.28467621478567096,0.026,17,0.51,-0.14823313619896628
episode_000530,3,1,False,0.6089167891498537,0.12442353865244316,0.026,22,0.51,-0.14823313619896628
episode_000530,3,2,False,0.47475183358319023,0.15798065051879684,0.026,10,0.51,-0.14823313619896628
episode_000531,3,0,True,0.5547519359042011,-0.1588413967131543,0.026,13,0.51,0.24542926428138684
episode_000531,3,1,True,0.6552903982948802,-0.009311741194416773,0.026,20,0.51,0.24542926428138684
episode_000531,3,2,True,0.4807744530542027,0.06353566617480086,0.026,9,0.51,0.24542926428138684
episode_000532,2,0,True,0.5728210673074595,0.04922764265638226,0.026,15,0.51,0.2293102932008404
episode_000532,2,1,True,0.41537332824463924,-0.027701519444898043,0.026,2,0.51,0.2293102932008404
episode_000533,3,0,True,0.5233034853841043,-0.014738946267187553,0.026,14,0.51,-0.18372097550675306
episode_000533,3,1,True,0.6271427120013489,0.13857596375066927,0.026,22,0.51,-0.18372097550675306
episode_000533,3,2,True,0.51371925878222,0.2820887653689148,0.026,11,0.51,-0.18372097550675306
episode_000534,3,0,True,0.5257002469572111,0.13762074806487035,0.026,16,0.51,-0.14823313619896628
episode_000534,3,1,True,0.6541924500090157,0.06361741915528792,0.026,21,0.51,-0.14823313619896628
episode_000534,3,2,True,0.36876336627814055,0.154388782290666,0.026,4,0.51,-0.14823313619896628
episode_000535,3,0,False,0.5530227893302566,0.0015251640203847224,0.026,15,0.51,0.24542926428138684
episode_000535,3,1,False,0.6171738406472355,-0.14511268678887201,0.026,19,0.51,0.24542926428138684
episode_000535,3,2,False,0.45893369992608296,-0.21662216497558995,0.026,6,0.51,0.24542926428138684
episode_000536,3,0,True,0.5737380100794365,0.03382953417233409,0.026,15,0.51,0.2293102932008404
episode_000536,3,1,True,0.619635613514263,-0.18738350328770803,0.026,19,0.51,0.2293102932008404
episode_000536,3,2,True,0.44893569111321324,-0.07663978262793214,0.026,8,0.51,0.2293102932008404
episode_000537,1,0,True,0.5361934791132132,-0.002576385421726904,0.026,14,0.51,-0.18372097550675306
episode_000538,1,0,True,0.5284612698319298,0.18743115729898646,0.026,16,0.51,-0.14823313619896628
episode_000539,1,0,True,0.5636669765287582,0.069671958032688,0.026,15,0.51,0.24542926428138684
episode_000540,2,0,True,0.5164242065514173,-0.2948477472668469,0.026,12,0.51,0.2293102932008404
episode_000540,2,1,True,0.4104287748402218,0.011969188591080612,0.026,3,0.51,0.2293102932008404
episode_000541,3,0,True,0.6356057139602711,0.21927399715429402,0.026,23,0.51,-0.18372097550675306
episode_000541,3,1,True,0.47493400649593437,-0.005857052443825242,0.026,8,0.51,-0.18372097550675306
episode_000541,3,2,True,0.3843858323562378,0.17534692828520093,0.026,4,0.51,-0.18372097550675306
episode_000542,1,0,True,0.5508035332339887,0.06140140983499774,0.026,15,0.51,-0.14823313619896628
episode_000543,3,0,True,0.6009297048869764,-0.18350358920611445,0.026,19,0.51,0.24542926428138684
episode_000543,3,1,True,0.45239732241879577,-0.028850075100196826,0.026,8,0.51,0.24542926428138684
episode_000543,3,2,True,0.5809742998821529,0.03850298579019361,0.026,15,0.51,0.24542926428138684
episode_000544,3,0,True,0.6195627227919541,-0.2401163204794488,0.026,18,0.51,0.2293102932008404
episode_000544,3,1,True,0.5113707338973852,0.03518124244289914,0.026,9,0.51,0.2293102932008404
episode_000544,3,2,True,0.41870462455138935,-0.1495600638738247,0.026,1,0.51,0.2293102932008404
episode_000545,3,0,False,0.5992428442591525,-0.008336913071298843,0.026,20,0.51,-0.18372097550675306
episode_000545,3,1,False,0.47217655326579583,0.02819106569633016,0.026,9,0.51,-0.18372097550675306
episode_000545,3,2,False,0.42909427458085037,0.1467300726814431,0.026,4,0.51,-0.18372097550675306
episode_000546,1,0,True,0.54639632929503,0.25175476655036744,0.026,17,0.51,-0.14823313619896628
episode_000547,3,0,True,0.6416304558796129,0.02708323366086922,0.026,21,0.51,0.24542926428138684
episode_000547,3,1,True,0.4511206144535273,-0.13487930848338206,0.026,7,0.51,0.24542926428138684
episode_000547,3,2,True,0.3752000267991535,-0.2988276536603383,0.026,0,0.51,0.24542926428138684
episode_000548,3,0,False,0.616674219061267,0.052838922325241774,0.026,21,0.51,0.2293102932008404
episode_000548,3,1,False,0.49831764463137346,-0.14117196356406617,0.026,7,0.51,0.2293102932008404
episode_000548,3,2,False,0.4253194849440776,-0.011904627599762518,0.026,2,0.51,0.2293102932008404
episode_000549,1,0,True,0.541568108644828,0.28636022867916455,0.026,17,0.51,-0.18372097550675306
episode_000550,1,0,True,0.6045072852900065,0.1355960210733283,0.026,22,0.51,-0.14823313619896628
episode_000551,2,0,False,0.5381932421993798,-0.16050336114325092,0.026,13,0.51,0.24542926428138684
episode_000551,2,1,False,0.3833656348249308,0.03250108079097279,0.026,3,0.51,0.24542926428138684
episode_000552,3,0,False,0.4984512930467727,-0.10733772629750059,0.026,7,0.51,0.2293102932008404
episode_000552,3,1,False,0.4331594101755276,-0.2814937821973835,0.026,0,0.51,0.2293102932008404
episode_000552,3,2,False,0.5209865626497486,0.043395606888359306,0.026,15,0.51,0.2293102932008404
episode_000553,1,0,True,0.6522032776573006,-0.011672493312196885,0.026,20,0.51,-0.18372097550675306
episode_000554,2,0,True,0.5813133234552391,0.15196278494933002,0.026,16,0.51,-0.14823313619896628
episode_000554,2,1,True,0.43216980164987967,0.08748985617718386,0.026,3,0.51,-0.14823313619896628
episode_000555,2,0,True,0.5647930106187257,0.007949544797972448,0.026,15,0.51,0.24542926428138684
episode_000555,2,1,True,0.3855149234649974,-0.2524377086650017,0.026,0,0.51,0.24542926428138684
episode_000556,2,0,True,0.4926738620938541,0.015623395048876181,0.026,9,0.51,0.2293102932008404
episode_000556,2,1,True,0.6302753096476824,-0.14601241833627393,0.026,19,0.51,0.2293102932008404
episode_000557,3,0,True,0.49249668133998337,-0.0010461904688800622,0.026,8,0.51,-0.18372097550675306
episode_000557,3,1,True,0.37253737682329685,-0.0052631351435570295,0.026,2,0.51,-0.18372097550675306
episode_000557,3,2,True,0.6172538759964228,0.07135897915702959,0.026,21,0.51,-0.18372097550675306
episode_000558,2,0,False,0.47019224414544025,0.09336537096798492,0.026,9,0.51,-0.14823313619896628
episode_000558,2,1,False,0.6537629129579384,0.15200953511495957,0.026,22,0.51,-0.14823313619896628
episode_000559,3,0,True,0.4490529056709277,-0.23989543774106908,0.026,6,0.51,0.24542926428138684
episode_000559,3,1,True,0.37127784978102407,0.00823301576834192,0.026,3,0.51,0.24542926428138684
episode_000559,3,2,True,0.5602286956210752,-0.10561899956856106,0.026,13,0.51,0.24542926428138684
episode_000560,3,0,True,0.4705517389829943,-0.07383291194505809,0.026,8,0.51,0.2293102932008404
episode_000560,3,1,True,0.42529483623744285,0.05077791636779494,0.026,3,0.51,0.2293102932008404
episode_000560,3,2,True,0.5550397743323331,-0.19496492987817107,0.026,13,0.51,0.2293102932008404
episode_000561,2,0,True,0.5049211457176589,-0.006825413464731853,0.026,8,0.51,-0.18372097550675306
episode_000561,2,1,True,0.6575952359369838,0.10855066235082296,0.026,22,0.51,-0.18372097550675306
episode_000562,1,0,True,0.6450714252738756,0.18414804755363878,0.026,22,0.51,-0.14823313619896628
episode_000563,1,0,True,0.6093716446785806,0.010403566840084517,0.026,21,0.51,0.24542926428138684
episode_000564,2,0,True,0.4497422879603315,-0.11723173048801537,0.026,7,0.51,0.2293102932008404
episode_000564,2,1,True,0.6160469025077211,0.03172663223381091,0.026,21,0.51,0.2293102932008404
episode_000565,2,0,False,0.5037228346718668,-0.00653015217204031,0.026,8,0.51,-0.18372097550675306
episode_000565,2,1,False,0.650359299276198,0.05726744704292388,0.026,21,0.51,-0.18372097550675306
episode_000566,2,0,False,0.46264003187554087,0.13889352740357397,0.026,10,0.51,-0.14823313619896628
episode_000566,2,1,False,0.5938433301048139,0.17677561247748103,0.026,22,0.51,-0.14823313619896628
episode_000567,1,0,True,0.5916847191538034,-0.25958134081470247,0.026,18,0.51,0.24542926428138684
episode_000568,1,0,True,0.5986983293353267,-0.13291377172531743,0.026,19,0.51,0.2293102932008404
episode_000569,3,0,True,0.4682294186380966,0.13842493749285273,0.026,10,0.51,-0.18372097550675306
episode_000569,3,1,True,0.40526310250950737,0.26383467797227533,0.026,5,0.51,-0.18372097550675306
episode_000569,3,2,True,0.576289348902117,-0.0019867217933520614,0.026,14,0.51,-0.18372097550675306
episode_000570,1,0,True,0.4832622394885485,0.11707784605746699,0.026,10,0.51,-0.14823313619896628
episode_000571,3,0,True,0.4965766571579251,0.04217688717157975,0.026,9,0.51,0.24542926428138684
episode_000571,3,1,True,0.44309677477526066,-0.12229636592062532,0.026,1,0.51,0.24542926428138684
episode_000571,3,2,True,0.5815160738753336,-0.07481530339257962,0.026,14,0.51,0.24542926428138684
episode_000572,2,0,True,0.39253578025160657,0.006812192975701504,0.026,3,0.51,0.2293102932008404
episode_000572,2,1,True,0.5772394585683975,-0.13004646041040835,0.026,13,0.51,0.2293102932008404
episode_000573,3,0,True,0.44307269445699915,0.29534359243083363,0.026,5,0.51,-0.18372097550675306
episode_000573,3,1,True,0.5176255012743933,-0.0006569685715937107,0.026,14,0.51,-0.18372097550675306
episode_000573,3,2,True,0.6412178960986415,0.12405771564252142,0.026,22,0.51,-0.18372097550675306
episode_000574,2,0,True,0.4165632817313964,0.03865777968987804,0.026,3,0.51,-0.14823313619896628
episode_000574,2,1,True,0.5349697616546418,0.18474344091471948,0.026,16,0.51,-0.14823313619896628
episode_000575,1,0,True,0.46201206902704206,-0.09106350810580263,0.026,8,0.51,0.24542926428138684
episode_000576,2,0,True,0.4395806159778217,-0.25723859224457674,0.026,0,0.51,0.2293102932008404
episode_000576,2,1,True,0.5250325155720499,0.029384066543721308,0.026,15,0.51,0.2293102932008404
episode_000577,1,0,True,0.47082979441234696,0.11567369635772254,0.026,10,0.51,-0.18372097550675306
episode_000578,1,0,True,0.5079064847915338,0.03907350635944922,0.026,9,0.51,-0.14823313619896628
episode_000579,1,0,True,0.46244539642555094,-0.23119373910868066,0.026,6,0.51,0.24542926428138684
episode_000580,1,0,True,0.44526248519495876,-0.10561706884855741,0.026,7,0.51,0.2293102932008404
episode_000581,2,0,True,0.39894696082470044,-0.005896715711500758,0.026,2,0.51,-0.18372097550675306
episode_000581,2,1,True,0.5384956205594553,0.28120476159301955,0.026,17,0.51,-0.18372097550675306
episode_000582,3,0,False,0.43427904757526536,0.1830936697978253,0.026,4,0.51,-0.14823313619896628
episode_000582,3,1,False,0.5551962805442909,0.17584833461811478,0.026,16,0.51,-0.14823313619896628
episode_000582,3,2,False,0.648419904175672,0.042644998501978705,0.026,21,0.51,-0.14823313619896628
episode_000583,1,0,True,0.4193054376144234,-0.15831389397533735,0.026,1,0.51,0.24542926428138684
episode_000584,3,0,True,0.425253830204777,-0.2846607207061657,0.026,0,0.51,0.2293102932008404
episode_000584,3,1,True,0.5758677399751022,0.028640896129670308,0.026,15,0.51,0.2293102932008404
episode_000584,3,2,True,0.5985273871198206,-0.10983870725991504,0.026,19,0.51,0.2293102932008404
episode_000585,2,0,True,0.39778433924250745,-0.010105803562139914,0.026,2,0.51,-0.18372097550675306
episode_000585,2,1,True,0.5498348409564615,0.0392125803767085,0.026,15,0.51,-0.18372097550675306
episode_000586,2,0,True,0.4025870525670581,0.19508068685991123,0.026,4,0.51,-0.14823313619896628
episode_000586,2,1,True,0.5349696076000856,0.14031257933042207,0.026,16,0.51,-0.14823313619896628
episode_000587,2,0,True,0.6383115160209962,0.012461063254497074,0.026,21,0.51,0.24542926428138684
episode_000587,2,1,True,0.454230661891336,-0.10497823263463979,0.026,7,0.51,0.24542926428138684
episode_000588,2,0,True,0.649658318489649,0.042493886911803995,0.026,21,0.51,0.2293102932008404
episode_000588,2,1,True,0.4582791231780197,-0.07534247107929573,0.026,8,0.51,0.2293102932008404
episode_000589,3,0,False,0.40918848595111346,-0.015957083541775455,0.026,2,0.51,-0.18372097550675306
episode_000589,3,1,False,0.5245105145964309,0.0805188260333437,0.026,15,0.51,-0.18372097550675306
episode_000589,3,2,False,0.6440503890981669,-0.003579693494604741,0.026,20,0.51,-0.18372097550675306
episode_000590,1,0,True,0.3888011770905892,0.10985590220158135,0.026,4,0.51,-0.14823313619896628
episode_000591,1,0,True,0.39657639420184476,0.02078556554587737,0.026,3,0.51,0.24542926428138684
episode_000592,2,0,True,0.6242830757401397,-0.2176502271677137,0.026,18,0.51,0.2293102932008404
episode_000592,2,1,True,0.4658383919654513,0.03518165506935997,0.026,9,0.51,0.2293102932008404
episode_000593,3,0,True,0.3918539286788708,0.13619806735944612,0.026,4,0.51,-0.18372097550675306
episode_000593,3,1,True,0.5356509503035934,0.20614161373163936,0.026,17,0.51,-0.18372097550675306
episode_000593,3,2,True,0.6162537533555579,-0.0032800812027320853,0.026,20,0.51,-0.18372097550675306
episode_000594,3,0,True,0.4059493897957358,0.035782062211758156,0.026,3,0.51,-0.14823313619896628
episode_000594,3,1,True,0.5799930368141569,0.166598408418623,0.026,16,0.51,-0.14823313619896628
episode_000594,3,2,True,0.4453567193509038,0.1644332846031324,0.026,10,0.51,-0.14823313619896628
episode_000595,1,0,True,0.39593416237177614,0.008267110348345562,0.026,3,0.51,0.24542926428138684
episode_000596,2,0,False,0.6227435696379452,-0.14213087961677695,0.026,19,0.51,0.2293102932008404
episode_000596,2,1,False,0.5076126195460883,0.00019201559644406829,0.026,9,0.51,0.2293102932008404
episode_000597,2,0,True,0.6124042215621656,-0.006805918564652735,0.026,20,0.51,-0.18372097550675306
episode_000597,2,1,True,0.4667351284324654,0.08361197540881003,0.026,9,0.51,-0.18372097550675306
episode_000598,2,0,True,0.6332232603403515,0.13036984545078156,0.026,22,0.51,-0.14823313619896628
episode_000598,2,1,True,0.4734791003431224,0.13970094067236838,0.026,10,0.51,-0.14823313619896628
episode_000599,1,0,False,0.41907393445781427,-0.24652037999926013,0.026,0,0.51,0.24542926428138684
episode_000600,1,0,True,0.4019322823838386,-0.12941240476933052,0.026,1,0.51,0.2293102932008404
